house_id,area_sqft,bedrooms,bathrooms,age_years,year_built,condition_score,garage_cars,parking_spots,furnishing_status,location,floor_number,total_floors,price,price_per_sqft,rooms_per_bath,age_category
1,2048.0,4,3.1,39,1985,2,2,2,Fully Furnished,Suburb_B,6,5,390000.0,190.4296875,1.2903225806451613,Old
2,1731.0,5,3.6,76,1948,1,1,2,Unfurnished,Suburb_B,7,1,258900.0,149.56672443674177,1.3888888888888888,Very Old
3,2124.0,2,2.0,53,1971,1,1,1,Semi-Furnished,Greenfield,3,1,315200.0,148.39924670433146,1.0,Very Old
4,2562.0,5,3.9,75,1949,1,2,0,Fully Furnished,Southside,3,1,522600.0,203.98126463700234,1.2820512820512822,Very Old
5,1683.0,3,2.3,32,1992,2,0,1,Semi-Furnished,Downtown,6,3,540700.0,321.27153891859774,1.3043478260869565,Old
6,1683.0,3,2.9,54,1970,1,0,2,Unfurnished,Riverside,7,3,366600.0,217.825311942959,1.0344827586206897,Very Old
7,2590.0,2,1.2,8,2016,4,1,1,Fully Furnished,Southside,1,3,802900.0,310.0,1.6666666666666667,Recent
8,2184.0,2,1.3,20,2004,3,1,0,Unfurnished,OldTown,7,1,518200.0,237.27106227106228,1.5384615384615383,Moderate
9,1565.0,3,2.1,23,2001,3,2,1,Fully Furnished,Riverside,7,3,640900.0,409.52076677316296,1.4285714285714286,Moderate
10,2071.0,3,2.4,30,1994,2,0,2,Fully Furnished,Downtown,0,3,503400.0,243.07098020280057,1.25,Moderate
11,1568.0,2,1.7,87,1937,1,1,2,Fully Furnished,Lakeside,6,2,327900.0,209.11989795918367,1.1764705882352942,Very Old
12,1567.0,3,2.6,76,1948,1,1,0,Unfurnished,Downtown,0,2,310700.0,198.2769623484365,1.1538461538461537,Very Old
13,1921.0,2,2.4,7,2017,3,2,1,Semi-Furnished,Northside,0,3,587500.0,305.8302967204581,0.8333333333333334,Recent
14,843.0,3,1.7,10,2014,3,2,0,Unfurnished,OldTown,4,2,241500.0,286.47686832740214,1.7647058823529411,Recent
15,938.0,3,2.6,21,2003,3,2,0,Semi-Furnished,Greenfield,8,1,409500.0,436.56716417910445,1.1538461538461537,Moderate
16,1519.0,4,3.0,17,2007,3,1,2,Semi-Furnished,Lakeside,0,2,490200.0,322.7123107307439,1.3333333333333333,Moderate
17,1294.0,4,3.0,37,1987,2,1,0,Unfurnished,Riverside,7,2,386000.0,298.2998454404946,1.3333333333333333,Old
18,1957.0,3,2.2,82,1942,1,2,0,Semi-Furnished,Greenfield,3,1,297300.0,151.9161982626469,1.3636363636363635,Very Old
19,1346.0,3,2.1,93,1931,1,0,1,Unfurnished,Suburb_B,8,3,200000.0,148.5884101040119,1.4285714285714286,Very Old
20,1094.0,3,2.9,39,1985,2,1,1,Fully Furnished,OldTown,7,4,269500.0,246.3436928702011,1.0344827586206897,Old
21,2533.0,4,3.5,70,1954,1,2,1,Semi-Furnished,Lakeside,8,2,667700.0,263.6004737465456,1.1428571428571428,Very Old
22,1687.0,3,2.4,31,1993,1,1,0,Unfurnished,Lakeside,6,2,387700.0,229.81624184943686,1.25,Old
23,1834.0,2,2.0,12,2012,4,1,1,Unfurnished,Downtown,7,3,774600.0,422.35550708833154,1.0,Recent
24,1088.0,2,1.1,31,1993,3,1,0,Fully Furnished,Southside,0,3,252400.0,231.98529411764707,1.8181818181818181,Old
25,1528.0,3,2.0,33,1991,2,1,2,Semi-Furnished,OldTown,0,2,222300.0,145.48429319371726,1.5,Old
26,1855.0,3,1.7,52,1972,1,0,2,Semi-Furnished,Greenfield,0,3,510545.8865777724,139.29919137466308,1.7647058823529411,Very Old
27,1225.0,4,3.0,13,2011,4,2,2,Semi-Furnished,Downtown,6,3,810800.0,661.8775510204082,1.3333333333333333,Recent
28,1988.0,2,1.6,22,2002,3,1,2,Fully Furnished,Riverside,0,1,605100.0,304.37625754527164,1.25,Moderate
29,1500.0,3,2.4,21,2003,3,1,0,Fully Furnished,Riverside,0,2,516500.0,344.3333333333333,1.25,Moderate
30,1654.0,4,3.2,92,1932,1,1,0,Unfurnished,Northside,8,1,439600.0,265.77992744860944,1.25,Very Old
31,1499.0,4,2.8,26,1998,3,0,3,Unfurnished,Southside,6,5,331600.0,221.21414276184123,1.4285714285714286,Moderate
32,2726.0,3,2.6,55,1969,1,0,3,Semi-Furnished,Suburb_A,8,1,663100.0,243.25018341892883,1.1538461538461537,Very Old
33,1793.0,3,2.5,54,1970,1,1,0,Unfurnished,Riverside,0,1,244100.0,136.14054656999443,1.2,Very Old
34,1271.0,3,2.6,15,2009,3,1,0,Fully Furnished,Southside,2,2,344100.0,270.7317073170732,1.1538461538461537,Recent
35,2211.0,5,3.4,34,1990,2,1,1,Semi-Furnished,Suburb_B,0,4,426200.0,192.7634554500226,1.4705882352941178,Old
36,1190.0,2,1.7,80,1944,1,2,1,Unfurnished,Southside,0,2,170500.0,143.27731092436974,1.1764705882352942,Very Old
37,1904.0,5,3.6,28,1996,3,1,0,Unfurnished,Lakeside,0,3,519000.0,272.5840336134454,1.3888888888888888,Moderate
38,820.0,3,2.3,89,1935,1,1,0,Semi-Furnished,Greenfield,1,3,140200.0,170.97560975609755,1.3043478260869565,Very Old
39,1136.0,3,2.6,12,2012,4,1,1,Unfurnished,Lakeside,0,3,498000.0,438.38028169014086,1.1538461538461537,Recent
40,1898.0,1,1.0,4,2020,5,2,0,Semi-Furnished,Lakeside,4,4,854100.0,450.0,1.0,New
41,2169.0,3,2.1,80,1944,1,0,3,Unfurnished,Riverside,1,1,385800.0,177.86998616874135,1.4285714285714286,Very Old
42,1886.0,3,2.4,72,1952,1,2,0,Semi-Furnished,Northside,0,5,325100.0,172.37539766702014,1.25,Very Old
43,1742.0,2,1.1,98,1926,1,1,1,Unfurnished,Hillview,6,4,284200.0,163.14580941446613,1.8181818181818181,Very Old
44,1649.0,3,2.7,41,1983,2,0,2,Fully Furnished,Southside,6,5,367300.0,222.74105518496057,1.111111111111111,Old
45,1061.0,5,3.9,88,1936,1,1,0,Semi-Furnished,Hillview,7,3,332200.0,313.1008482563619,1.2820512820512822,Very Old
46,1440.0,3,2.7,68,1956,1,1,1,Semi-Furnished,Hillview,3,4,214100.0,148.68055555555554,1.111111111111111,Very Old
47,1570.0,4,3.0,71,1953,1,1,1,Semi-Furnished,Hillview,9,1,537300.0,342.22929936305735,1.3333333333333333,Very Old
48,2329.0,2,1.4,34,1990,2,1,2,Semi-Furnished,Downtown,8,2,846100.0,363.28896522112495,1.4285714285714286,Old
49,1972.0,3,2.2,22,2002,3,1,1,Unfurnished,Hillview,4,2,502500.0,254.81744421906694,1.3636363636363635,Moderate
50,918.0,2,1.9,88,1936,2,1,0,Unfurnished,Riverside,2,1,241800.0,263.39869281045753,1.0526315789473684,Very Old
51,1962.0,3,2.2,26,1998,3,1,0,Fully Furnished,Suburb_A,0,3,454200.0,231.49847094801223,1.3636363636363635,Moderate
52,1607.0,5,4.2,32,1992,2,2,0,Unfurnished,Hillview,6,1,620500.0,386.1232109520846,1.1904761904761905,Old
53,1462.0,3,2.3,26,1998,3,2,0,Fully Furnished,Downtown,4,1,650100.0,444.66484268125856,1.3043478260869565,Moderate
54,2106.0,2,1.0,34,1990,1,1,1,Semi-Furnished,Downtown,9,3,632700.0,300.4273504273504,2.0,Old
55,2315.0,3,2.2,28,1996,3,2,2,Unfurnished,Lakeside,4,5,728600.0,314.7300215982721,1.3636363636363635,Moderate
56,2266.0,3,2.0,2,2022,5,0,1,Fully Furnished,Hillview,9,3,1448400.0,639.1879964695498,1.5,New
57,1380.0,3,2.4,78,1946,1,0,3,Unfurnished,Suburb_A,8,4,200300.0,145.14492753623188,1.25,Very Old
58,1645.0,4,2.8,26,1998,3,1,1,Unfurnished,Southside,9,2,616100.0,374.5288753799392,1.4285714285714286,Moderate
59,1966.0,4,3.5,35,1989,2,1,2,Semi-Furnished,OldTown,1,4,319200.0,162.36012207527975,1.1428571428571428,Old
60,2288.0,3,2.4,8,2016,4,1,0,Semi-Furnished,Riverside,0,2,982600.0,429.458041958042,1.25,Recent
61,1560.0,3,2.3,0,2024,5,1,1,Semi-Furnished,Riverside,7,5,883600.0,566.4102564102565,1.3043478260869565,New
62,1707.0,2,1.8,14,2010,4,0,2,Unfurnished,Southside,7,1,624800.0,366.02226127709434,1.1111111111111112,Recent
63,1247.0,2,1.9,45,1979,2,0,2,Fully Furnished,Lakeside,0,4,328700.0,263.5926222935044,1.0526315789473684,Old
64,1202.0,3,2.4,5,2019,4,2,0,Semi-Furnished,Southside,6,3,575700.0,478.9517470881864,1.25,New
65,2206.0,3,2.2,83,1941,1,2,2,Fully Furnished,Riverside,4,2,520800.0,236.08340888485947,1.3636363636363635,Very Old
66,2478.0,3,1.9,12,2012,3,1,1,Fully Furnished,Lakeside,0,3,928800.0,374.818401937046,1.5789473684210527,Recent
67,1764.0,3,2.2,12,2012,3,1,0,Unfurnished,Southside,3,4,444500.0,251.984126984127,1.3636363636363635,Recent
68,2302.0,2,1.4,10,2014,4,1,1,Semi-Furnished,Suburb_B,9,4,604300.0,262.51086012163336,1.4285714285714286,Recent
69,1981.0,3,2.4,0,2024,5,1,1,Unfurnished,OldTown,3,1,851200.0,429.68197879858656,1.25,New
70,1477.0,2,1.5,58,1966,1,1,1,Semi-Furnished,Hillview,7,1,409300.0,277.11577522004063,1.3333333333333333,Very Old
71,1981.0,2,1.8,77,1947,1,1,0,Semi-Furnished,OldTown,0,1,192400.0,97.12266532054518,1.1111111111111112,Very Old
72,2569.0,4,3.0,37,1987,2,1,0,Fully Furnished,Lakeside,6,1,910200.0,354.3012845465162,1.3333333333333333,Old
73,1782.0,1,1.0,11,2013,4,0,2,Unfurnished,Greenfield,9,1,814400.0,457.0145903479237,1.0,Recent
74,2582.0,3,2.8,17,2007,3,1,1,Fully Furnished,Southside,3,3,705700.0,273.3152594887684,1.0714285714285714,Moderate
75,600.0,2,1.7,28,1996,4,2,2,Semi-Furnished,Greenfield,1,2,197000.0,328.3333333333333,1.1764705882352942,Moderate
76,2211.0,4,3.2,91,1933,1,1,0,Semi-Furnished,Hillview,5,3,432300.0,195.52238805970148,1.25,Very Old
77,1844.0,3,2.2,14,2010,4,1,2,Semi-Furnished,Southside,8,2,726300.0,393.87201735357917,1.3636363636363635,Recent
78,1650.0,2,1.4,50,1974,1,2,0,Semi-Furnished,Riverside,0,2,294700.0,178.6060606060606,1.4285714285714286,Old
79,1846.0,3,2.1,26,1998,3,0,2,Semi-Furnished,Hillview,2,1,597900.0,323.88949079089923,1.4285714285714286,Moderate
80,806.0,4,3.0,17,2007,3,1,2,Fully Furnished,Northside,0,3,375000.0,465.2605459057072,1.3333333333333333,Moderate
81,1690.0,5,4.2,27,1997,3,1,1,Semi-Furnished,Riverside,3,3,725500.0,429.2899408284024,1.1904761904761905,Moderate
82,1979.0,2,1.5,4,2020,5,1,0,Unfurnished,Hillview,3,2,1028800.0,519.8585144012127,1.3333333333333333,New
83,2539.0,4,2.8,63,1961,1,2,0,Semi-Furnished,Hillview,9,2,705500.0,277.8653012997243,1.4285714285714286,Very Old
84,1541.0,5,4.5,14,2010,4,1,1,Fully Furnished,Suburb_B,2,1,605200.0,392.7319922128488,1.1111111111111112,Recent
85,1396.0,5,4.1,49,1975,2,0,3,Semi-Furnished,Riverside,4,4,433100.0,310.243553008596,1.2195121951219514,Old
86,1549.0,3,2.0,3,2021,4,0,2,Fully Furnished,Suburb_B,8,3,701500.0,452.8728211749516,1.5,New
87,2258.0,3,2.3,91,1933,1,0,3,Fully Furnished,Suburb_B,0,3,236700.0,104.82728077945085,1.3043478260869565,Very Old
88,1964.0,3,2.4,11,2013,4,1,2,Semi-Furnished,Southside,5,1,802900.0,408.8085539714868,1.25,Recent
89,1535.0,4,3.7,78,1946,1,2,1,Semi-Furnished,Riverside,6,1,474900.0,309.38110749185665,1.081081081081081,Very Old
90,2057.0,3,2.1,65,1959,1,1,2,Fully Furnished,Riverside,1,1,438800.0,213.3203694701021,1.4285714285714286,Very Old
91,1849.0,3,2.7,94,1930,2,1,0,Semi-Furnished,Hillview,0,1,411700.0,222.66089778258518,1.111111111111111,Very Old
92,2284.0,3,2.8,28,1996,3,1,2,Unfurnished,Riverside,3,1,735000.0,321.80385288966727,1.0714285714285714,Moderate
93,1449.0,4,3.0,50,1974,1,1,0,Unfurnished,Hillview,1,1,301100.0,207.7984817115252,1.3333333333333333,Old
94,1636.0,4,3.1,22,2002,3,1,2,Unfurnished,Suburb_A,0,2,311200.0,190.2200488997555,1.2903225806451613,Moderate
95,1604.0,2,1.3,10,2014,5,1,0,Fully Furnished,Riverside,9,2,1011400.0,630.5486284289277,1.5384615384615383,Recent
96,1068.0,4,3.1,26,1998,3,1,1,Fully Furnished,Suburb_A,3,2,325700.0,304.9625468164794,1.2903225806451613,Moderate
97,1948.0,3,2.4,9,2015,4,1,1,Unfurnished,OldTown,8,2,728600.0,374.0246406570842,1.25,Recent
98,1931.0,4,3.4,96,1928,1,1,2,Fully Furnished,Northside,0,3,325100.0,168.35836354220612,1.1764705882352942,Very Old
99,1803.0,3,2.7,5,2019,4,2,1,Fully Furnished,Greenfield,9,3,762300.0,422.79534109816973,1.111111111111111,New
100,1683.0,3,2.2,35,1989,2,1,0,Semi-Furnished,Hillview,7,1,601700.0,357.51633986928107,1.3636363636363635,Old
101,1092.0,5,3.4,37,1987,2,1,1,Fully Furnished,OldTown,7,4,243500.0,222.98534798534797,1.4705882352941178,Old
102,1590.0,2,1.6,32,1992,2,1,0,Unfurnished,Riverside,1,5,336300.0,211.50943396226415,1.25,Old
103,1629.0,4,3.3,40,1984,3,0,2,Unfurnished,Southside,3,2,400300.0,245.73357888275015,1.2121212121212122,Old
104,1399.0,3,2.5,6,2018,4,1,0,Unfurnished,Suburb_A,4,1,561500.0,401.35811293781273,1.2,Recent
105,1719.0,3,2.3,33,1991,2,1,0,Unfurnished,Riverside,7,4,524300.0,305.0029086678301,1.3043478260869565,Old
106,2002.0,3,2.4,17,2007,3,0,1,Fully Furnished,Lakeside,7,5,744400.0,371.82817182817183,1.25,Moderate
107,2743.0,3,2.9,89,1935,1,2,2,Unfurnished,Northside,0,1,417300.0,152.13270142180096,1.0344827586206897,Very Old
108,1887.0,3,2.5,56,1968,1,0,1,Semi-Furnished,Lakeside,8,1,626800.0,332.1674615792263,1.2,Very Old
109,1929.0,1,1.0,94,1930,1,1,0,Semi-Furnished,Northside,9,4,329900.0,171.02125453602903,1.0,Very Old
110,1763.0,2,1.4,1,2023,5,0,3,Fully Furnished,Northside,4,2,841200.0,477.14123652864436,1.4285714285714286,New
111,1377.9611194303898,1,1.0,17,2007,3,0,1,Unfurnished,OldTown,0,5,149300.0,177.52675386444707,1.0,Moderate
112,1787.0,5,4.5,11,2013,4,2,0,Unfurnished,Lakeside,7,1,1277000.0,714.6054840514829,1.1111111111111112,Recent
113,1830.0,5,3.9,0,2024,5,2,0,Fully Furnished,Suburb_A,4,4,840500.0,459.2896174863388,1.2820512820512822,New
114,3032.0,4,3.2,14,2010,3,2,0,Fully Furnished,Lakeside,7,1,1888100.0,622.7242744063325,1.25,Recent
115,1704.0,4,3.1,41,1983,2,1,1,Fully Furnished,Downtown,7,1,881300.0,517.1948356807512,1.2903225806451613,Old
116,1951.0,3,2.7,13,2011,4,1,1,Semi-Furnished,OldTown,0,5,381500.0,195.54074833418758,1.111111111111111,Recent
117,1783.0,3,3.0,30,1994,2,1,1,Fully Furnished,Suburb_A,4,1,453200.0,254.17835109366237,1.0,Moderate
118,1216.0,4,3.3,79,1945,1,1,0,Unfurnished,Greenfield,3,1,237100.0,194.98355263157896,1.2121212121212122,Very Old
119,2371.0,5,4.0,43,1981,3,1,1,Semi-Furnished,Suburb_A,9,4,510900.0,215.47870097005483,1.25,Old
120,2176.0,3,2.4,23,2001,4,2,2,Semi-Furnished,Lakeside,0,1,814700.0,374.40257352941177,1.25,Moderate
121,2196.0,4,2.5,22,2002,4,0,1,Unfurnished,Southside,0,1,550500.0,250.6830601092896,1.6,Moderate
122,1345.0,2,1.8,27,1997,3,0,1,Semi-Furnished,Greenfield,8,2,306600.0,227.95539033457248,1.1111111111111112,Moderate
123,2501.0,5,4.0,10,2014,4,2,0,Semi-Furnished,Hillview,0,3,991500.0,396.44142343062776,1.25,Recent
124,1099.0,1,1.0,38,1986,2,1,0,Unfurnished,Lakeside,5,3,289900.0,263.7852593266606,1.0,Old
125,2093.0,3,2.2,21,2003,3,1,1,Unfurnished,Hillview,0,4,441500.0,210.94123268036313,1.3636363636363635,Moderate
126,2895.0,3,2.3,72,1952,1,0,2,Fully Furnished,Suburb_A,4,2,418200.0,144.4559585492228,1.3043478260869565,Very Old
127,1305.0,3,2.3,55,1969,2,1,1,Fully Furnished,Southside,4,2,278500.0,213.40996168582376,1.3043478260869565,Very Old
128,1517.0,2,1.9,36,1988,2,1,0,Fully Furnished,Downtown,2,2,525000.0,346.07778510217537,1.0526315789473684,Old
129,1850.0,5,3.9,21,2003,3,1,1,Semi-Furnished,Downtown,9,4,799300.0,432.05405405405406,1.2820512820512822,Moderate
130,1548.0,2,2.2,12,2012,4,1,0,Fully Furnished,OldTown,0,3,332800.0,214.98708010335918,0.9090909090909091,Recent
131,1025.0,3,2.5,59,1965,2,1,1,Semi-Furnished,Suburb_B,1,5,180100.0,175.70731707317074,1.2,Very Old
132,1834.0,2,1.2,29,1995,3,1,0,Unfurnished,Suburb_B,2,5,326500.0,178.02617230098147,1.6666666666666667,Moderate
133,1269.0,3,2.4,13,2011,4,2,0,Fully Furnished,Northside,5,2,601500.0,473.9952718676123,1.25,Recent
134,2037.0,3,2.2,11,2013,4,1,2,Semi-Furnished,Hillview,2,2,681400.0,334.5115365733922,1.3636363636363635,Recent
135,1340.0,3,1.7,9,2015,4,1,1,Semi-Furnished,Riverside,0,3,539300.0,402.46268656716416,1.7647058823529411,Recent
136,2575.0,2,2.1,59,1965,1,3,0,Semi-Furnished,Riverside,9,1,783400.0,304.2330097087379,0.9523809523809523,Very Old
137,1408.0,2,1.8,13,2011,4,1,1,Semi-Furnished,Greenfield,2,1,477400.0,339.0625,1.1111111111111112,Recent
138,1639.0,3,2.6,31,1993,2,1,1,Unfurnished,Hillview,1,4,320800.0,195.72910311165344,1.1538461538461537,Old
139,2207.0,4,3.2,27,1997,2,2,1,Fully Furnished,Suburb_A,2,2,452200.0,204.8935206162211,1.25,Moderate
140,1185.0,4,2.8,35,1989,2,1,1,Fully Furnished,Northside,0,2,316900.0,267.42616033755274,1.4285714285714286,Old
141,1914.0,2,1.5,77,1947,2,2,2,Semi-Furnished,Suburb_A,0,2,301200.0,157.36677115987462,1.3333333333333333,Very Old
142,4846.125206744534,3,2.7,75,1949,1,2,0,Semi-Furnished,OldTown,0,3,261200.0,106.43846780766096,1.111111111111111,Very Old
143,996.0,2,1.3,27,1997,3,2,0,Fully Furnished,Riverside,0,1,366100.0,367.57028112449797,1.5384615384615383,Moderate
144,1892.0,1,1.0,0,2024,5,1,0,Fully Furnished,Southside,0,3,699400.0,369.661733615222,1.0,New
145,1930.0,3,2.3,25,1999,2,2,1,Semi-Furnished,Downtown,2,2,513100.0,265.85492227979273,1.3043478260869565,Moderate
146,2191.0,3,2.4,36,1988,2,0,2,Semi-Furnished,Downtown,5,4,628100.0,286.67275216795986,1.25,Old
147,1182.0,2,1.6,33,1991,2,0,3,Unfurnished,Northside,5,2,330200.0,279.3570219966159,1.25,Old
148,1140.0,2,1.8,39,1985,2,1,1,Semi-Furnished,Riverside,0,5,322900.0,283.2456140350877,1.1111111111111112,Old
149,2061.0,1,1.0,9,2015,4,2,2,Fully Furnished,Downtown,8,2,1252900.0,607.90878214459,1.0,Recent
150,1948.0,4,3.3,39,1985,2,1,1,Semi-Furnished,Suburb_B,7,5,330500.0,169.6611909650924,1.2121212121212122,Old
151,1925.0,5,4.4,10,2014,4,1,1,Fully Furnished,Suburb_B,9,4,597000.0,310.12987012987014,1.1363636363636362,Recent
152,1973.0,2,1.1,54,1970,1,1,2,Semi-Furnished,Greenfield,1,2,246400.0,124.88596046629499,1.8181818181818181,Very Old
153,1460.0,2,1.8,20,2004,3,1,0,Semi-Furnished,Hillview,5,2,500000.0,342.4657534246575,1.1111111111111112,Moderate
154,1916.0,4,3.4,46,1978,2,1,1,Semi-Furnished,OldTown,0,2,300000.0,156.57620041753654,1.1764705882352942,Old
155,1947.0,5,3.6,2,2022,4,2,1,Unfurnished,Greenfield,7,3,805300.0,413.6106831022085,1.3888888888888888,New
156,1443.0,3,1.9,24,2000,3,2,2,Fully Furnished,Downtown,0,2,576100.0,399.23769923769925,1.5789473684210527,Moderate
157,2733.0,2,1.4,46,1978,1,1,2,Unfurnished,Suburb_B,1,2,262200.0,95.93852908891328,1.4285714285714286,Old
158,2037.0,1,1.0,13,2011,5,1,2,Unfurnished,Northside,3,3,705100.0,346.146293568974,1.0,Recent
159,1204.0,3,2.6,62,1962,1,1,2,Semi-Furnished,Riverside,4,3,286300.0,237.7906976744186,1.1538461538461537,Very Old
160,2128.0,3,2.2,38,1986,2,1,1,Fully Furnished,Suburb_B,4,1,489300.0,229.93421052631578,1.3636363636363635,Old
161,1313.0,1,1.0,35,1989,1,1,0,Fully Furnished,Lakeside,0,1,277700.0,211.5003808073115,1.0,Old
162,2194.0,3,2.2,21,2003,3,0,3,Semi-Furnished,OldTown,2,1,443300.0,202.0510483135825,1.3636363636363635,Moderate
163,2379.0,1,1.1,29,1995,3,2,1,Semi-Furnished,Downtown,8,1,1300000.0,546.448087431694,0.9090909090909091,Moderate
164,1390.0,4,3.2,36,1988,2,1,1,Fully Furnished,Suburb_A,8,2,445400.0,320.431654676259,1.25,Old
165,2282.0,3,2.3,28,1996,3,2,1,Unfurnished,Greenfield,4,4,374400.0,164.06660823838737,1.3043478260869565,Moderate
166,2006.0,1,1.0,44,1980,2,2,1,Fully Furnished,Downtown,4,2,650100.0,324.0777666999003,1.0,Old
167,2211.0,3,2.8,26,1998,3,0,1,Fully Furnished,Lakeside,0,1,578000.0,261.42017186793305,1.0714285714285714,Moderate
168,2748.0,3,2.2,12,2012,4,2,0,Fully Furnished,Southside,0,2,862600.0,313.901018922853,1.3636363636363635,Recent
169,1677.0,5,4.4,12,2012,4,2,2,Fully Furnished,OldTown,0,5,583900.0,348.18127608825284,1.1363636363636362,Recent
170,1423.0,3,2.5,0,2024,5,1,2,Unfurnished,Hillview,3,2,790200.0,555.3056921995784,1.2,New
171,1355.0,2,1.6,18,2006,3,1,1,Semi-Furnished,Suburb_B,6,5,314200.0,231.8819188191882,1.25,Moderate
172,1392.0,4,4.0,54,1970,1,1,1,Fully Furnished,Greenfield,2,1,262400.0,188.50574712643677,1.0,Very Old
173,1761.0,2,1.3,62,1962,1,1,1,Unfurnished,Suburb_B,0,1,194200.0,110.27825099375355,1.5384615384615383,Very Old
174,1971.0,5,3.9,12,2012,4,1,1,Unfurnished,Lakeside,2,3,857800.0,435.2105530187722,1.2820512820512822,Recent
175,1938.0,3,2.0,92,1932,2,0,2,Unfurnished,Greenfield,0,2,261700.0,135.03611971104232,1.5,Very Old
176,2214.0,3,2.7,30,1994,1,1,0,Unfurnished,Suburb_A,6,3,332100.0,150.0,1.111111111111111,Moderate
177,1807.0,2,2.1,84,1940,1,1,0,Semi-Furnished,Southside,0,4,219500.0,121.47205312672939,0.9523809523809523,Very Old
178,2527.0,3,2.9,46,1978,2,2,0,Semi-Furnished,Riverside,3,1,709800.0,280.88642659279776,1.0344827586206897,Old
179,1668.0,4,3.6,49,1975,2,1,0,Semi-Furnished,Suburb_A,5,3,296800.0,177.93764988009593,1.1111111111111112,Old
180,3160.0,5,3.9,4,2020,5,2,0,Fully Furnished,Greenfield,0,3,1247200.0,394.6835443037975,1.2820512820512822,New
181,2113.0,2,1.5,13,2011,4,1,1,Semi-Furnished,Suburb_B,0,4,429500.0,203.26549929010886,1.3333333333333333,Recent
182,1371.0,2,1.1,0,2024,4,0,2,Unfurnished,Northside,4,2,572700.0,417.7242888402626,1.8181818181818181,New
183,1265.0,4,3.8,48,1976,2,2,1,Semi-Furnished,Hillview,0,1,317200.0,250.7509881422925,1.0526315789473684,Old
184,2041.0,5,4.1,20,2004,3,1,2,Unfurnished,Downtown,4,2,820200.0,401.8618324350808,1.2195121951219514,Moderate
185,1688.0,2,1.5,60,1964,1,0,3,Semi-Furnished,Southside,6,5,265000.0,156.99052132701422,1.3333333333333333,Very Old
186,2157.0,3,2.8,20,2004,3,1,1,Semi-Furnished,OldTown,1,1,394800.0,183.03198887343532,1.0714285714285714,Moderate
187,2037.0,3,2.1,66,1958,1,1,1,Semi-Furnished,Greenfield,3,1,307000.0,150.71183112420226,1.4285714285714286,Very Old
188,1764.0,4,3.3,7,2017,4,0,2,Semi-Furnished,Downtown,9,2,1228000.0,696.1451247165533,1.2121212121212122,Recent
189,1377.0,2,1.5,10,2014,4,1,2,Semi-Furnished,Suburb_B,2,3,338300.0,245.679012345679,1.3333333333333333,Recent
190,1043.0,2,1.8,20,2004,3,2,2,Fully Furnished,Suburb_B,9,2,368600.0,353.4036433365292,1.1111111111111112,Moderate
191,1577.0,4,3.2,24,2000,4,2,1,Fully Furnished,Suburb_B,0,1,452700.0,287.0640456563095,1.25,Moderate
192,2228.0,2,1.2,20,2004,3,1,0,Unfurnished,Greenfield,6,3,415700.0,186.57989228007182,1.6666666666666667,Moderate
193,1907.0,3,2.4,56,1968,2,2,1,Fully Furnished,Hillview,5,1,701500.0,367.8552700576822,1.25,Very Old
194,1177.0,3,2.7,5,2019,4,1,0,Semi-Furnished,Suburb_A,8,1,693400.0,589.124893797791,1.111111111111111,New
195,1887.0,3,2.4,21,2003,3,2,0,Semi-Furnished,Lakeside,0,2,491500.0,260.4663487016428,1.25,Moderate
196,1993.0,3,2.6,70,1954,1,0,2,Semi-Furnished,Hillview,0,2,355000.0,178.12343201204214,1.1538461538461537,Very Old
197,1358.0,3,2.1,3,2021,5,1,1,Unfurnished,Suburb_A,0,2,503700.0,370.91310751104567,1.4285714285714286,New
198,1877.0,2,1.6,89,1935,1,1,1,Unfurnished,Downtown,9,1,582900.0,310.54874800213105,1.25,Very Old
199,1829.0,3,2.2,97,1927,1,1,2,Unfurnished,Riverside,2,2,349400.0,191.03335155822853,1.3636363636363635,Very Old
200,1229.0,4,3.4,5,2019,4,2,1,Semi-Furnished,Riverside,8,3,799200.0,650.2847843775427,1.1764705882352942,New
201,1979.0,4,3.2,17,2007,3,1,1,Semi-Furnished,Riverside,0,2,719700.0,363.6685194542698,1.25,Moderate
202,2080.0,2,1.8,22,2002,3,0,1,Unfurnished,Downtown,0,2,530300.0,254.95192307692307,1.1111111111111112,Moderate
203,2342.0,2,1.9,59,1965,1,1,0,Unfurnished,Suburb_B,0,1,262600.0,112.1263877028181,1.0526315789473684,Very Old
204,2327.0,2,1.8,36,1988,2,1,1,Unfurnished,Greenfield,4,1,402900.0,173.1413837559089,1.1111111111111112,Old
205,1111.0,3,2.5,38,1986,2,0,2,Unfurnished,Riverside,7,4,394600.0,355.17551755175515,1.2,Old
206,1331.0,3,2.1,55,1969,1,2,0,Fully Furnished,Suburb_A,1,2,211200.0,158.67768595041323,1.4285714285714286,Very Old
207,2058.0,3,2.4,6,2018,4,2,0,Fully Furnished,OldTown,8,2,711200.0,345.578231292517,1.25,Recent
208,2057.0,2,1.4,69,1955,1,1,1,Unfurnished,Downtown,0,4,397200.0,193.09674282936314,1.4285714285714286,Very Old
209,2058.0,1,1.0,46,1978,2,1,1,Unfurnished,Northside,5,3,349600.0,169.87366375121476,1.0,Old
210,3726.0,4,3.1,34,1990,2,0,2,Unfurnished,Lakeside,6,3,1016700.0,272.86634460547504,1.2903225806451613,Old
211,2085.0,3,2.1,79,1945,1,2,1,Fully Furnished,Suburb_A,0,3,281400.0,134.9640287769784,1.4285714285714286,Very Old
212,2368.0,2,1.0,45,1979,2,2,0,Semi-Furnished,Riverside,0,1,503100.0,212.45777027027026,2.0,Old
213,2277.0,3,2.2,11,2013,4,1,1,Semi-Furnished,Suburb_B,1,5,481400.0,211.4185331576636,1.3636363636363635,Recent
214,2126.0,2,1.7,25,1999,3,2,2,Semi-Furnished,Greenfield,0,5,399400.0,187.8645343367827,1.1764705882352942,Moderate
215,1642.0,4,2.8,29,1995,3,1,0,Semi-Furnished,Hillview,8,1,877400.0,534.3483556638246,1.4285714285714286,Moderate
216,2179.0,4,3.2,3,2021,5,1,1,Unfurnished,Northside,9,4,1050500.0,482.10188159706286,1.25,New
217,1414.0,2,2.2,91,1933,2,2,1,Fully Furnished,Riverside,6,2,480200.0,339.6039603960396,0.9090909090909091,Very Old
218,1682.0,2,1.9,7,2017,4,1,1,Semi-Furnished,Suburb_B,6,3,856049.5261925336,281.9857312722949,1.0526315789473684,Recent
219,1557.0,3,2.9,44,1980,2,1,0,Semi-Furnished,Greenfield,0,1,278100.0,178.61271676300578,1.0344827586206897,Old
220,1841.0,2,1.7,30,1994,2,1,2,Semi-Furnished,Hillview,0,2,478300.0,259.80445410103204,1.1764705882352942,Moderate
221,2957.0,3,2.8,1,2023,5,2,1,Semi-Furnished,Lakeside,7,1,2400500.0,811.8025025363544,1.0714285714285714,New
222,866.0,4,3.0,86,1938,1,1,2,Unfurnished,Southside,4,2,203500.0,234.98845265588915,1.3333333333333333,Very Old
223,2143.0,3,2.2,72,1952,1,2,0,Fully Furnished,Greenfield,5,1,435400.0,203.17312179188053,1.3636363636363635,Very Old
224,994.0,4,2.4,31,1993,2,1,1,Fully Furnished,Lakeside,7,2,411000.0,413.48088531187125,1.6666666666666667,Old
225,1564.0,3,2.8,13,2011,4,2,1,Unfurnished,Northside,2,3,523000.0,334.39897698209717,1.0714285714285714,Recent
226,2344.0,2,2.1,7,2017,4,1,0,Semi-Furnished,Riverside,0,4,919300.0,392.1928327645051,0.9523809523809523,Recent
227,1832.0,4,3.0,21,2003,3,1,0,Fully Furnished,Downtown,7,1,939600.0,512.882096069869,1.3333333333333333,Moderate
228,1261.0,3,2.3,15,2009,4,2,1,Semi-Furnished,Southside,2,4,457000.0,362.41078509119745,1.3043478260869565,Recent
229,1442.0,3,2.2,30,1994,2,1,0,Semi-Furnished,Lakeside,7,2,516800.0,358.3911234396671,1.3636363636363635,Moderate
230,2140.0,2,1.7,93,1931,1,0,1,Fully Furnished,Downtown,2,4,497700.0,232.57009345794393,1.1764705882352942,Very Old
231,1435.0,2,1.9,34,1990,3,1,0,Fully Furnished,Downtown,0,2,528700.0,368.4320557491289,1.0526315789473684,Old
232,1908.0,5,3.5,79,1945,1,1,0,Unfurnished,Downtown,0,4,396400.0,207.75681341719078,1.4285714285714286,Very Old
233,1823.0,2,1.7,39,1985,2,0,2,Semi-Furnished,Downtown,6,3,543400.0,298.08008776741633,1.1764705882352942,Old
234,1474.0,5,3.9,28,1996,3,2,0,Fully Furnished,OldTown,4,2,456000.0,309.36227951153325,1.2820512820512822,Moderate
235,2872.0,5,4.0,73,1951,1,3,2,Fully Furnished,Suburb_A,2,2,527200.0,183.56545961002786,1.25,Very Old
236,2117.0,4,3.3,28,1996,3,1,2,Semi-Furnished,Northside,3,5,564600.0,266.6981577704299,1.2121212121212122,Moderate
237,787.0,3,2.3,75,1949,1,2,1,Fully Furnished,Greenfield,4,4,172100.0,218.67852604828462,1.3043478260869565,Very Old
238,1893.0,3,2.4,17,2007,3,2,2,Unfurnished,Suburb_B,0,2,349200.0,184.46909667194927,1.25,Moderate
239,1469.0,4,3.1,7,2017,4,2,2,Semi-Furnished,Northside,1,1,615400.0,418.9244383934649,1.2903225806451613,Recent
240,3842.273736726952,2,1.9,73,1951,1,0,2,Semi-Furnished,Riverside,0,3,367600.0,165.1392632524708,1.0526315789473684,Very Old
241,1404.0,3,2.5,35,1989,2,0,2,Unfurnished,Greenfield,1,5,267700.0,190.66951566951568,1.2,Old
242,1743.0,3,2.5,79,1945,1,0,1,Semi-Furnished,Suburb_B,3,1,230100.0,132.01376936316694,1.2,Very Old
243,2052.0,3,2.0,88,1936,1,0,3,Fully Furnished,Lakeside,0,5,468500.0,228.31384015594543,1.5,Very Old
244,2233.0,3,2.3,2,2022,5,1,1,Semi-Furnished,Riverside,1,1,1346500.0,603.000447828034,1.3043478260869565,New
245,1200.0,3,2.7,30,1994,2,1,1,Semi-Furnished,Hillview,1,5,338500.0,282.0833333333333,1.111111111111111,Moderate
246,1633.0,3,2.4,22,2002,3,1,0,Semi-Furnished,Northside,0,3,407200.0,249.35701163502756,1.25,Moderate
247,1563.0,4,3.4,37,1987,3,0,2,Semi-Furnished,Lakeside,9,2,795800.0,509.14907229686503,1.1764705882352942,Old
248,1473.0,2,2.1,62,1962,1,1,1,Semi-Furnished,Downtown,0,2,398451.9608060927,141.20841819416157,0.9523809523809523,Very Old
249,2683.0,5,4.3,16,2008,3,2,0,Fully Furnished,Lakeside,5,3,1221100.0,455.1248602310846,1.1627906976744187,Moderate
250,2002.0,3,2.4,33,1991,2,2,1,Unfurnished,Lakeside,0,2,493600.0,246.55344655344655,1.25,Old
251,1170.0,4,3.0,46,1978,1,0,2,Semi-Furnished,Northside,7,5,197400.0,168.71794871794873,1.3333333333333333,Old
252,2259.0,3,1.6,7,2017,4,2,0,Semi-Furnished,OldTown,8,3,694300.0,307.34838424081454,1.875,Recent
253,2861.0,4,3.1,65,1959,1,3,0,Semi-Furnished,Lakeside,2,2,612000.0,213.9112198531982,1.2903225806451613,Very Old
254,2316.0,1,1.0,36,1988,2,2,1,Semi-Furnished,Lakeside,7,5,797758.0498088126,212.39205526770294,1.0,Old
255,1040.0,4,3.3,90,1934,1,2,1,Fully Furnished,Suburb_A,0,2,154400.0,148.46153846153845,1.2121212121212122,Very Old
256,1558.0,1,1.0,20,2004,3,2,0,Fully Furnished,Northside,0,4,484300.0,310.8472400513479,1.0,Moderate
257,2433.0,4,3.1,6,2018,4,1,0,Fully Furnished,Riverside,0,4,1087000.0,446.773530620633,1.2903225806451613,Recent
258,1446.0,5,3.5,30,1994,2,2,0,Semi-Furnished,Greenfield,1,5,336100.0,232.43430152143844,1.4285714285714286,Moderate
259,2022.0,2,1.3,4,2020,5,2,0,Semi-Furnished,Southside,1,1,929000.0,459.44609297725026,1.5384615384615383,New
260,2187.0,2,1.7,94,1930,1,2,1,Unfurnished,Hillview,1,2,369200.0,168.81572930955647,1.1764705882352942,Very Old
261,1337.0,4,3.7,2,2022,5,1,1,Semi-Furnished,Lakeside,2,2,968500.0,724.382946896036,1.081081081081081,New
262,1770.0,2,1.6,54,1970,1,1,1,Unfurnished,Lakeside,6,2,306800.0,173.33333333333334,1.25,Very Old
263,600.0,4,3.3,31,1993,2,1,2,Unfurnished,Greenfield,0,2,152700.0,254.5,1.2121212121212122,Old
264,1288.0,2,1.9,22,2002,3,1,0,Unfurnished,Suburb_A,0,4,166500.0,129.27018633540374,1.0526315789473684,Moderate
265,1674.0,2,1.4,3,2021,5,2,1,Unfurnished,Northside,3,2,647900.0,387.037037037037,1.4285714285714286,New
266,1176.0,5,4.1,37,1987,2,0,2,Semi-Furnished,Suburb_A,2,2,253600.0,215.64625850340136,1.2195121951219514,Old
267,2616.0,3,2.2,35,1989,2,0,3,Semi-Furnished,Northside,0,1,494200.0,188.914373088685,1.3636363636363635,Old
268,1085.0,4,3.5,16,2008,3,1,1,Fully Furnished,Riverside,0,1,484900.0,446.91244239631334,1.1428571428571428,Moderate
269,1580.0,3,2.4,83,1941,1,1,1,Unfurnished,Southside,3,3,243400.0,154.0506329113924,1.25,Very Old
270,1865.0,3,2.5,18,2006,2,0,1,Semi-Furnished,Southside,0,1,403400.0,216.30026809651474,1.2,Moderate
271,2521.0,3,2.2,27,1997,3,0,2,Semi-Furnished,Hillview,8,1,1198600.0,475.446251487505,1.3636363636363635,Moderate
272,1082.0,3,2.6,32,1992,2,1,1,Semi-Furnished,Downtown,0,2,346800.0,320.51756007393715,1.1538461538461537,Old
273,2382.0,3,3.0,5,2019,4,1,1,Semi-Furnished,Lakeside,0,1,2021886.0968681823,368.51385390428214,1.0,New
274,1805.0,3,2.1,87,1937,2,0,2,Semi-Furnished,Hillview,2,1,639743.9882550834,228.75346260387812,1.4285714285714286,Very Old
275,1309.0,3,2.3,22,2002,3,2,1,Semi-Furnished,Northside,9,4,442600.0,338.12070282658516,1.3043478260869565,Moderate
276,2031.0,2,1.7,4,2020,5,2,1,Unfurnished,Northside,5,4,909700.0,447.9074347612014,1.1764705882352942,New
277,1900.0,4,3.4,23,2001,3,2,1,Unfurnished,Northside,1,2,456900.0,240.47368421052633,1.1764705882352942,Moderate
278,1500.0,2,1.4,36,1988,2,0,1,Unfurnished,Suburb_B,0,2,235300.0,156.86666666666667,1.4285714285714286,Old
279,1835.0,3,1.6,30,1994,2,1,2,Unfurnished,Riverside,3,5,499700.0,272.31607629427793,1.875,Moderate
280,1607.0,2,2.0,44,1980,3,1,1,Fully Furnished,OldTown,0,1,241200.0,150.09334163036715,1.0,Old
281,1857.0,3,2.6,3,2021,5,2,1,Unfurnished,OldTown,5,2,660700.0,355.7889068389876,1.1538461538461537,New
282,2131.0,4,2.7,17,2007,2,2,0,Fully Furnished,Suburb_A,4,2,633700.0,297.3721257625528,1.4814814814814814,Moderate
283,2593.0,2,1.4,66,1958,1,1,1,Unfurnished,OldTown,0,3,244800.0,94.40802159660625,1.4285714285714286,Very Old
284,1181.0,2,2.1,4,2020,5,2,1,Fully Furnished,Greenfield,0,5,514000.0,435.22438611346314,0.9523809523809523,New
285,2867.0,2,2.0,73,1951,1,2,1,Semi-Furnished,Northside,6,2,507200.0,176.909661667248,1.0,Very Old
286,824.0,3,2.7,5,2019,4,0,1,Unfurnished,Lakeside,4,2,458400.0,556.3106796116505,1.111111111111111,New
287,1724.0,4,3.1,69,1955,1,1,1,Semi-Furnished,Suburb_A,7,3,317100.0,183.93271461716938,1.2903225806451613,Very Old
288,2094.0,1,1.0,21,2003,4,0,2,Semi-Furnished,Lakeside,0,5,642700.0,306.9245463228271,1.0,Moderate
289,1940.0,4,3.2,37,1987,2,0,1,Semi-Furnished,Suburb_A,5,4,368400.0,189.89690721649484,1.25,Old
290,1489.0,3,2.7,8,2016,4,2,0,Semi-Furnished,Lakeside,0,3,666600.0,447.68300873069177,1.111111111111111,Recent
291,1696.0,3,2.1,3,2021,5,1,1,Fully Furnished,Northside,0,4,1030400.0,607.5471698113207,1.4285714285714286,New
292,1553.0,5,3.8,12,2012,4,1,0,Semi-Furnished,Greenfield,5,1,706500.0,454.92594977462977,1.3157894736842106,Recent
293,1505.0,3,2.7,7,2017,5,2,0,Fully Furnished,Greenfield,7,2,712800.0,473.62126245847173,1.111111111111111,Recent
294,2225.0,3,2.4,18,2006,3,1,1,Semi-Furnished,Downtown,0,1,721100.0,324.08988764044943,1.25,Moderate
295,1979.0,1,1.2,31,1993,2,1,0,Fully Furnished,Northside,7,1,763900.0,386.00303183425973,0.8333333333333334,Old
296,1454.0,2,1.4,35,1989,2,0,2,Semi-Furnished,Hillview,5,3,328400.0,225.85969738651994,1.4285714285714286,Old
297,2250.0,2,1.6,61,1963,1,0,3,Semi-Furnished,Greenfield,1,4,286200.0,127.2,1.25,Very Old
298,1954.0,1,1.0,39,1985,2,0,1,Semi-Furnished,Suburb_A,8,3,335900.0,171.90378710337768,1.0,Old
299,2206.0,3,2.4,36,1988,2,0,2,Semi-Furnished,Downtown,3,3,519900.0,235.675430643699,1.25,Old
300,2115.0,3,2.0,24,2000,3,1,2,Semi-Furnished,Riverside,5,1,834300.0,394.468085106383,1.5,Moderate
301,1386.0,3,2.3,28,1996,4,1,0,Unfurnished,Northside,3,3,443400.0,319.9134199134199,1.3043478260869565,Moderate
302,1520.0,2,1.2,24,2000,2,2,2,Unfurnished,Northside,2,2,388100.0,255.32894736842104,1.6666666666666667,Moderate
303,2174.0,2,1.8,71,1953,1,2,1,Unfurnished,Suburb_B,7,3,302500.0,139.1444342226311,1.1111111111111112,Very Old
304,2105.0,3,2.6,13,2011,4,2,0,Semi-Furnished,Downtown,0,2,833600.0,396.0095011876485,1.1538461538461537,Recent
305,1790.0,5,3.5,0,2024,5,1,1,Semi-Furnished,Suburb_A,0,2,731600.0,408.7150837988827,1.4285714285714286,New
306,1859.0,2,2.0,39,1985,2,0,1,Fully Furnished,Northside,8,2,554900.0,298.49381387842925,1.0,Old
307,2439.0,4,3.9,12,2012,4,2,1,Semi-Furnished,Northside,7,2,926900.0,380.0328003280033,1.0256410256410258,Recent
308,1504.0,3,2.4,79,1945,1,1,1,Unfurnished,Downtown,1,1,329100.0,218.81648936170214,1.25,Very Old
309,2074.0,3,2.2,74,1950,1,0,3,Semi-Furnished,Northside,0,2,269600.0,129.9903567984571,1.3636363636363635,Very Old
310,1699.0,3,3.2,4,2020,5,2,1,Semi-Furnished,Downtown,5,2,1348000.0,793.4078869923485,0.9375,New
311,1691.0,2,1.2,6,2018,4,1,2,Fully Furnished,Southside,0,3,619700.0,366.4695446481372,1.6666666666666667,Recent
312,2349.0,2,1.6,29,1995,3,1,2,Fully Furnished,Riverside,2,3,693600.0,295.27458492975734,1.25,Moderate
313,2213.0,3,2.5,36,1988,3,2,1,Fully Furnished,Lakeside,0,5,725600.0,327.88070492544057,1.2,Old
314,2207.0,3,2.8,16,2008,3,2,1,Semi-Furnished,OldTown,4,3,482500.0,218.6225645672859,1.0714285714285714,Moderate
315,2453.0,5,4.1,48,1976,2,1,2,Semi-Furnished,Lakeside,0,2,626200.0,255.27924989808398,1.2195121951219514,Old
316,1811.0,3,2.3,35,1989,1,1,2,Semi-Furnished,Lakeside,5,3,800224.6857394272,215.4058531198233,1.3043478260869565,Old
317,2141.0,2,1.3,19,2005,3,1,0,Semi-Furnished,Riverside,5,2,866600.0,404.7641289117235,1.5384615384615383,Moderate
318,1645.0,4,3.1,1,2023,5,2,0,Unfurnished,Northside,3,1,844500.0,513.3738601823708,1.2903225806451613,New
319,1962.0,2,1.3,54,1970,1,0,2,Unfurnished,OldTown,0,3,199800.0,101.8348623853211,1.5384615384615383,Very Old
320,1735.0,3,2.4,12,2012,4,1,1,Unfurnished,Northside,0,1,597500.0,344.38040345821327,1.25,Recent
321,1848.0,3,2.2,69,1955,1,2,0,Semi-Furnished,Greenfield,0,1,223500.0,120.94155844155844,1.3636363636363635,Very Old
322,2098.0,5,3.6,25,1999,2,1,1,Semi-Furnished,Greenfield,2,3,468500.0,223.30791229742613,1.3888888888888888,Moderate
323,1391.0,4,3.6,34,1990,2,2,1,Unfurnished,Lakeside,5,3,384400.0,276.3479511143062,1.1111111111111112,Old
324,2846.0,3,2.3,76,1948,1,2,1,Fully Furnished,Southside,0,3,469100.0,164.82782853127196,1.3043478260869565,Very Old
325,1297.0,3,2.0,75,1949,1,1,1,Fully Furnished,Downtown,6,1,1186768.3494664046,426.67694680030843,1.5,Very Old
326,1193.0,5,3.9,22,2002,3,2,0,Semi-Furnished,Hillview,6,4,497300.0,416.848281642917,1.2820512820512822,Moderate
327,2379.0,2,1.6,12,2012,3,1,2,Semi-Furnished,Southside,2,3,588400.0,247.3308112652375,1.25,Recent
328,2196.0,1,1.0,58,1966,2,2,2,Fully Furnished,Hillview,1,4,482200.0,219.58105646630236,1.0,Very Old
329,2112.0,2,1.7,26,1998,3,2,1,Unfurnished,Southside,7,3,509400.0,241.1931818181818,1.1764705882352942,Moderate
330,2114.0,2,1.3,11,2013,4,1,2,Semi-Furnished,Riverside,7,2,1283700.0,607.2374645222327,1.5384615384615383,Recent
331,1794.0,3,2.9,82,1942,1,2,0,Semi-Furnished,Suburb_A,9,1,401200.0,223.63433667781493,1.0344827586206897,Very Old
332,1351.0,3,2.6,11,2013,4,2,1,Semi-Furnished,Downtown,1,3,712300.0,527.2390821613619,1.1538461538461537,Recent
333,1838.0,3,2.3,1,2023,5,1,0,Semi-Furnished,Suburb_B,8,3,681700.0,370.892274211099,1.3043478260869565,New
334,1461.0,1,1.0,0,2024,5,0,1,Fully Furnished,Northside,0,2,733000.0,501.71115674195755,1.0,New
335,2288.0,4,3.2,37,1987,2,0,2,Fully Furnished,Downtown,2,3,876700.0,383.1730769230769,1.25,Old
336,1726.0,3,2.6,40,1984,2,1,1,Fully Furnished,Lakeside,2,2,496300.0,287.54345307068365,1.1538461538461537,Old
337,1387.0,3,2.4,18,2006,2,2,0,Unfurnished,Southside,2,2,348600.0,251.33381398702235,1.25,Moderate
338,1639.0,3,2.3,19,2005,3,2,1,Semi-Furnished,Hillview,5,2,590900.0,360.52471018913974,1.3043478260869565,Moderate
339,2006.0,3,2.4,20,2004,3,1,0,Semi-Furnished,Northside,0,1,443700.0,221.1864406779661,1.25,Moderate
340,1518.0,2,1.4,41,1983,3,1,2,Semi-Furnished,Downtown,8,1,788300.0,519.3017127799736,1.4285714285714286,Old
341,1389.0,2,1.5,3,2021,4,1,1,Semi-Furnished,Lakeside,4,3,816500.0,587.832973362131,1.3333333333333333,New
342,1922.0,4,2.6,87,1937,1,0,3,Semi-Furnished,Downtown,8,1,671400.0,349.3236212278876,1.5384615384615383,Very Old
343,1922.0,5,4.3,13,2011,4,1,0,Fully Furnished,Suburb_A,0,1,700600.0,364.51612903225805,1.1627906976744187,Recent
344,1547.0,3,2.5,99,1925,1,1,2,Unfurnished,Suburb_A,5,5,193400.0,125.01616031027795,1.2,Very Old
345,1564.0,2,1.4,10,2014,5,1,0,Semi-Furnished,Lakeside,2,1,794800.0,508.1841432225064,1.4285714285714286,Recent
346,1916.0,3,3.0,58,1966,1,2,1,Semi-Furnished,Southside,3,3,315800.0,164.82254697286012,1.0,Very Old
347,1076.0,4,3.2,13,2011,5,1,1,Semi-Furnished,Riverside,6,5,626000.0,581.7843866171004,1.25,Recent
348,1096.0,4,2.9,4,2020,5,1,0,Unfurnished,Hillview,0,2,471000.0,429.7445255474453,1.3793103448275863,New
349,1441.0,2,1.9,77,1947,2,0,2,Semi-Furnished,Lakeside,0,3,298800.0,207.3560027758501,1.0526315789473684,Very Old
350,1693.0,1,1.0,74,1950,1,2,1,Fully Furnished,Suburb_A,6,5,239300.0,141.34672179562907,1.0,Very Old
351,1955.0,4,3.3,24,2000,2,2,0,Unfurnished,Northside,3,4,448000.0,229.15601023017902,1.2121212121212122,Moderate
352,2538.0,3,2.3,45,1979,2,1,0,Semi-Furnished,Southside,0,2,443200.0,174.62568951930655,1.3043478260869565,Old
353,2229.0,2,1.7,33,1991,2,1,0,Fully Furnished,OldTown,3,2,408700.0,183.35576491700314,1.1764705882352942,Old
354,1720.0,1,1.0,73,1951,1,1,0,Fully Furnished,Northside,2,2,286700.0,166.6860465116279,1.0,Very Old
355,1790.0,3,2.6,18,2006,3,1,0,Unfurnished,Hillview,5,4,533300.0,297.9329608938547,1.1538461538461537,Moderate
356,1299.0,4,2.6,31,1993,2,0,3,Unfurnished,Lakeside,0,4,407400.0,313.6258660508083,1.5384615384615383,Old
357,1791.0,5,3.9,29,1995,4,1,1,Unfurnished,Lakeside,4,4,618200.0,345.17029592406476,1.2820512820512822,Moderate
358,1656.0,3,2.9,21,2003,2,2,1,Unfurnished,Suburb_A,4,2,311300.0,187.9830917874396,1.0344827586206897,Moderate
359,1961.0,3,2.2,80,1944,1,0,1,Semi-Furnished,Riverside,6,2,420300.0,214.32942376338602,1.3636363636363635,Very Old
360,1386.0,2,1.4,9,2015,4,0,3,Semi-Furnished,Suburb_A,8,2,561000.0,404.76190476190476,1.4285714285714286,Recent
361,2060.0,3,2.3,8,2016,5,2,2,Semi-Furnished,Suburb_A,2,1,870000.0,422.33009708737865,1.3043478260869565,Recent
362,2566.0,3,2.0,34,1990,3,1,1,Unfurnished,OldTown,1,3,403900.0,157.4045206547155,1.5,Old
363,1746.0,3,1.7,39,1985,2,1,0,Semi-Furnished,Riverside,0,1,447700.0,256.41466208476515,1.7647058823529411,Old
364,2001.0,3,2.3,11,2013,4,1,1,Unfurnished,Riverside,1,2,784400.0,392.0039980009995,1.3043478260869565,Recent
365,2145.0,2,1.6,23,2001,3,1,1,Fully Furnished,Greenfield,0,4,534400.0,249.13752913752913,1.25,Moderate
366,1599.0,2,1.6,90,1934,1,2,2,Unfurnished,Riverside,7,1,394900.0,246.96685428392746,1.25,Very Old
367,1912.0,3,2.4,14,2010,4,1,0,Semi-Furnished,Northside,7,5,747400.0,390.89958158995813,1.25,Recent
368,1806.0,2,1.6,40,1984,2,2,1,Unfurnished,Northside,2,1,397000.0,219.82281284606867,1.25,Old
369,1849.0,2,1.9,52,1972,1,2,1,Fully Furnished,Suburb_B,0,5,217200.0,117.46890210924825,1.0526315789473684,Very Old
370,1413.0,5,3.9,27,1997,3,2,2,Fully Furnished,Hillview,0,2,537000.0,380.0424628450106,1.2820512820512822,Moderate
371,1812.0,3,2.2,88,1936,1,0,2,Fully Furnished,Greenfield,8,1,488000.0,269.3156732891832,1.3636363636363635,Very Old
372,2049.0,3,2.3,51,1973,1,1,0,Semi-Furnished,Suburb_B,8,3,306300.0,149.48755490483163,1.3043478260869565,Very Old
373,2526.0,4,3.4,27,1997,2,0,2,Semi-Furnished,Riverside,0,4,768300.0,304.1567695961995,1.1764705882352942,Moderate
374,2280.0,5,4.4,34,1990,2,1,1,Unfurnished,Downtown,4,2,762600.0,334.4736842105263,1.1363636363636362,Old
375,2877.0,3,2.2,43,1981,2,2,1,Semi-Furnished,Northside,0,3,520800.0,181.02189781021897,1.3636363636363635,Old
376,1416.0,4,3.2,35,1989,2,1,2,Fully Furnished,Greenfield,0,5,302600.0,213.70056497175142,1.25,Old
377,2236.0,3,2.5,77,1947,1,2,2,Fully Furnished,Southside,0,1,366500.0,163.9087656529517,1.2,Very Old
378,1892.0,3,2.1,21,2003,3,1,0,Fully Furnished,Greenfield,4,4,462000.0,244.1860465116279,1.4285714285714286,Moderate
379,2895.0,3,2.4,17,2007,4,1,0,Unfurnished,Northside,0,1,830900.0,287.01208981001724,1.25,Moderate
380,1396.0,3,2.0,12,2012,4,2,1,Unfurnished,Hillview,0,2,809842.5312934064,359.6704871060172,1.5,Recent
381,1380.0,3,1.9,1,2023,4,1,0,Unfurnished,OldTown,0,1,355400.0,257.536231884058,1.5789473684210527,New
382,1500.0,3,2.5,2,2022,5,2,0,Semi-Furnished,Lakeside,0,2,772000.0,514.6666666666666,1.2,New
383,738.0,2,1.5,76,1948,1,1,1,Fully Furnished,OldTown,5,1,153700.0,208.26558265582656,1.3333333333333333,Very Old
384,1537.0,3,2.5,41,1983,2,2,2,Fully Furnished,Southside,0,2,303400.0,197.39752765126872,1.2,Old
385,1420.0,2,1.6,39,1985,1,1,0,Semi-Furnished,Downtown,8,2,465200.0,327.6056338028169,1.25,Old
386,1875.0,3,2.1,37,1987,2,2,1,Unfurnished,Suburb_B,0,3,284700.0,151.84,1.4285714285714286,Old
387,1971.0,3,2.4,72,1952,1,0,2,Fully Furnished,Riverside,1,3,390200.0,197.97057331303907,1.25,Very Old
388,2738.0,4,2.8,28,1996,3,0,3,Fully Furnished,Northside,0,2,848700.0,309.9707815924032,1.4285714285714286,Moderate
389,2275.0,4,3.6,76,1948,1,2,0,Unfurnished,OldTown,0,1,235700.0,103.6043956043956,1.1111111111111112,Very Old
390,1512.0,4,2.8,21,2003,3,2,0,Semi-Furnished,OldTown,0,5,305900.0,202.3148148148148,1.4285714285714286,Moderate
391,1351.0,3,2.3,86,1938,2,0,3,Fully Furnished,Suburb_A,0,2,214600.0,158.84529977794227,1.3043478260869565,Very Old
392,2046.0,4,2.9,44,1980,2,1,2,Unfurnished,Greenfield,8,1,449900.0,219.89247311827958,1.3793103448275863,Old
393,1140.0,3,2.6,15,2009,3,1,1,Fully Furnished,Suburb_B,5,2,336300.0,295.0,1.1538461538461537,Recent
394,2716.0,2,1.5,34,1990,2,1,0,Unfurnished,Hillview,8,3,545000.0,200.66273932253313,1.3333333333333333,Old
395,2390.0,1,1.0,32,1992,1,2,1,Fully Furnished,Riverside,0,1,479900.0,200.79497907949792,1.0,Old
396,1565.0,2,1.9,8,2016,3,0,1,Fully Furnished,Hillview,2,1,762700.0,487.3482428115016,1.0526315789473684,Recent
397,943.0,3,2.4,35,1989,2,1,0,Semi-Furnished,Riverside,0,4,252300.0,267.5503711558855,1.25,Old
398,2477.0,3,2.6,18,2006,3,1,1,Fully Furnished,Suburb_B,6,2,545100.0,220.06459426725877,1.1538461538461537,Moderate
399,1743.0,4,2.9,2,2022,5,1,1,Semi-Furnished,Suburb_A,9,2,1041400.0,597.4756167527252,1.3793103448275863,New
400,2419.0,2,1.2,90,1934,2,2,0,Semi-Furnished,Riverside,7,5,546000.0,225.71310458867302,1.6666666666666667,Very Old
401,1003.0,2,1.6,38,1986,2,2,0,Semi-Furnished,Southside,0,1,210600.0,209.9700897308076,1.25,Old
402,1500.0,5,3.9,77,1947,1,0,2,Semi-Furnished,Suburb_A,0,3,226500.0,151.0,1.2820512820512822,Very Old
403,1803.0,2,1.8,40,1984,2,2,1,Semi-Furnished,Greenfield,0,2,289100.0,160.3438713255685,1.1111111111111112,Old
404,1823.0,3,2.4,21,2003,4,1,2,Fully Furnished,Downtown,0,1,802000.0,439.93417443774,1.25,Moderate
405,1575.0,3,2.5,30,1994,2,1,2,Unfurnished,Downtown,0,1,465800.0,295.74603174603175,1.2,Moderate
406,2111.0,3,1.9,40,1984,3,0,3,Unfurnished,Lakeside,0,3,425200.0,201.42112742775936,1.5789473684210527,Old
407,1266.0,2,2.2,92,1932,1,0,1,Fully Furnished,Greenfield,0,1,153400.0,121.16903633491312,0.9090909090909091,Very Old
408,1729.0,2,1.6,15,2009,3,1,1,Semi-Furnished,Downtown,2,2,727500.0,420.7634470792365,1.25,Recent
409,1860.0,2,1.8,77,1947,1,1,0,Semi-Furnished,Riverside,2,5,313700.0,168.65591397849462,1.1111111111111112,Very Old
410,2057.0,3,2.1,86,1938,1,2,0,Fully Furnished,Lakeside,6,3,462400.0,224.79338842975207,1.4285714285714286,Very Old
411,2156.0,3,2.5,40,1984,3,2,1,Semi-Furnished,Suburb_A,0,2,324500.0,150.51020408163265,1.2,Old
412,1238.0,2,1.2,87,1937,1,2,1,Semi-Furnished,Greenfield,0,1,156700.0,126.5751211631664,1.6666666666666667,Very Old
413,1938.294238328816,3,2.5,23,2001,4,1,0,Fully Furnished,Riverside,5,2,531200.0,514.2303969022265,1.2,Moderate
414,2439.0,4,3.1,91,1933,1,1,1,Fully Furnished,OldTown,4,2,309800.0,127.01927019270192,1.2903225806451613,Very Old
415,1966.0,1,1.0,45,1979,2,1,1,Unfurnished,Downtown,0,5,365600.0,185.9613428280773,1.0,Old
416,1426.0,3,2.6,2,2022,5,1,0,Semi-Furnished,Southside,8,5,714000.0,500.70126227208976,1.1538461538461537,New
417,2576.0,3,2.0,82,1942,1,2,0,Fully Furnished,Downtown,1,2,518800.0,201.3975155279503,1.5,Very Old
418,1858.0,2,1.4,29,1995,3,1,0,Unfurnished,Downtown,1,1,551500.0,296.82454251883746,1.4285714285714286,Moderate
419,2390.0,3,2.5,27,1997,3,1,0,Unfurnished,Riverside,2,5,1095213.7193256477,221.1715481171548,1.2,Moderate
420,1834.0,3,3.0,34,1990,2,1,1,Fully Furnished,Downtown,1,3,687900.0,375.08178844056704,1.0,Old
421,2830.0,4,3.2,8,2016,4,3,1,Unfurnished,Lakeside,4,2,1479300.0,522.7208480565371,1.25,Recent
422,2678.0,4,3.4,28,1996,2,3,1,Semi-Furnished,Hillview,1,2,631600.0,235.84764749813294,1.1764705882352942,Moderate
423,1676.0,3,2.4,69,1955,1,1,0,Semi-Furnished,Greenfield,0,2,198500.0,118.43675417661098,1.25,Very Old
424,2286.0,4,3.8,0,2024,4,0,3,Semi-Furnished,OldTown,8,5,712000.0,311.4610673665792,1.0526315789473684,New
425,2123.0,3,1.9,16,2008,3,2,0,Unfurnished,OldTown,0,1,377800.0,177.95572303344323,1.5789473684210527,Moderate
426,2484.0,3,2.4,0,2024,5,0,3,Fully Furnished,Suburb_A,5,4,860400.0,346.3768115942029,1.25,New
427,1318.0,3,1.9,25,1999,3,2,0,Semi-Furnished,Riverside,1,1,345800.0,262.36722306525036,1.5789473684210527,Moderate
428,2143.0,2,1.0,50,1974,1,1,1,Semi-Furnished,Greenfield,2,5,250100.0,116.70555296313579,2.0,Old
429,2329.0,4,3.3,63,1961,1,0,2,Semi-Furnished,Northside,0,2,308200.0,132.33147273507944,1.2121212121212122,Very Old
430,921.0,3,2.4,89,1935,1,2,1,Semi-Furnished,Northside,6,1,286400.0,310.96634093376764,1.25,Very Old
431,1208.0,3,2.3,36,1988,2,1,1,Semi-Furnished,Suburb_B,6,1,335600.0,277.81456953642385,1.3043478260869565,Old
432,780.0,5,4.0,15,2009,3,1,1,Fully Furnished,Greenfield,0,2,263500.0,337.8205128205128,1.25,Recent
433,1665.0,1,1.7,86,1938,1,2,0,Semi-Furnished,Riverside,0,1,275700.0,165.5855855855856,0.5882352941176471,Very Old
434,2159.0,3,2.3,58,1966,1,0,2,Semi-Furnished,Northside,8,3,487400.0,225.75266327003243,1.3043478260869565,Very Old
435,2551.0,2,1.8,34,1990,1,2,2,Unfurnished,Greenfield,8,1,638100.0,250.1372010976088,1.1111111111111112,Old
436,1837.0,4,3.0,44,1980,2,2,0,Semi-Furnished,Hillview,3,1,503500.0,274.08818726183995,1.3333333333333333,Old
437,2614.0,4,3.3,86,1938,1,1,1,Semi-Furnished,Northside,3,2,573100.0,219.2425401683244,1.2121212121212122,Very Old
438,1110.0,3,2.3,47,1977,1,1,2,Unfurnished,Greenfield,7,2,182100.0,164.05405405405406,1.3043478260869565,Old
439,948.0,3,2.3,22,2002,3,0,2,Fully Furnished,OldTown,0,2,188000.0,198.31223628691984,1.3043478260869565,Moderate
440,1772.0,3,2.9,47,1977,2,2,0,Fully Furnished,Lakeside,5,2,558500.0,315.1805869074492,1.0344827586206897,Old
441,1992.0,4,3.6,2,2022,4,1,1,Semi-Furnished,Riverside,3,2,927200.0,465.4618473895582,1.1111111111111112,New
442,1784.0,3,2.4,23,2001,3,0,2,Fully Furnished,Downtown,6,2,958800.0,537.4439461883408,1.25,Moderate
443,766.0,3,1.7,24,2000,4,1,1,Semi-Furnished,OldTown,0,1,187800.0,245.16971279373368,1.7647058823529411,Moderate
444,1755.0,5,3.9,9,2015,3,2,2,Fully Furnished,Hillview,4,1,953400.0,543.2478632478633,1.2820512820512822,Recent
445,1148.0,2,2.4,1,2023,5,0,1,Fully Furnished,Riverside,4,1,977500.0,851.4808362369338,0.8333333333333334,New
446,2135.0,2,1.5,7,2017,4,2,0,Fully Furnished,Suburb_B,7,3,710600.0,332.8337236533958,1.3333333333333333,Recent
447,1983.0,3,2.7,39,1985,2,1,1,Semi-Furnished,Lakeside,5,2,607000.0,306.10186585980836,1.111111111111111,Old
448,1330.0,5,4.4,63,1961,1,1,1,Unfurnished,Riverside,8,2,354800.0,266.76691729323306,1.1363636363636362,Very Old
449,1543.0,3,2.5,97,1927,1,2,0,Unfurnished,Greenfield,8,3,453149.39695519174,139.79261179520415,1.2,Very Old
450,1270.0,2,1.3,20,2004,3,2,0,Fully Furnished,Hillview,2,2,521300.0,410.4724409448819,1.5384615384615383,Moderate
451,1769.0,3,1.7,36,1988,2,1,2,Semi-Furnished,Suburb_B,0,2,238800.0,134.99152063312607,1.7647058823529411,Old
452,2278.0,3,2.6,88,1936,1,0,2,Fully Furnished,Southside,5,1,601800.0,264.17910447761193,1.1538461538461537,Very Old
453,1307.0,2,1.4,9,2015,4,2,0,Semi-Furnished,Downtown,8,3,693100.0,530.2983932670237,1.4285714285714286,Recent
454,2052.0,3,2.5,48,1976,3,1,0,Unfurnished,Greenfield,0,3,379400.0,184.89278752436647,1.2,Old
455,1535.0,5,3.6,55,1969,1,1,1,Semi-Furnished,Lakeside,4,4,377500.0,245.928338762215,1.3888888888888888,Very Old
456,1404.0,3,2.3,5,2019,5,1,1,Fully Furnished,Downtown,0,4,883300.0,629.1310541310542,1.3043478260869565,New
457,1746.0,3,2.4,74,1950,1,2,0,Semi-Furnished,Downtown,0,3,383700.0,219.7594501718213,1.25,Very Old
458,1282.0,3,2.5,65,1959,1,2,1,Fully Furnished,Hillview,5,4,252000.0,196.56786271450858,1.2,Very Old
459,1523.0,2,1.3,1,2023,5,2,0,Semi-Furnished,Riverside,5,2,902400.0,592.5147734734078,1.5384615384615383,New
460,1201.0,4,3.6,5,2019,4,1,0,Semi-Furnished,OldTown,4,2,355200.0,295.75353871773524,1.1111111111111112,New
461,2782.0,3,2.2,2,2022,5,2,1,Semi-Furnished,Suburb_A,8,5,1057300.0,380.0503235082674,1.3636363636363635,New
462,1818.0,3,1.9,20,2004,3,1,0,Unfurnished,Riverside,0,5,442100.0,243.17931793179318,1.5789473684210527,Moderate
463,1450.0,3,2.4,30,1994,2,1,2,Semi-Furnished,OldTown,0,2,180200.0,124.27586206896552,1.25,Moderate
464,1907.0,3,2.4,32,1992,2,1,0,Unfurnished,OldTown,8,2,359500.0,188.51599370739382,1.25,Old
465,1744.0,3,2.4,15,2009,3,1,1,Unfurnished,Lakeside,3,4,466800.0,267.6605504587156,1.25,Recent
466,1690.0,2,2.0,83,1941,1,0,3,Semi-Furnished,Suburb_B,0,2,191500.0,113.31360946745562,1.0,Very Old
467,2107.0,4,3.1,22,2002,3,1,0,Semi-Furnished,Riverside,6,1,894300.0,424.4423350735643,1.2903225806451613,Moderate
468,2179.0,5,4.0,2,2022,5,1,1,Fully Furnished,Suburb_B,8,3,935400.0,429.2794860027536,1.25,New
469,1535.0,3,2.1,17,2007,3,2,1,Semi-Furnished,Suburb_A,5,1,405100.0,263.9087947882736,1.4285714285714286,Moderate
470,1512.0,5,4.2,32,1992,2,1,1,Semi-Furnished,Riverside,7,2,706900.0,467.52645502645504,1.1904761904761905,Old
471,1662.0,2,1.7,24,2000,3,0,2,Fully Furnished,Northside,0,4,374700.0,225.45126353790613,1.1764705882352942,Moderate
472,649.0,3,2.3,16,2008,3,1,1,Semi-Furnished,Hillview,0,1,253500.0,390.60092449922956,1.3043478260869565,Moderate
473,1042.0,3,1.8,7,2017,4,2,1,Unfurnished,Riverside,8,5,454800.0,436.468330134357,1.6666666666666665,Recent
474,2483.0,3,2.8,66,1958,1,1,1,Unfurnished,Downtown,4,5,450600.0,181.4740233588401,1.0714285714285714,Very Old
475,2622.0,3,2.0,99,1925,1,2,1,Semi-Furnished,Greenfield,0,4,378400.0,144.31731502669717,1.5,Very Old
476,1675.0,3,2.2,19,2005,3,1,1,Semi-Furnished,Suburb_A,3,5,402400.0,240.23880597014926,1.3636363636363635,Moderate
477,2088.0,2,1.7,22,2002,4,1,2,Unfurnished,Hillview,5,2,689300.0,330.12452107279694,1.1764705882352942,Moderate
478,1956.0,3,2.0,37,1987,2,2,0,Semi-Furnished,Southside,0,2,377900.0,193.200408997955,1.5,Old
479,3339.0,3,2.0,48,1976,2,2,1,Fully Furnished,Downtown,5,4,874200.0,261.81491464510333,1.5,Old
480,2360.0,4,2.6,23,2001,3,1,0,Fully Furnished,Greenfield,0,2,522300.0,221.3135593220339,1.5384615384615383,Moderate
481,1736.0,2,1.8,82,1942,1,1,0,Unfurnished,Riverside,0,2,315400.0,181.6820276497696,1.1111111111111112,Very Old
482,1322.0,2,1.4,33,1991,2,0,3,Fully Furnished,Suburb_B,5,3,252000.0,190.62027231467474,1.4285714285714286,Old
483,997.0,3,3.3,27,1997,2,1,2,Semi-Furnished,Southside,0,3,239200.0,239.9197592778335,0.9090909090909092,Moderate
484,1902.0,3,2.1,39,1985,2,1,1,Semi-Furnished,Greenfield,0,3,338400.0,177.9179810725552,1.4285714285714286,Old
485,1422.0,4,2.9,91,1933,2,2,1,Unfurnished,Suburb_B,8,3,261500.0,183.8959212376934,1.3793103448275863,Very Old
486,1793.3348326136008,3,2.2,62,1962,1,2,0,Unfurnished,OldTown,5,3,136500.0,125.34435261707989,1.3636363636363635,Very Old
487,1477.0,3,2.5,2,2022,5,2,1,Semi-Furnished,Riverside,3,3,853000.0,577.5220040622884,1.2,New
488,1259.0,4,3.1,19,2005,4,1,2,Unfurnished,Suburb_B,0,2,351300.0,279.0309769658459,1.2903225806451613,Moderate
489,2644.0,3,2.6,28,1996,3,3,0,Fully Furnished,Greenfield,1,1,689100.0,260.62783661119516,1.1538461538461537,Moderate
490,2241.0,2,1.3,18,2006,3,1,0,Fully Furnished,Greenfield,4,3,518900.0,231.54841588576528,1.5384615384615383,Moderate
491,1796.0,3,2.0,45,1979,2,1,1,Unfurnished,Northside,0,1,317000.0,176.5033407572383,1.5,Old
492,2540.0,5,3.5,68,1956,2,1,1,Semi-Furnished,Southside,3,5,440200.0,173.30708661417322,1.4285714285714286,Very Old
493,1839.0,3,1.7,50,1974,1,2,1,Fully Furnished,Greenfield,2,4,294900.0,160.3588907014682,1.7647058823529411,Old
494,1369.0,2,1.4,98,1926,1,0,1,Semi-Furnished,Hillview,3,3,237300.0,173.3382030679328,1.4285714285714286,Very Old
495,2562.0,2,1.5,16,2008,3,3,1,Unfurnished,Suburb_B,0,5,570300.0,222.59953161592506,1.3333333333333333,Moderate
496,2069.0,2,1.4,77,1947,1,0,3,Unfurnished,Riverside,0,3,347300.0,167.85886901884967,1.4285714285714286,Very Old
497,1281.0,3,2.8,57,1967,1,1,1,Unfurnished,OldTown,9,1,303600.0,237.0023419203747,1.0714285714285714,Very Old
498,1705.0,3,2.8,21,2003,3,1,0,Semi-Furnished,Hillview,9,2,623400.0,365.63049853372434,1.0714285714285714,Moderate
499,1362.0,2,1.5,51,1973,1,1,0,Unfurnished,Northside,2,1,240800.0,176.79882525697505,1.3333333333333333,Very Old
500,1109.0,5,3.5,6,2018,4,0,1,Semi-Furnished,OldTown,7,2,477900.0,430.9287646528404,1.4285714285714286,Recent
501,2263.0,4,3.0,61,1963,1,2,2,Semi-Furnished,OldTown,5,2,279100.0,123.33186036235087,1.3333333333333333,Very Old
502,2755.0,3,2.2,32,1992,2,3,1,Unfurnished,Southside,0,3,494400.0,179.45553539019963,1.3636363636363635,Old
503,1101.0,4,3.0,17,2007,3,1,1,Semi-Furnished,Southside,0,2,372700.0,338.51044504995457,1.3333333333333333,Moderate
504,2081.0,2,1.4,39,1985,2,1,0,Fully Furnished,Greenfield,0,2,358600.0,172.3209995194618,1.4285714285714286,Old
505,1475.0,3,2.2,38,1986,2,2,0,Semi-Furnished,Southside,4,2,333300.0,225.96610169491527,1.3636363636363635,Old
506,1556.0,3,2.3,12,2012,4,2,0,Semi-Furnished,Downtown,4,2,946500.0,608.2904884318766,1.3043478260869565,Recent
507,1504.0,4,3.0,1,2023,5,1,2,Fully Furnished,Lakeside,8,1,1500100.0,997.406914893617,1.3333333333333333,New
508,1368.0,4,3.3,26,1998,3,2,2,Fully Furnished,Greenfield,7,1,625000.0,456.87134502923976,1.2121212121212122,Moderate
509,1824.0,2,1.7,34,1990,2,1,2,Fully Furnished,Southside,8,3,440900.0,241.72149122807016,1.1764705882352942,Old
510,1385.0,5,3.7,77,1947,1,1,0,Fully Furnished,Northside,8,2,356800.0,257.6173285198556,1.3513513513513513,Very Old
511,1935.0,2,2.0,86,1938,1,1,1,Unfurnished,Riverside,7,1,595600.0,307.8036175710594,1.0,Very Old
512,1775.0,4,2.9,31,1993,1,1,1,Fully Furnished,OldTown,1,2,254200.0,143.2112676056338,1.3793103448275863,Old
513,1681.0,5,3.5,54,1970,2,0,1,Fully Furnished,Downtown,0,3,511600.0,304.34265318262936,1.4285714285714286,Very Old
514,1346.0,2,1.7,26,1998,2,1,1,Semi-Furnished,Riverside,4,4,291100.0,216.2704309063893,1.1764705882352942,Moderate
515,1512.0,4,3.0,53,1971,1,1,1,Unfurnished,Riverside,5,5,339200.0,224.33862433862433,1.3333333333333333,Very Old
516,2178.0,1,1.0,12,2012,4,2,0,Fully Furnished,Suburb_A,1,3,513700.0,235.85858585858585,1.0,Recent
517,2050.0,3,1.7,22,2002,3,2,0,Fully Furnished,Suburb_B,7,2,443100.0,216.14634146341464,1.7647058823529411,Moderate
518,1311.0,3,2.8,38,1986,2,1,0,Unfurnished,Suburb_B,9,1,474300.0,361.78489702517163,1.0714285714285714,Old
519,1850.0,3,2.6,0,2024,5,1,0,Semi-Furnished,Northside,4,1,1200500.0,648.918918918919,1.1538461538461537,New
520,2176.0,5,3.5,49,1975,2,0,1,Unfurnished,Greenfield,2,3,366000.0,168.1985294117647,1.4285714285714286,Old
521,965.0,3,2.0,69,1955,1,1,0,Fully Furnished,Suburb_A,7,2,221200.0,229.22279792746113,1.5,Very Old
522,2072.0,3,2.9,24,2000,3,0,1,Fully Furnished,Northside,0,3,573200.0,276.64092664092664,1.0344827586206897,Moderate
523,1469.0,4,3.0,26,1998,3,1,1,Fully Furnished,OldTown,0,1,281900.0,191.8992511912866,1.3333333333333333,Moderate
524,2085.0,5,3.7,72,1952,1,1,2,Fully Furnished,Hillview,7,2,556700.0,267.00239808153475,1.3513513513513513,Very Old
525,1418.0,1,1.0,58,1966,1,1,2,Unfurnished,Hillview,6,1,323400.0,228.06770098730607,1.0,Very Old
526,898.0,5,3.9,17,2007,3,0,2,Unfurnished,Suburb_A,2,3,441567.19732213224,287.30512249443206,1.2820512820512822,Moderate
527,1732.7069040047616,2,1.5,19,2005,3,2,0,Unfurnished,Suburb_B,8,1,325100.0,329.7160243407708,1.3333333333333333,Moderate
528,1824.0,4,3.4,41,1983,2,1,0,Unfurnished,Hillview,1,3,355400.0,194.84649122807016,1.1764705882352942,Old
529,1930.0,2,1.2,34,1990,2,0,1,Unfurnished,Suburb_B,5,1,431000.0,223.31606217616581,1.6666666666666667,Old
530,1348.0,2,1.1,9,2015,4,0,2,Semi-Furnished,Greenfield,5,2,488800.0,362.61127596439167,1.8181818181818181,Recent
531,2119.0,3,2.5,18,2006,3,1,0,Unfurnished,Lakeside,0,1,619600.0,292.40207645115623,1.2,Moderate
532,969.0,3,2.7,81,1943,1,0,2,Fully Furnished,Riverside,0,1,204200.0,210.7327141382869,1.111111111111111,Very Old
533,1767.0,3,1.9,42,1982,2,2,0,Semi-Furnished,OldTown,8,1,400800.0,226.8251273344652,1.5789473684210527,Old
534,1194.0,2,1.9,97,1927,1,1,2,Semi-Furnished,Suburb_A,0,2,125500.0,105.10887772194305,1.0526315789473684,Very Old
535,1474.0,3,2.4,57,1967,1,2,0,Unfurnished,Suburb_B,0,2,172300.0,116.89280868385346,1.25,Very Old
536,1824.0,5,4.3,89,1935,1,0,1,Semi-Furnished,Southside,3,4,336100.0,184.265350877193,1.1627906976744187,Very Old
537,1370.0,3,2.4,12,2012,4,1,1,Unfurnished,Riverside,0,1,654400.0,477.66423357664235,1.25,Recent
538,1608.0,2,1.0,58,1966,1,1,2,Semi-Furnished,Southside,8,1,353600.0,219.90049751243782,2.0,Very Old
539,2303.0,3,2.4,0,2024,5,1,2,Unfurnished,Hillview,0,3,1109700.0,481.8497611810682,1.25,New
540,1512.0,1,1.1,40,1984,2,1,1,Unfurnished,Lakeside,4,3,315900.0,208.92857142857142,0.9090909090909091,Old
541,2218.0,4,2.9,28,1996,3,2,0,Fully Furnished,Lakeside,1,1,720300.0,324.7520288548242,1.3793103448275863,Moderate
542,1235.0,4,3.1,20,2004,3,1,1,Unfurnished,Greenfield,7,3,309300.0,250.44534412955466,1.2903225806451613,Moderate
543,2065.0,3,2.3,74,1950,1,1,2,Semi-Furnished,OldTown,4,3,250900.0,121.50121065375302,1.3043478260869565,Very Old
544,2521.0,3,1.5,73,1951,1,1,1,Semi-Furnished,Hillview,1,2,386500.0,153.31217770725902,2.0,Very Old
545,600.0,4,3.7,1,2023,5,0,3,Unfurnished,Suburb_B,9,2,384200.0,640.3333333333334,1.081081081081081,New
546,1402.0,3,2.1,36,1988,2,0,2,Semi-Furnished,Riverside,0,1,351700.0,250.85592011412268,1.4285714285714286,Old
547,2089.0,4,3.4,22,2002,3,1,1,Semi-Furnished,Downtown,4,1,896500.0,429.15270464337004,1.1764705882352942,Moderate
548,1698.0,3,2.4,25,1999,3,1,1,Semi-Furnished,Lakeside,9,5,559000.0,329.21083627797407,1.25,Moderate
549,1986.0,4,3.6,69,1955,1,1,1,Fully Furnished,Southside,5,1,368700.0,185.64954682779455,1.1111111111111112,Very Old
550,1498.0,3,2.5,18,2006,3,0,1,Semi-Furnished,OldTown,6,1,473600.0,316.15487316421894,1.2,Moderate
551,1843.0,3,2.3,89,1935,1,1,1,Fully Furnished,Suburb_B,0,5,232200.0,125.99023331524688,1.3043478260869565,Very Old
552,1722.0,5,3.7,10,2014,4,1,1,Unfurnished,Southside,0,3,494700.0,287.2822299651568,1.3513513513513513,Recent
553,2384.0,3,2.6,40,1984,2,1,0,Fully Furnished,Riverside,0,2,585400.0,245.55369127516778,1.1538461538461537,Old
554,1927.0,3,1.8,40,1984,1,1,0,Semi-Furnished,Riverside,9,3,516900.0,268.24078879086665,1.6666666666666665,Old
555,1969.0,2,1.8,15,2009,3,1,2,Unfurnished,Hillview,9,3,712700.0,361.96038598273236,1.1111111111111112,Recent
556,1594.0,3,2.1,19,2005,2,2,0,Unfurnished,Northside,1,3,438800.0,275.2823086574655,1.4285714285714286,Moderate
557,1556.0,3,2.8,69,1955,1,1,2,Unfurnished,Southside,0,1,272900.0,175.38560411311053,1.0714285714285714,Very Old
558,1584.0,2,1.6,56,1968,1,2,1,Semi-Furnished,Suburb_B,0,2,225000.0,142.04545454545453,1.25,Very Old
559,1997.0,2,1.8,19,2005,3,1,1,Fully Furnished,Riverside,1,1,664300.0,332.6489734601903,1.1111111111111112,Moderate
560,1590.0,3,2.4,32,1992,2,1,2,Semi-Furnished,Hillview,1,1,374800.0,235.72327044025158,1.25,Old
561,1945.0,4,2.7,3,2021,5,1,1,Fully Furnished,Hillview,6,2,1302300.0,669.5629820051414,1.4814814814814814,New
562,2838.0,3,2.1,12,2012,4,3,2,Unfurnished,Greenfield,8,3,1762441.838506224,310.4651162790698,1.4285714285714286,Recent
563,2236.0,2,1.8,29,1995,3,1,0,Semi-Furnished,Downtown,6,1,1234000.0,551.8783542039356,1.1111111111111112,Moderate
564,1637.0,3,2.4,4,2020,5,2,1,Semi-Furnished,Northside,5,2,994300.0,607.3915699450214,1.25,New
565,2401.0,2,2.0,71,1953,1,2,1,Semi-Furnished,Suburb_A,6,3,289700.0,120.65805914202416,1.0,Very Old
566,1596.0,3,2.5,48,1976,1,0,1,Semi-Furnished,Riverside,6,2,365900.0,229.26065162907267,1.2,Old
567,781.0,2,1.3,89,1935,1,0,1,Semi-Furnished,Suburb_B,3,4,101800.0,130.34571062740076,1.5384615384615383,Very Old
568,1296.0,2,1.4,43,1981,2,0,2,Unfurnished,Suburb_B,1,3,147900.0,114.12037037037037,1.4285714285714286,Old
569,865.0,2,1.6,89,1935,2,1,2,Fully Furnished,Lakeside,0,5,237100.0,274.1040462427746,1.25,Very Old
570,1624.0,3,1.7,33,1991,2,0,2,Semi-Furnished,Greenfield,5,2,312800.0,192.61083743842366,1.7647058823529411,Old
571,1809.0,2,2.1,36,1988,2,2,1,Fully Furnished,Greenfield,9,3,371100.0,205.14096185737978,0.9523809523809523,Old
572,2638.0,3,2.5,95,1929,1,1,0,Fully Furnished,Greenfield,4,4,349600.0,132.52463987869598,1.2,Very Old
573,1963.0,3,2.8,38,1986,1,1,1,Semi-Furnished,Suburb_B,8,4,315200.0,160.57055527254204,1.0714285714285714,Old
574,1690.0,3,1.9,1,2023,5,0,2,Fully Furnished,Northside,0,3,837900.0,495.79881656804736,1.5789473684210527,New
575,2215.0,3,2.8,49,1975,1,2,1,Fully Furnished,Hillview,7,2,935382.714731729,254.40180586907448,1.0714285714285714,Old
576,694.0,4,3.9,82,1942,1,1,1,Unfurnished,Southside,8,1,275800.0,397.4063400576369,1.0256410256410258,Very Old
577,1918.0,2,1.2,62,1962,1,2,0,Semi-Furnished,OldTown,5,4,238500.0,124.34827945776851,1.6666666666666667,Very Old
578,2185.0,3,2.6,35,1989,2,2,0,Fully Furnished,Downtown,9,3,856300.0,391.89931350114415,1.1538461538461537,Old
579,1061.0,2,1.6,40,1984,2,1,0,Fully Furnished,Riverside,4,4,694761.5987660862,282.3751178133836,1.25,Old
580,2372.0,2,1.1,98,1926,1,1,1,Fully Furnished,Greenfield,0,1,309000.0,130.2698145025295,1.8181818181818181,Very Old
581,1969.0,3,2.5,5,2019,4,0,2,Semi-Furnished,Northside,0,2,676300.0,343.473844591163,1.2,New
582,1592.0,3,2.7,40,1984,3,1,0,Semi-Furnished,Suburb_B,4,2,251500.0,157.97738693467338,1.111111111111111,Old
583,2116.0,4,3.0,16,2008,3,2,0,Semi-Furnished,Hillview,8,4,891100.0,421.124763705104,1.3333333333333333,Moderate
584,2935.0,3,2.7,38,1986,2,1,1,Fully Furnished,OldTown,0,4,459700.0,156.62691652470187,1.111111111111111,Old
585,1891.0,5,3.5,36,1988,2,0,2,Semi-Furnished,Suburb_B,4,1,390500.0,206.50449497620306,1.4285714285714286,Old
586,1924.0,1,1.0,9,2015,3,1,0,Semi-Furnished,Hillview,6,3,794100.0,412.73388773388774,1.0,Recent
587,1570.0,2,1.6,12,2012,4,1,0,Semi-Furnished,Northside,0,1,460000.0,292.9936305732484,1.25,Recent
588,1375.0,1,1.0,37,1987,2,1,0,Unfurnished,Northside,0,2,256400.0,186.47272727272727,1.0,Old
589,2215.0,2,1.4,7,2017,3,1,0,Semi-Furnished,Hillview,1,2,794200.0,358.5553047404063,1.4285714285714286,Recent
590,1372.0,3,2.6,15,2009,2,2,0,Fully Furnished,Lakeside,0,3,469300.0,342.05539358600583,1.1538461538461537,Recent
591,1836.0,3,2.6,69,1955,1,1,0,Unfurnished,Downtown,0,4,396500.0,215.958605664488,1.1538461538461537,Very Old
592,1561.0,1,1.1,19,2005,3,0,2,Fully Furnished,Suburb_B,0,2,305500.0,195.7078795643818,0.9090909090909091,Moderate
593,2039.0,5,4.0,29,1995,3,2,1,Fully Furnished,Suburb_B,0,2,524600.0,257.28298185384995,1.25,Moderate
594,1967.0,4,3.4,89,1935,1,2,0,Unfurnished,Riverside,4,3,383000.0,194.71276054905948,1.1764705882352942,Very Old
595,2319.0,2,1.5,13,2011,4,0,1,Semi-Furnished,Lakeside,5,2,1136500.0,490.08193186718415,1.3333333333333333,Recent
596,2935.87061771279,2,2.2,23,2001,3,1,1,Unfurnished,OldTown,6,5,217500.0,140.7766990291262,0.9090909090909091,Moderate
597,1665.0,2,1.4,36,1988,2,1,2,Fully Furnished,Northside,3,4,362000.0,217.41741741741743,1.4285714285714286,Old
598,1311.0,2,2.2,55,1969,1,0,2,Semi-Furnished,Greenfield,9,1,331500.0,252.8604118993135,0.9090909090909091,Very Old
599,1578.0,2,1.6,82,1942,1,2,1,Fully Furnished,Southside,8,2,329400.0,208.74524714828897,1.25,Very Old
600,1989.0,3,2.0,84,1940,1,1,1,Semi-Furnished,Hillview,9,1,630400.0,316.94318753142284,1.5,Very Old
601,2178.0,2,2.0,59,1965,1,2,0,Fully Furnished,Suburb_B,1,2,272500.0,125.1147842056933,1.0,Very Old
602,1339.0,3,2.4,13,2011,4,1,2,Semi-Furnished,Northside,8,3,519900.0,388.2748319641523,1.25,Recent
603,2235.0,5,4.3,1,2023,5,1,1,Fully Furnished,Southside,6,1,1468700.0,657.1364653243847,1.1627906976744187,New
604,2478.0,3,2.8,23,2001,2,0,2,Fully Furnished,Downtown,1,4,742200.0,299.51573849878935,1.0714285714285714,Moderate
605,2007.0,5,4.1,8,2016,3,1,0,Semi-Furnished,Northside,0,2,623000.0,310.41355256601895,1.2195121951219514,Recent
606,2738.0,2,1.4,47,1977,3,1,0,Unfurnished,Suburb_B,5,5,478800.0,174.87216946676406,1.4285714285714286,Old
607,1413.0,3,2.7,39,1985,2,1,1,Unfurnished,Northside,0,1,301800.0,213.58811040339702,1.111111111111111,Old
608,1178.0,3,2.4,2,2022,5,1,0,Unfurnished,Southside,0,4,522600.0,443.6332767402377,1.25,New
609,911.0,2,1.8,70,1954,1,2,1,Semi-Furnished,Downtown,3,3,235600.0,258.61690450054886,1.1111111111111112,Very Old
610,2548.0,1,1.0,14,2010,4,1,0,Fully Furnished,OldTown,5,1,758800.0,297.8021978021978,1.0,Recent
611,2127.0,3,2.5,26,1998,2,2,1,Semi-Furnished,Hillview,9,2,576600.0,271.0860366713681,1.2,Moderate
612,1772.0,3,2.2,40,1984,2,1,1,Semi-Furnished,Northside,4,4,417900.0,235.8352144469526,1.3636363636363635,Old
613,1940.0,3,2.9,25,1999,3,2,0,Fully Furnished,Riverside,5,2,725200.0,373.8144329896907,1.0344827586206897,Moderate
614,1237.0,3,2.6,26,1998,3,2,1,Fully Furnished,Lakeside,0,2,435700.0,352.22312045270814,1.1538461538461537,Moderate
615,3023.0,4,3.3,3,2021,5,0,2,Fully Furnished,Hillview,5,5,1641000.0,542.8382401587827,1.2121212121212122,New
616,1865.0,1,1.0,24,2000,4,2,0,Semi-Furnished,Northside,2,1,590700.0,316.7292225201072,1.0,Moderate
617,1855.0,3,2.1,56,1968,1,1,0,Fully Furnished,Hillview,8,2,527700.0,284.4743935309973,1.4285714285714286,Very Old
618,2163.0,2,2.1,84,1940,1,2,0,Fully Furnished,Northside,1,3,365900.0,169.16319926028663,0.9523809523809523,Very Old
619,2041.0,2,2.2,24,2000,3,1,0,Semi-Furnished,Suburb_A,2,3,396000.0,194.02253797158255,0.9090909090909091,Moderate
620,1912.0,5,4.1,25,1999,3,1,2,Semi-Furnished,Riverside,2,1,832300.0,435.3033472803347,1.2195121951219514,Moderate
621,1405.0,3,2.9,45,1979,2,1,1,Semi-Furnished,Suburb_B,7,2,299100.0,212.88256227758006,1.0344827586206897,Old
622,2036.0,4,3.0,89,1935,1,0,2,Unfurnished,Riverside,9,3,441200.0,216.69941060903733,1.3333333333333333,Very Old
623,2741.0,3,2.2,15,2009,2,2,0,Fully Furnished,Downtown,1,2,802900.0,292.9222911346224,1.3636363636363635,Recent
624,2473.0,3,2.4,26,1998,2,2,0,Unfurnished,Suburb_A,3,3,380400.0,153.82126971289932,1.25,Moderate
625,2597.0,2,1.7,62,1962,1,2,1,Fully Furnished,Riverside,6,1,780200.0,300.4235656526762,1.1764705882352942,Very Old
626,1544.0,2,1.5,36,1988,2,1,0,Semi-Furnished,Southside,8,4,305400.0,197.7979274611399,1.3333333333333333,Old
627,1305.0,2,1.8,6,2018,4,2,1,Semi-Furnished,Riverside,3,2,657300.0,503.67816091954023,1.1111111111111112,Recent
628,1737.0,4,3.3,37,1987,2,2,0,Unfurnished,Lakeside,0,5,448000.0,257.915947035118,1.2121212121212122,Old
629,1828.0,3,2.1,11,2013,5,1,2,Semi-Furnished,Northside,1,1,548800.0,300.218818380744,1.4285714285714286,Recent
630,2347.0,3,2.6,30,1994,3,0,3,Fully Furnished,Downtown,4,2,821000.0,349.8082658713251,1.1538461538461537,Moderate
631,954.0,3,2.7,31,1993,3,0,1,Semi-Furnished,OldTown,2,1,160800.0,168.55345911949686,1.111111111111111,Old
632,2565.0,5,4.1,77,1947,1,2,1,Semi-Furnished,Suburb_B,0,2,294300.0,114.73684210526316,1.2195121951219514,Very Old
633,1721.0,2,1.9,27,1997,3,2,1,Semi-Furnished,Northside,0,1,474500.0,275.7117954677513,1.0526315789473684,Moderate
634,1587.0,2,1.2,16,2008,3,1,1,Fully Furnished,OldTown,5,3,302200.0,190.4221802142407,1.6666666666666667,Moderate
635,1294.0,3,2.5,13,2011,4,1,1,Semi-Furnished,OldTown,9,4,327100.0,252.7820710973725,1.2,Recent
636,973.0,4,2.8,76,1948,1,2,1,Fully Furnished,Northside,8,1,378200.0,388.69475847893113,1.4285714285714286,Very Old
637,2212.0,5,3.7,10,2014,4,2,1,Unfurnished,Riverside,5,1,1148900.0,519.3942133815551,1.3513513513513513,Recent
638,1837.0,2,1.4,25,1999,3,2,2,Semi-Furnished,Lakeside,7,4,558700.0,304.1371801850844,1.4285714285714286,Moderate
639,1155.0,4,2.9,11,2013,4,1,1,Fully Furnished,Greenfield,0,2,415300.0,359.56709956709955,1.3793103448275863,Recent
640,1152.0,4,3.0,58,1966,1,1,2,Unfurnished,Suburb_A,4,2,181600.0,157.63888888888889,1.3333333333333333,Very Old
641,1632.0,2,1.5,28,1996,2,1,0,Semi-Furnished,Greenfield,0,1,233500.0,143.07598039215685,1.3333333333333333,Moderate
642,2635.0,3,2.7,21,2003,3,2,1,Semi-Furnished,Suburb_B,6,2,480500.0,182.35294117647058,1.111111111111111,Moderate
643,1670.0,3,2.3,21,2003,3,2,2,Fully Furnished,Hillview,9,1,1221600.0,731.497005988024,1.3043478260869565,Moderate
644,1048.0,5,3.5,72,1952,2,1,0,Semi-Furnished,Hillview,8,3,395800.0,377.67175572519085,1.4285714285714286,Very Old
645,1677.0,2,1.9,33,1991,1,2,2,Semi-Furnished,Hillview,3,2,354300.0,211.2701252236136,1.0526315789473684,Old
646,1664.0,4,2.9,48,1976,2,1,0,Unfurnished,Southside,7,3,363600.0,218.5096153846154,1.3793103448275863,Old
647,600.0,3,2.4,81,1943,1,2,2,Fully Furnished,Suburb_A,9,2,159300.0,265.5,1.25,Very Old
648,1773.0,4,3.3,82,1942,1,1,1,Fully Furnished,Northside,0,2,341400.0,192.5549915397631,1.2121212121212122,Very Old
649,1685.0,3,2.5,19,2005,3,1,0,Unfurnished,OldTown,7,1,483800.0,287.1216617210682,1.2,Moderate
650,2148.0,3,2.7,91,1933,2,1,2,Unfurnished,Greenfield,0,5,298400.0,138.91992551210427,1.111111111111111,Very Old
651,2724.0,4,3.3,1,2023,5,0,3,Fully Furnished,Northside,8,2,1868600.0,685.9765051395008,1.2121212121212122,New
652,2363.0,4,2.9,22,2002,4,2,0,Unfurnished,Riverside,0,1,890200.0,376.7245027507406,1.3793103448275863,Moderate
653,1666.0,4,3.9,80,1944,1,1,0,Fully Furnished,Suburb_A,0,1,258800.0,155.3421368547419,1.0256410256410258,Very Old
654,1247.0,2,1.7,16,2008,2,1,1,Unfurnished,Riverside,6,1,610400.0,489.4947874899759,1.1764705882352942,Moderate
655,3087.0,4,3.2,16,2008,3,2,2,Unfurnished,Southside,0,1,708500.0,229.51085195983154,1.25,Moderate
656,1830.0,2,1.9,18,2006,3,2,0,Fully Furnished,Suburb_B,0,2,371700.0,203.11475409836066,1.0526315789473684,Moderate
657,1807.0,3,2.5,37,1987,2,1,1,Fully Furnished,Suburb_A,4,2,320000.0,177.08909795240731,1.2,Old
658,1788.0,3,2.5,26,1998,3,2,0,Fully Furnished,Suburb_A,7,5,448100.0,250.61521252796422,1.2,Moderate
659,1899.0,3,3.1,49,1975,2,0,2,Fully Furnished,OldTown,0,1,281100.0,148.02527646129542,0.9677419354838709,Old
660,1728.0,3,2.3,80,1944,1,0,1,Fully Furnished,Lakeside,7,3,417200.0,241.4351851851852,1.3043478260869565,Very Old
661,1513.0,5,3.9,40,1984,3,1,0,Unfurnished,Hillview,7,2,507600.0,335.49239920687376,1.2820512820512822,Old
662,1527.0,2,1.6,12,2012,3,1,0,Fully Furnished,OldTown,4,1,1168077.0545562427,319.4499017681729,1.25,Recent
663,1784.0,3,2.7,87,1937,1,1,1,Semi-Furnished,Greenfield,5,5,272100.0,152.52242152466368,1.111111111111111,Very Old
664,1528.0,3,1.9,15,2009,3,1,2,Unfurnished,Greenfield,0,4,390600.0,255.6282722513089,1.5789473684210527,Recent
665,1444.0,2,1.0,8,2016,4,1,1,Semi-Furnished,Greenfield,1,3,379600.0,262.8808864265928,2.0,Recent
666,1853.0,2,1.4,5,2019,4,2,0,Semi-Furnished,Greenfield,0,3,478300.0,258.1219643820831,1.4285714285714286,New
667,1673.0,5,3.5,34,1990,2,1,1,Fully Furnished,OldTown,0,5,336700.0,201.255230125523,1.4285714285714286,Old
668,2552.0,4,3.1,6,2018,4,1,1,Semi-Furnished,Downtown,1,2,1190100.0,466.34012539184954,1.2903225806451613,Recent
669,600.0,5,4.2,8,2016,4,2,0,Fully Furnished,Suburb_B,1,1,305500.0,509.1666666666667,1.1904761904761905,Recent
670,2346.0,5,3.7,17,2007,3,1,0,Unfurnished,Downtown,6,1,1253800.0,534.4416027280478,1.3513513513513513,Moderate
671,2423.0,2,1.2,16,2008,3,1,0,Fully Furnished,OldTown,4,3,522000.0,215.43541064795707,1.6666666666666667,Moderate
672,763.0,3,2.4,36,1988,2,1,1,Semi-Furnished,Suburb_A,8,3,221400.0,290.170380078637,1.25,Old
673,1629.0,3,2.7,66,1958,1,2,1,Semi-Furnished,Greenfield,0,3,217000.0,133.21055862492327,1.111111111111111,Very Old
674,1614.0,3,1.9,56,1968,1,0,1,Semi-Furnished,Hillview,0,1,296800.0,183.8909541511772,1.5789473684210527,Very Old
675,1096.0,3,2.6,15,2009,3,1,0,Fully Furnished,Downtown,3,5,927762.9239241434,486.13138686131384,1.1538461538461537,Recent
676,1411.0,3,2.6,14,2010,4,2,0,Fully Furnished,Hillview,0,2,534500.0,378.8093550673281,1.1538461538461537,Recent
677,1245.0,3,2.7,93,1931,1,1,2,Unfurnished,Northside,7,3,232100.0,186.42570281124497,1.111111111111111,Very Old
678,2676.0,3,2.8,0,2024,5,2,0,Fully Furnished,Suburb_B,3,1,1112200.0,415.6203288490284,1.0714285714285714,New
679,2268.0,2,2.3,77,1947,1,1,2,Fully Furnished,Greenfield,3,5,277100.0,122.17813051146385,0.8695652173913044,Very Old
680,2436.0,3,2.3,11,2013,4,2,1,Semi-Furnished,Riverside,1,2,897700.0,368.51395730706076,1.3043478260869565,Recent
681,2161.0,3,2.4,90,1934,1,2,0,Unfurnished,Downtown,1,2,490200.0,226.83942619157799,1.25,Very Old
682,1235.0,3,2.3,20,2004,3,1,1,Semi-Furnished,Greenfield,2,5,287500.0,232.79352226720647,1.3043478260869565,Moderate
683,1538.0,2,1.6,26,1998,3,1,2,Semi-Furnished,Downtown,0,5,449000.0,291.9375812743823,1.25,Moderate
684,2045.0,4,3.7,46,1978,2,2,1,Semi-Furnished,Riverside,0,1,580600.0,283.9119804400978,1.081081081081081,Old
685,1189.0,1,1.0,35,1989,2,2,2,Fully Furnished,Northside,3,5,264900.0,222.79226240538267,1.0,Old
686,2156.0,3,2.1,19,2005,2,2,0,Semi-Furnished,Lakeside,0,3,538300.0,249.67532467532467,1.4285714285714286,Moderate
687,1680.0,4,3.6,33,1991,2,1,1,Unfurnished,Greenfield,7,1,582200.0,346.54761904761904,1.1111111111111112,Old
688,1613.0,3,2.7,50,1974,1,2,2,Unfurnished,Greenfield,0,1,223800.0,138.74767513949163,1.111111111111111,Old
689,2155.0,2,1.5,2,2022,5,1,2,Fully Furnished,Suburb_B,0,2,694200.0,322.13457076566124,1.3333333333333333,New
690,2022.0,3,2.7,0,2024,5,0,2,Semi-Furnished,OldTown,0,2,642000.0,317.5074183976261,1.111111111111111,New
691,1620.0,3,2.5,27,1997,3,2,1,Semi-Furnished,Downtown,1,3,581400.0,358.8888888888889,1.2,Moderate
692,2380.0,4,3.7,7,2017,3,1,0,Fully Furnished,Riverside,0,1,842000.0,353.781512605042,1.081081081081081,Recent
693,1259.0,4,3.2,40,1984,2,2,0,Semi-Furnished,Southside,0,4,195400.0,155.20254169976172,1.25,Old
694,2108.0,3,2.7,12,2012,4,0,2,Fully Furnished,Riverside,1,4,830500.0,393.9753320683112,1.111111111111111,Recent
695,2097.0,3,3.2,26,1998,3,2,0,Semi-Furnished,Suburb_A,0,3,456200.0,217.54887935145445,0.9375,Moderate
696,1645.0,2,1.8,11,2013,4,1,0,Fully Furnished,Hillview,7,5,666800.0,405.34954407294833,1.1111111111111112,Recent
697,1963.0,2,1.6,33,1991,1,1,0,Semi-Furnished,Downtown,7,4,508400.0,258.99133978604175,1.25,Old
698,1174.0,3,2.6,6,2018,4,0,1,Semi-Furnished,Suburb_B,0,1,334300.0,284.75298126064735,1.1538461538461537,Recent
699,4341.631427706635,3,2.3,1,2023,5,1,1,Semi-Furnished,Northside,0,3,795300.0,351.59151193633954,1.3043478260869565,New
700,1708.0,3,3.1,2,2022,5,2,1,Semi-Furnished,Southside,5,5,754500.0,441.74473067915693,0.9677419354838709,New
701,1539.0,2,1.7,91,1933,1,1,2,Fully Furnished,Hillview,7,1,501800.0,326.0558804418454,1.1764705882352942,Very Old
702,2325.0,1,1.0,8,2016,4,1,0,Semi-Furnished,Suburb_A,9,5,611100.0,262.83870967741933,1.0,Recent
703,1448.0,3,2.1,46,1978,2,1,1,Unfurnished,Northside,0,1,264300.0,182.52762430939225,1.4285714285714286,Old
704,1096.0,2,1.9,3,2021,5,2,1,Fully Furnished,Suburb_A,2,2,500500.0,456.66058394160586,1.0526315789473684,New
705,1022.0,4,3.5,6,2018,4,1,0,Semi-Furnished,Greenfield,6,3,444100.0,434.54011741682973,1.1428571428571428,Recent
706,2103.0,1,1.0,30,1994,2,1,1,Semi-Furnished,Downtown,7,3,699600.0,332.6676176890157,1.0,Moderate
707,1160.0,3,2.6,28,1996,3,1,0,Semi-Furnished,Lakeside,0,3,396700.0,341.98275862068965,1.1538461538461537,Moderate
708,2677.0,5,3.5,91,1933,1,2,0,Semi-Furnished,Greenfield,5,2,395700.0,147.8147179678745,1.4285714285714286,Very Old
709,759.0,2,1.7,89,1935,1,1,0,Semi-Furnished,Suburb_B,0,3,92600.0,122.00263504611331,1.1764705882352942,Very Old
710,2648.0,3,2.5,59,1965,1,2,2,Fully Furnished,Riverside,0,3,521500.0,196.94108761329306,1.2,Very Old
711,1906.0,2,2.1,36,1988,2,2,1,Semi-Furnished,Lakeside,3,2,614200.0,322.24554039874084,0.9523809523809523,Old
712,1752.0,3,2.2,27,1997,2,1,1,Semi-Furnished,Suburb_B,0,2,262200.0,149.65753424657535,1.3636363636363635,Moderate
713,1528.0,3,2.0,21,2003,3,0,2,Fully Furnished,Hillview,6,4,444600.0,290.9685863874345,1.5,Moderate
714,2000.0,3,2.1,90,1934,1,2,0,Semi-Furnished,Suburb_B,6,2,307700.0,153.85,1.4285714285714286,Very Old
715,1781.0,3,2.0,36,1988,2,1,1,Semi-Furnished,OldTown,7,2,325000.0,182.4817518248175,1.5,Old
716,2352.0,4,3.6,34,1990,1,1,1,Unfurnished,Greenfield,1,1,313800.0,133.41836734693877,1.1111111111111112,Old
717,1857.0,2,2.1,13,2011,4,1,0,Fully Furnished,Downtown,0,3,798400.0,429.9407646742057,0.9523809523809523,Recent
718,3176.609430161602,1,1.0,2,2022,5,2,1,Unfurnished,Suburb_A,0,1,609700.0,325.17333333333335,1.0,New
719,1618.0,4,3.6,89,1935,2,1,0,Semi-Furnished,Riverside,2,2,411600.0,254.38813349814586,1.1111111111111112,Very Old
720,1772.0,3,2.4,18,2006,3,1,0,Semi-Furnished,Lakeside,5,1,927000.0,523.1376975169301,1.25,Moderate
721,1954.0,4,3.2,26,1998,3,0,2,Fully Furnished,Southside,1,1,594400.0,304.1965199590583,1.25,Moderate
722,945.0,3,2.3,6,2018,4,2,1,Semi-Furnished,Riverside,3,2,591400.0,625.8201058201058,1.3043478260869565,Recent
723,1126.0,4,3.1,70,1954,1,1,1,Unfurnished,Riverside,3,2,253900.0,225.48845470692717,1.2903225806451613,Very Old
724,2172.0,3,1.9,1,2023,5,1,1,Semi-Furnished,Northside,0,2,814800.0,375.1381215469613,1.5789473684210527,New
725,1885.0,4,3.3,69,1955,1,1,0,Semi-Furnished,Riverside,4,1,461200.0,244.6684350132626,1.2121212121212122,Very Old
726,1708.0,5,4.0,8,2016,4,1,1,Semi-Furnished,Riverside,2,5,906100.0,530.5035128805621,1.25,Recent
727,1809.0,3,2.6,79,1945,1,2,1,Semi-Furnished,Riverside,7,1,626300.0,346.21337755666116,1.1538461538461537,Very Old
728,1974.0,2,1.6,50,1974,1,1,1,Fully Furnished,Suburb_A,5,4,251600.0,127.45694022289767,1.25,Old
729,1530.0,2,1.6,9,2015,4,2,2,Unfurnished,OldTown,0,3,430500.0,281.37254901960785,1.25,Recent
730,1411.0,2,1.3,34,1990,3,1,2,Semi-Furnished,Riverside,3,1,483400.0,342.5939050318923,1.5384615384615383,Old
731,3230.073070376166,2,1.6,18,2006,3,2,1,Fully Furnished,Lakeside,6,2,950400.0,500.73761854583773,1.25,Moderate
732,1311.0,3,2.6,10,2014,5,0,1,Semi-Furnished,OldTown,0,5,396400.0,302.36460717009913,1.1538461538461537,Recent
733,2004.0,3,2.1,74,1950,1,1,1,Unfurnished,Riverside,7,3,433700.0,216.41716566866268,1.4285714285714286,Very Old
734,949.0,3,2.4,24,2000,3,2,1,Unfurnished,Lakeside,0,1,299900.0,316.0168598524763,1.25,Moderate
735,2315.0,3,2.5,23,2001,3,2,0,Semi-Furnished,Lakeside,3,2,717500.0,309.9352051835853,1.2,Moderate
736,2036.0,3,2.2,10,2014,4,1,1,Unfurnished,Hillview,9,2,945600.0,464.44007858546166,1.3636363636363635,Recent
737,1928.0,2,1.4,23,2001,3,1,2,Fully Furnished,Greenfield,4,4,503700.0,261.2551867219917,1.4285714285714286,Moderate
738,2291.0,2,1.7,76,1948,2,0,1,Fully Furnished,Suburb_B,2,5,291000.0,127.01876909646442,1.1764705882352942,Very Old
739,2633.0,2,1.3,21,2003,4,2,1,Fully Furnished,Southside,0,1,571700.0,217.12875047474364,1.5384615384615383,Moderate
740,2307.0,3,2.5,91,1933,1,1,0,Fully Furnished,Suburb_B,0,2,288000.0,124.83745123537061,1.2,Very Old
741,880.0,2,1.3,90,1934,1,1,0,Fully Furnished,Northside,4,1,238100.0,270.5681818181818,1.5384615384615383,Very Old
742,1160.0,2,1.9,8,2016,4,0,3,Semi-Furnished,Downtown,3,5,684200.0,589.8275862068965,1.0526315789473684,Recent
743,1488.0,3,3.1,10,2014,4,2,0,Semi-Furnished,Southside,1,2,425600.0,286.02150537634407,0.9677419354838709,Recent
744,1813.0,4,2.9,74,1950,1,1,1,Semi-Furnished,OldTown,8,4,241500.0,133.2046332046332,1.3793103448275863,Very Old
745,2059.0,1,1.0,23,2001,3,1,0,Semi-Furnished,Southside,1,2,492600.0,239.2423506556581,1.0,Moderate
746,1437.0,3,2.2,0,2024,5,1,1,Unfurnished,Suburb_B,3,3,507700.0,353.3054975643702,1.3636363636363635,New
747,1893.0,3,2.7,16,2008,3,1,1,Fully Furnished,Lakeside,4,1,947400.0,500.4754358161648,1.111111111111111,Moderate
748,1422.0,4,2.8,36,1988,2,1,0,Semi-Furnished,Suburb_B,3,5,279600.0,196.62447257383965,1.4285714285714286,Old
749,1494.0,5,4.1,63,1961,1,2,0,Semi-Furnished,Southside,3,2,273900.0,183.33333333333334,1.2195121951219514,Very Old
750,1097.0,1,1.0,7,2017,4,2,2,Unfurnished,Downtown,1,4,524600.0,478.21330902461256,1.0,Recent
751,1338.0,2,1.5,6,2018,5,1,0,Fully Furnished,Southside,8,1,830200.0,620.4783258594917,1.3333333333333333,Recent
752,1124.0,4,2.9,85,1939,1,2,0,Fully Furnished,Lakeside,2,3,249800.0,222.24199288256227,1.3793103448275863,Very Old
753,1312.0,3,2.6,54,1970,1,1,2,Semi-Furnished,OldTown,3,2,171400.0,130.640243902439,1.1538461538461537,Very Old
754,2327.0,3,2.1,35,1989,2,1,2,Unfurnished,Lakeside,5,1,605000.0,259.9914052428019,1.4285714285714286,Old
755,1325.0,3,2.6,57,1967,2,2,1,Fully Furnished,Riverside,0,2,364000.0,274.7169811320755,1.1538461538461537,Very Old
756,5781.285653799084,4,3.1,25,1999,3,1,0,Semi-Furnished,Northside,7,2,837900.0,268.9024390243902,1.2903225806451613,Moderate
757,2047.0,5,4.0,55,1969,1,1,0,Fully Furnished,Downtown,3,1,641600.0,313.4342940889106,1.25,Very Old
758,1892.0,5,4.0,22,2002,3,2,2,Unfurnished,Lakeside,5,1,921500.0,487.0507399577167,1.25,Moderate
759,1371.0,4,3.0,14,2010,3,0,2,Fully Furnished,Downtown,6,2,769500.0,561.269146608315,1.3333333333333333,Recent
760,2150.0,2,1.7,50,1974,1,2,1,Fully Furnished,Hillview,8,2,560100.0,260.51162790697674,1.1764705882352942,Old
761,1512.0,4,3.7,25,1999,4,2,0,Fully Furnished,Southside,1,2,529800.0,350.3968253968254,1.081081081081081,Moderate
762,1861.0,1,1.0,96,1928,1,1,0,Semi-Furnished,Northside,7,2,343400.0,184.524449220849,1.0,Very Old
763,3080.0,3,2.8,20,2004,4,2,0,Fully Furnished,Suburb_A,0,1,843900.0,273.9935064935065,1.0714285714285714,Moderate
764,1752.0,4,3.6,85,1939,1,1,1,Unfurnished,Riverside,5,1,519100.0,296.28995433789953,1.1111111111111112,Very Old
765,2375.0,2,1.4,87,1937,1,0,1,Unfurnished,OldTown,0,4,236100.0,99.41052631578947,1.4285714285714286,Very Old
766,1448.0,2,1.2,14,2010,4,1,2,Fully Furnished,Suburb_B,0,1,405000.0,279.69613259668506,1.6666666666666667,Recent
767,1783.0,2,1.7,63,1961,1,2,0,Semi-Furnished,Greenfield,0,3,236800.0,132.80987100392596,1.1764705882352942,Very Old
768,2685.0,4,3.0,26,1998,3,2,1,Fully Furnished,Greenfield,0,2,726000.0,270.39106145251395,1.3333333333333333,Moderate
769,1487.0,3,3.0,84,1940,2,1,0,Semi-Furnished,Suburb_A,0,5,234600.0,157.76731674512442,1.0,Very Old
770,2706.0,3,2.4,27,1997,3,3,1,Fully Furnished,Southside,5,1,988600.0,365.3362897265336,1.25,Moderate
771,2154.0,2,1.4,53,1971,1,1,0,Fully Furnished,Riverside,0,4,377900.0,175.4410399257196,1.4285714285714286,Very Old
772,1519.0,4,2.9,28,1996,3,2,1,Semi-Furnished,Downtown,6,2,690000.0,454.2462146148782,1.3793103448275863,Moderate
773,2116.0,4,3.5,13,2011,4,1,1,Fully Furnished,OldTown,0,1,486600.0,229.96219281663517,1.1428571428571428,Recent
774,2286.0,3,2.2,11,2013,3,2,0,Unfurnished,Southside,0,1,576800.0,252.31846019247595,1.3636363636363635,Recent
775,2111.0,3,2.4,25,1999,4,1,2,Semi-Furnished,Southside,2,2,548800.0,259.97157745144483,1.25,Moderate
776,1015.0,2,1.9,55,1969,1,1,1,Unfurnished,Northside,1,2,171300.0,168.76847290640393,1.0526315789473684,Very Old
777,1436.0,5,3.9,36,1988,2,1,2,Unfurnished,Downtown,0,2,469700.0,327.0891364902507,1.2820512820512822,Old
778,1676.0,3,2.4,43,1981,2,1,2,Unfurnished,Greenfield,9,5,306600.0,182.93556085918854,1.25,Old
779,1763.0,5,4.0,16,2008,3,1,2,Semi-Furnished,Downtown,0,2,644500.0,365.5700510493477,1.25,Moderate
780,2110.0,3,2.6,29,1995,3,1,0,Semi-Furnished,Downtown,6,2,922000.0,436.9668246445498,1.1538461538461537,Moderate
781,1889.0,4,3.4,2,2022,5,2,0,Semi-Furnished,Northside,0,3,871400.0,461.3022763366861,1.1764705882352942,New
782,1132.0,4,3.1,66,1958,1,1,2,Unfurnished,Southside,8,3,167600.0,148.0565371024735,1.2903225806451613,Very Old
783,1990.0,3,2.4,98,1926,1,2,1,Semi-Furnished,Southside,1,1,283400.0,142.41206030150755,1.25,Very Old
784,2105.0,5,3.9,24,2000,3,0,1,Unfurnished,Hillview,8,3,839200.0,398.6698337292162,1.2820512820512822,Moderate
785,2080.0,3,2.0,0,2024,4,1,1,Fully Furnished,Downtown,1,2,1318100.0,633.7019230769231,1.5,New
786,2340.0,2,1.7,10,2014,4,0,3,Semi-Furnished,Greenfield,0,1,599500.0,256.1965811965812,1.1764705882352942,Recent
787,2217.0,3,3.0,39,1985,1,1,1,Semi-Furnished,Suburb_B,3,1,392800.0,177.1763644564727,1.0,Old
788,2030.0,4,2.9,37,1987,2,2,2,Unfurnished,Southside,3,1,474100.0,233.54679802955664,1.3793103448275863,Old
789,1765.0,3,2.2,61,1963,1,0,2,Fully Furnished,Riverside,0,2,347400.0,196.8271954674221,1.3636363636363635,Very Old
790,970.0,2,1.3,15,2009,3,1,0,Semi-Furnished,Riverside,0,1,375600.0,387.21649484536084,1.5384615384615383,Recent
791,2015.0,3,2.6,56,1968,2,0,2,Semi-Furnished,OldTown,7,2,731183.3141082252,179.5533498759305,1.1538461538461537,Very Old
792,1904.0,3,2.5,42,1982,1,1,1,Fully Furnished,Downtown,0,2,419000.0,220.06302521008402,1.2,Old
793,1936.0,3,2.4,19,2005,3,2,1,Semi-Furnished,OldTown,3,3,403900.0,208.62603305785123,1.25,Moderate
794,1162.0,3,2.1,32,1992,1,1,0,Semi-Furnished,Northside,3,3,274000.0,235.80034423407918,1.4285714285714286,Old
795,1259.0,4,3.2,8,2016,3,2,1,Fully Furnished,Greenfield,5,3,536100.0,425.8141382049245,1.25,Recent
796,2327.0,2,1.1,27,1997,3,1,1,Semi-Furnished,Downtown,0,4,728900.0,313.2359260850881,1.8181818181818181,Moderate
797,1780.0,3,2.4,78,1946,1,2,1,Unfurnished,Greenfield,4,4,247800.0,139.2134831460674,1.25,Very Old
798,2141.0,2,1.9,25,1999,3,2,2,Unfurnished,Hillview,0,4,519800.0,242.7837459131247,1.0526315789473684,Moderate
799,1814.0,2,1.2,70,1954,1,1,1,Semi-Furnished,Lakeside,0,1,339900.0,187.37596471885337,1.6666666666666667,Very Old
800,1815.0,4,2.7,35,1989,1,1,0,Semi-Furnished,Lakeside,3,1,455600.0,251.01928374655648,1.4814814814814814,Old
801,2269.0,5,4.5,11,2013,3,2,1,Fully Furnished,Downtown,8,2,1216700.0,536.2274129572498,1.1111111111111112,Recent
802,1542.0,3,2.2,35,1989,2,1,1,Unfurnished,Hillview,0,2,303200.0,196.6277561608301,1.3636363636363635,Old
803,1848.0,4,3.5,30,1994,2,2,0,Fully Furnished,Riverside,0,1,617600.0,334.1991341991342,1.1428571428571428,Moderate
804,1569.0,4,3.2,23,2001,3,1,1,Semi-Furnished,Downtown,5,1,767500.0,489.16507329509244,1.25,Moderate
805,1583.0,4,3.2,6,2018,4,1,0,Fully Furnished,OldTown,1,5,482300.0,304.67466835123184,1.25,Recent
806,1645.0,2,1.7,25,1999,3,2,0,Semi-Furnished,OldTown,4,2,329300.0,200.1823708206687,1.1764705882352942,Moderate
807,1911.0,5,3.7,4,2020,5,1,2,Fully Furnished,Riverside,9,2,2216600.0,1159.9162742019885,1.3513513513513513,New
808,1561.0,3,2.4,5,2019,4,1,2,Unfurnished,Greenfield,9,1,892500.0,571.7488789237668,1.25,New
809,2428.0,3,2.3,25,1999,3,1,1,Semi-Furnished,Suburb_B,1,3,358900.0,147.8171334431631,1.3043478260869565,Moderate
810,1353.0,2,1.2,18,2006,3,1,1,Semi-Furnished,OldTown,3,2,327400.0,241.98078344419807,1.6666666666666667,Moderate
811,1707.0,3,2.5,86,1938,1,2,2,Fully Furnished,Greenfield,8,1,434600.0,254.59871118922086,1.2,Very Old
812,1580.0,2,1.5,22,2002,3,2,2,Unfurnished,Lakeside,0,5,439100.0,277.9113924050633,1.3333333333333333,Moderate
813,2523.0,2,1.6,55,1969,2,2,1,Fully Furnished,Lakeside,2,3,576200.0,228.37891399128023,1.25,Very Old
814,1898.0,3,2.0,32,1992,2,1,1,Semi-Furnished,Northside,1,3,424200.0,223.49841938883034,1.5,Old
815,2316.0,4,3.7,45,1979,3,1,1,Semi-Furnished,Hillview,0,5,586300.0,253.15198618307426,1.081081081081081,Old
816,1057.0,4,3.5,15,2009,3,2,0,Unfurnished,Hillview,9,2,524800.0,496.4995269631031,1.1428571428571428,Recent
817,1934.0,3,2.7,89,1935,1,1,1,Fully Furnished,Suburb_A,6,3,292900.0,151.4477766287487,1.111111111111111,Very Old
818,2245.0,4,3.1,32,1992,1,1,1,Semi-Furnished,Lakeside,1,1,526500.0,234.52115812917594,1.2903225806451613,Old
819,1841.0,4,2.7,69,1955,1,2,2,Semi-Furnished,Riverside,7,3,344500.0,187.1265616512765,1.4814814814814814,Very Old
820,2333.0,4,3.8,21,2003,3,1,2,Unfurnished,Southside,3,1,579300.0,248.30690098585512,1.0526315789473684,Moderate
821,1541.0,2,1.6,5,2019,4,1,0,Fully Furnished,Suburb_B,8,1,885600.0,574.6917585983127,1.25,New
822,2505.0,3,2.2,40,1984,1,0,3,Semi-Furnished,Northside,0,2,385400.0,153.85229540918164,1.3636363636363635,Old
823,2949.0,5,4.1,0,2024,5,3,0,Fully Furnished,Greenfield,0,1,1116600.0,378.63682604272634,1.2195121951219514,New
824,1619.0,3,2.8,28,1996,2,0,2,Fully Furnished,Riverside,0,2,382500.0,236.2569487337863,1.0714285714285714,Moderate
825,1577.0,3,2.4,11,2013,5,2,2,Fully Furnished,Northside,3,2,764300.0,484.6544071020926,1.25,Recent
826,2527.0,3,2.8,37,1987,2,3,1,Unfurnished,Northside,0,3,559600.0,221.44835773644638,1.0714285714285714,Old
827,2590.0,3,2.7,96,1928,1,2,1,Fully Furnished,Greenfield,0,1,446100.0,172.23938223938225,1.111111111111111,Very Old
828,1539.0,3,2.1,27,1997,3,2,0,Unfurnished,Lakeside,9,1,1926568.9960221965,669.3957115009747,1.4285714285714286,Moderate
829,1590.0,2,1.4,66,1958,2,1,1,Fully Furnished,Northside,8,3,370400.0,232.9559748427673,1.4285714285714286,Very Old
830,1659.0,3,2.7,30,1994,2,1,1,Unfurnished,Greenfield,5,3,316700.0,190.8981314044605,1.111111111111111,Moderate
831,1128.0,4,2.4,29,1995,3,1,0,Semi-Furnished,Northside,8,1,506700.0,449.20212765957444,1.6666666666666667,Moderate
832,1341.0,4,3.2,87,1937,1,2,0,Fully Furnished,Suburb_B,9,2,257300.0,191.8717375093214,1.25,Very Old
833,1298.0,2,1.2,79,1945,1,0,2,Semi-Furnished,Northside,5,3,227200.0,175.03852080123266,1.6666666666666667,Very Old
834,1416.0,5,3.9,60,1964,1,0,2,Semi-Furnished,Downtown,3,1,415700.0,293.5734463276836,1.2820512820512822,Very Old
835,1783.0,3,2.3,17,2007,3,0,3,Semi-Furnished,Lakeside,8,2,998700.0,560.1233875490746,1.3043478260869565,Moderate
836,1917.0,3,2.3,32,1992,2,1,2,Semi-Furnished,Suburb_A,4,2,331200.0,172.7699530516432,1.3043478260869565,Old
837,2575.0,4,3.0,13,2011,4,3,2,Semi-Furnished,Downtown,0,5,1068700.0,415.02912621359224,1.3333333333333333,Recent
838,1301.0,4,2.9,26,1998,3,1,2,Semi-Furnished,Suburb_B,1,1,239700.0,184.24289008455034,1.3793103448275863,Moderate
839,2292.0,5,4.7,29,1995,3,1,2,Unfurnished,Greenfield,2,2,547200.0,238.7434554973822,1.0638297872340425,Moderate
840,1693.0,3,3.0,69,1955,1,1,1,Semi-Furnished,Suburb_B,9,4,211800.0,125.10336680448907,1.0,Very Old
841,1775.0,4,2.9,80,1944,1,0,2,Unfurnished,Southside,5,2,349800.0,197.07042253521126,1.3793103448275863,Very Old
842,2137.0,2,2.1,24,2000,3,0,1,Unfurnished,Southside,8,2,589000.0,275.6200280767431,0.9523809523809523,Moderate
843,1239.0,4,3.1,0,2024,5,1,2,Fully Furnished,Northside,6,1,957600.0,772.8813559322034,1.2903225806451613,New
844,1991.0,4,3.2,74,1950,2,2,0,Fully Furnished,Suburb_B,0,5,250100.0,125.61526870919135,1.25,Very Old
845,3071.8926770721555,3,2.4,10,2014,4,2,0,Semi-Furnished,Hillview,6,4,694000.0,368.56080722251727,1.25,Recent
846,2046.0,2,1.4,37,1987,2,2,2,Semi-Furnished,Suburb_A,0,3,332200.0,162.36559139784947,1.4285714285714286,Old
847,1945.0,4,3.5,1,2023,5,1,0,Fully Furnished,OldTown,2,1,827700.0,425.55269922879177,1.1428571428571428,New
848,3028.0,3,2.4,24,2000,4,0,1,Fully Furnished,Southside,7,1,1302600.0,430.18494055482165,1.25,Moderate
849,1481.0,2,1.5,97,1927,1,1,1,Semi-Furnished,Lakeside,4,2,353000.0,238.35246455097908,1.3333333333333333,Very Old
850,1535.0,4,2.8,5,2019,4,1,0,Semi-Furnished,Suburb_A,7,1,685500.0,446.5798045602606,1.4285714285714286,New
851,1488.0,3,2.1,25,1999,3,0,1,Fully Furnished,Greenfield,0,3,241600.0,162.36559139784947,1.4285714285714286,Moderate
852,1522.0,4,2.7,18,2006,3,1,2,Unfurnished,Suburb_B,6,2,433600.0,284.88830486202363,1.4814814814814814,Moderate
853,1481.0,3,2.4,82,1942,1,1,0,Semi-Furnished,Lakeside,0,4,322100.0,217.4881836596894,1.25,Very Old
854,2395.0,2,1.2,76,1948,1,1,1,Semi-Furnished,Northside,3,1,505400.0,211.02296450939457,1.6666666666666667,Very Old
855,2510.0,4,3.1,14,2010,5,1,2,Semi-Furnished,Downtown,2,2,1110200.0,442.31075697211156,1.2903225806451613,Recent
856,1515.0,3,2.8,4,2020,5,0,1,Fully Furnished,Suburb_A,4,3,619200.0,408.71287128712873,1.0714285714285714,New
857,1384.0,2,2.0,37,1987,2,1,0,Semi-Furnished,Lakeside,0,2,374900.0,270.8815028901734,1.0,Old
858,2036.0,4,3.2,20,2004,2,0,2,Fully Furnished,Riverside,1,4,555000.0,272.5933202357564,1.25,Moderate
859,1524.0,3,2.4,40,1984,3,2,0,Fully Furnished,Downtown,5,1,761000.0,499.34383202099735,1.25,Old
860,2116.0,3,3.0,1,2023,5,0,1,Semi-Furnished,Greenfield,4,3,777500.0,367.4385633270321,1.0,New
861,1901.0,3,2.6,7,2017,4,1,1,Fully Furnished,Northside,4,5,711900.0,374.48711204629143,1.1538461538461537,Recent
862,1042.0,4,3.1,42,1982,3,2,0,Semi-Furnished,Downtown,3,2,388300.0,372.64875239923225,1.2903225806451613,Old
863,2574.0,4,2.8,12,2012,4,3,2,Semi-Furnished,OldTown,9,2,910300.0,353.65190365190364,1.4285714285714286,Recent
864,2698.0,4,3.3,73,1951,1,1,0,Fully Furnished,Northside,9,1,863400.0,320.01482579688656,1.2121212121212122,Very Old
865,1494.0,2,1.8,3,2021,5,1,1,Fully Furnished,Suburb_A,1,3,635400.0,425.30120481927713,1.1111111111111112,New
866,1606.0,4,3.0,12,2012,5,0,2,Unfurnished,Downtown,1,2,838800.0,522.291407222914,1.3333333333333333,Recent
867,1943.0,3,2.5,99,1925,1,1,2,Fully Furnished,Hillview,4,1,593400.0,305.4040144107051,1.2,Very Old
868,1967.0,3,2.3,26,1998,3,0,3,Semi-Furnished,Greenfield,0,3,432800.0,220.03050330452464,1.3043478260869565,Moderate
869,2129.0,3,2.3,45,1979,2,1,0,Semi-Furnished,Suburb_A,0,4,327700.0,153.92202912165337,1.3043478260869565,Old
870,2805.0,4,2.5,10,2014,4,0,1,Unfurnished,Lakeside,0,5,958600.0,341.74688057041,1.6,Recent
871,1712.0,4,3.1,36,1988,3,1,0,Unfurnished,Lakeside,0,2,671700.0,392.3481308411215,1.2903225806451613,Old
872,1401.0,2,1.9,49,1975,3,1,0,Unfurnished,Greenfield,5,2,306900.0,219.05781584582442,1.0526315789473684,Old
873,1110.0,3,2.2,18,2006,3,1,1,Fully Furnished,Downtown,1,4,397500.0,358.1081081081081,1.3636363636363635,Moderate
874,1435.0,4,3.2,68,1956,1,1,1,Unfurnished,Southside,0,2,224200.0,156.23693379790942,1.25,Very Old
875,1783.0,1,1.0,36,1988,1,2,0,Fully Furnished,OldTown,8,3,246800.0,138.41839596186202,1.0,Old
876,2697.0,5,4.1,23,2001,3,3,1,Fully Furnished,Lakeside,8,3,1281400.0,475.120504263997,1.2195121951219514,Moderate
877,1541.0,3,2.3,33,1991,1,2,1,Semi-Furnished,Suburb_B,8,2,314100.0,203.8286826735886,1.3043478260869565,Old
878,1912.0,3,2.1,34,1990,2,1,2,Semi-Furnished,Northside,1,1,440800.0,230.5439330543933,1.4285714285714286,Old
879,1792.0,2,2.0,9,2015,3,2,0,Fully Furnished,Suburb_B,0,1,391300.0,218.359375,1.0,Recent
880,2394.0,2,1.9,24,2000,3,1,0,Fully Furnished,Greenfield,0,2,506400.0,211.52882205513785,1.0526315789473684,Moderate
881,3063.0,6,4.6,20,2004,2,2,1,Unfurnished,Southside,0,2,549600.0,179.4319294809011,1.3043478260869565,Moderate
882,1535.0,2,1.7,24,2000,3,2,0,Unfurnished,Greenfield,0,4,323200.0,210.55374592833877,1.1764705882352942,Moderate
883,1555.0,4,3.4,56,1968,1,2,1,Semi-Furnished,Southside,8,2,368500.0,236.97749196141478,1.1764705882352942,Very Old
884,2322.0,3,2.6,29,1995,3,1,1,Semi-Furnished,OldTown,9,1,951900.0,409.9483204134367,1.1538461538461537,Moderate
885,2141.0,2,1.1,89,1935,1,2,1,Unfurnished,Southside,7,2,352600.0,164.6893974778141,1.8181818181818181,Very Old
886,2723.0,1,1.1,17,2007,3,0,2,Unfurnished,OldTown,6,1,671000.0,246.41939037825927,0.9090909090909091,Moderate
887,2092.0,3,2.2,25,1999,3,0,1,Semi-Furnished,Riverside,4,1,827000.0,395.31548757170174,1.3636363636363635,Moderate
888,1620.0,5,3.9,61,1963,1,1,1,Semi-Furnished,Downtown,6,1,584900.0,361.04938271604937,1.2820512820512822,Very Old
889,2095.0,3,3.2,32,1992,2,2,2,Fully Furnished,Riverside,9,2,947400.0,452.21957040572795,0.9375,Old
890,2354.0,3,2.5,33,1991,2,2,0,Semi-Furnished,Hillview,4,1,730700.0,310.40781648258286,1.2,Old
891,2210.0,3,2.3,2,2022,5,1,1,Fully Furnished,Southside,0,1,1119100.0,506.38009049773757,1.3043478260869565,New
892,2054.0,3,1.7,23,2001,3,0,1,Semi-Furnished,Hillview,0,3,570900.0,277.9454722492697,1.7647058823529411,Moderate
893,2333.0,3,2.8,16,2008,3,1,2,Semi-Furnished,Hillview,4,1,929200.0,398.28546935276466,1.0714285714285714,Moderate
894,2385.0,4,2.8,99,1925,1,1,1,Fully Furnished,Greenfield,1,1,340000.0,142.55765199161425,1.4285714285714286,Very Old
895,2491.0,3,2.1,18,2006,3,1,1,Unfurnished,Downtown,8,5,1031400.0,414.050582095544,1.4285714285714286,Moderate
896,2124.0,3,2.3,78,1946,2,1,2,Fully Furnished,Southside,4,3,450500.0,212.09981167608285,1.3043478260869565,Very Old
897,1716.0,2,2.0,40,1984,1,0,2,Semi-Furnished,Downtown,5,1,493500.0,287.5874125874126,1.0,Old
898,1873.0,5,4.2,20,2004,3,1,1,Unfurnished,Greenfield,0,1,382800.0,204.37800320341697,1.1904761904761905,Moderate
899,2403.0,2,1.6,32,1992,1,1,0,Semi-Furnished,Riverside,3,3,502600.0,209.1552226383687,1.25,Old
900,1392.0,2,1.7,70,1954,1,2,0,Semi-Furnished,Hillview,2,2,248000.0,178.16091954022988,1.1764705882352942,Very Old
901,1984.0,3,2.2,78,1946,1,1,2,Semi-Furnished,Hillview,6,1,613000.0,308.9717741935484,1.3636363636363635,Very Old
902,1603.0,3,2.4,9,2015,4,0,1,Unfurnished,Northside,1,1,1447227.7508107454,401.80910792264507,1.25,Recent
903,1814.0,3,2.4,20,2004,4,1,1,Unfurnished,Suburb_A,9,5,451700.0,249.0077177508269,1.25,Moderate
904,2439.0,3,2.7,20,2004,3,1,0,Semi-Furnished,Riverside,5,2,855500.0,350.75850758507585,1.111111111111111,Moderate
905,1896.0,4,3.5,2,2022,5,0,1,Unfurnished,Riverside,5,2,1220600.0,643.7763713080169,1.1428571428571428,New
906,1823.0,2,1.7,36,1988,2,1,0,Fully Furnished,Greenfield,8,1,1245150.9365184382,327.8661546900713,1.1764705882352942,Old
907,1120.0,4,3.1,73,1951,1,2,1,Unfurnished,Downtown,9,1,449900.0,401.69642857142856,1.2903225806451613,Very Old
908,2173.0,3,2.6,22,2002,3,1,0,Unfurnished,Lakeside,0,2,486700.0,223.97606994937874,1.1538461538461537,Moderate
909,2123.0,3,2.4,52,1972,1,1,0,Semi-Furnished,Riverside,7,5,402200.0,189.44889307583608,1.25,Very Old
910,2882.0,3,2.1,37,1987,2,3,1,Unfurnished,Suburb_A,0,1,429600.0,149.06315058986814,1.4285714285714286,Old
911,1646.0,2,1.5,22,2002,3,1,1,Semi-Furnished,Lakeside,2,5,455900.0,276.9744835965978,1.3333333333333333,Moderate
912,1910.0,4,3.2,8,2016,4,2,0,Fully Furnished,Northside,0,1,848200.0,444.08376963350787,1.25,Recent
913,1925.0,3,2.7,46,1978,3,2,1,Unfurnished,OldTown,4,2,334800.0,173.92207792207793,1.111111111111111,Old
914,2589.0,3,2.3,73,1951,1,2,2,Semi-Furnished,Northside,2,1,560100.0,216.33835457705678,1.3043478260869565,Very Old
915,1752.0,3,2.0,42,1982,2,1,1,Semi-Furnished,Greenfield,5,2,323300.0,184.53196347031962,1.5,Old
916,1940.0,5,4.0,0,2024,5,2,2,Semi-Furnished,Southside,5,2,1089900.0,561.8041237113403,1.25,New
917,2104.0,3,2.4,12,2012,4,0,2,Unfurnished,Greenfield,4,3,564800.0,268.44106463878325,1.25,Recent
918,1893.0,5,4.1,3,2021,5,2,0,Unfurnished,Suburb_A,0,2,706900.0,373.4284204965663,1.2195121951219514,New
919,1577.0,3,2.7,34,1990,2,2,0,Fully Furnished,Suburb_B,7,2,424100.0,268.9283449587825,1.111111111111111,Old
920,1897.0,2,1.9,55,1969,1,0,2,Semi-Furnished,Southside,4,3,307100.0,161.88719030047443,1.0526315789473684,Very Old
921,2337.0,2,1.4,6,2018,4,2,1,Unfurnished,OldTown,3,1,521300.0,223.06375695335902,1.4285714285714286,Recent
922,1287.0,3,2.2,70,1954,1,2,1,Semi-Furnished,Suburb_A,9,2,261300.0,203.03030303030303,1.3636363636363635,Very Old
923,1866.0,2,1.3,33,1991,2,2,0,Unfurnished,Greenfield,0,1,267500.0,143.35476956055734,1.5384615384615383,Old
924,1450.0,1,1.0,43,1981,2,1,1,Unfurnished,Hillview,3,2,296400.0,204.41379310344828,1.0,Old
925,2398.0,5,4.4,94,1930,1,1,0,Semi-Furnished,Southside,5,3,444700.0,185.44620517097582,1.1363636363636362,Very Old
926,1038.0,4,3.1,4,2020,5,1,2,Semi-Furnished,Riverside,0,1,591300.0,569.6531791907514,1.2903225806451613,New
927,1521.0,4,3.1,81,1943,1,1,0,Semi-Furnished,Riverside,1,5,350600.0,230.50624589086127,1.2903225806451613,Very Old
928,1989.0,2,2.0,7,2017,4,1,2,Semi-Furnished,Suburb_B,7,4,556100.0,279.587732528909,1.0,Recent
929,2583.0,2,1.8,23,2001,3,3,0,Semi-Furnished,Hillview,0,2,812300.0,314.47928765001933,1.1111111111111112,Moderate
930,1767.0,2,1.7,72,1952,1,1,0,Unfurnished,Suburb_B,3,1,239500.0,135.54046406338426,1.1764705882352942,Very Old
931,1522.0,4,2.8,82,1942,1,0,2,Unfurnished,Northside,5,3,335200.0,220.2365308804205,1.4285714285714286,Very Old
932,2741.0,5,4.2,30,1994,2,3,2,Semi-Furnished,Riverside,5,4,914400.0,333.6008755928493,1.1904761904761905,Moderate
933,1076.0,3,2.1,35,1989,2,0,1,Unfurnished,Riverside,6,1,424600.0,394.6096654275093,1.4285714285714286,Old
934,701.0,2,1.3,46,1978,2,2,1,Semi-Furnished,Suburb_A,8,5,123800.0,176.60485021398003,1.5384615384615383,Old
935,2020.0,3,2.3,69,1955,1,1,2,Semi-Furnished,Suburb_A,1,5,250600.0,124.05940594059406,1.3043478260869565,Very Old
936,1549.0,3,2.2,7,2017,4,0,2,Semi-Furnished,Greenfield,6,2,560200.0,361.6526791478373,1.3636363636363635,Recent
937,1289.0,3,2.3,65,1959,1,2,0,Unfurnished,Lakeside,6,3,345800.0,268.2699767261443,1.3043478260869565,Very Old
938,2154.0,3,2.0,29,1995,3,0,2,Semi-Furnished,Suburb_B,0,2,370000.0,171.77344475394614,1.5,Moderate
939,1922.0,4,3.5,27,1997,3,1,2,Fully Furnished,Hillview,9,2,861800.0,448.38709677419354,1.1428571428571428,Moderate
940,1518.0,2,1.9,25,1999,3,2,1,Semi-Furnished,Hillview,8,2,507600.0,334.3873517786561,1.0526315789473684,Moderate
941,1160.0,1,1.0,30,1994,2,2,1,Fully Furnished,Downtown,0,1,354100.0,305.2586206896552,1.0,Moderate
942,2236.0,5,4.3,89,1935,1,0,2,Semi-Furnished,Suburb_B,5,3,276700.0,123.74776386404294,1.1627906976744187,Very Old
943,2125.0,2,1.4,33,1991,2,2,2,Fully Furnished,Lakeside,6,1,938300.0,441.5529411764706,1.4285714285714286,Old
944,1750.0,2,1.9,91,1933,1,2,1,Unfurnished,Greenfield,2,2,245200.0,140.11428571428573,1.0526315789473684,Very Old
945,2723.0,2,1.6,10,2014,4,2,2,Fully Furnished,Riverside,8,4,1169200.0,429.3793609988983,1.25,Recent
946,1265.0,1,1.0,49,1975,2,1,0,Semi-Furnished,OldTown,5,1,251700.0,198.97233201581028,1.0,Old
947,1037.0,3,2.3,65,1959,1,0,1,Fully Furnished,Suburb_B,5,2,174400.0,168.17743490838959,1.3043478260869565,Very Old
948,1454.0,4,3.6,41,1983,2,1,0,Unfurnished,Hillview,0,2,274800.0,188.9958734525447,1.1111111111111112,Old
949,1777.0,3,2.0,36,1988,2,1,0,Semi-Furnished,Hillview,2,1,572100.0,321.9471018570625,1.5,Old
950,1922.0,3,2.6,34,1990,2,2,1,Unfurnished,Northside,2,4,380400.0,197.9188345473465,1.1538461538461537,Old
951,1679.0,3,2.7,74,1950,1,1,1,Unfurnished,Riverside,6,2,416500.0,248.06432400238236,1.111111111111111,Very Old
952,1976.0,3,2.6,67,1957,1,1,0,Unfurnished,Greenfield,4,2,299000.0,151.31578947368422,1.1538461538461537,Very Old
953,1174.0,4,3.9,7,2017,4,0,1,Unfurnished,Southside,0,1,442700.0,377.08688245315165,1.0256410256410258,Recent
954,2522.0,4,3.0,72,1952,1,3,0,Fully Furnished,Downtown,0,1,578300.0,229.30214115781126,1.3333333333333333,Very Old
955,1759.0,1,1.1,24,2000,3,0,1,Semi-Furnished,Downtown,2,1,545900.0,310.3467879476976,0.9090909090909091,Moderate
956,2359.0,4,3.2,15,2009,2,0,2,Fully Furnished,Suburb_A,6,1,885500.0,375.3709198813056,1.25,Recent
957,1971.0,3,2.8,76,1948,1,1,0,Unfurnished,Riverside,6,2,492800.0,250.025367833587,1.0714285714285714,Very Old
958,2028.0,5,4.0,26,1998,3,2,2,Unfurnished,Hillview,3,2,706000.0,348.12623274161734,1.25,Moderate
959,2085.0,3,2.3,64,1960,1,1,0,Unfurnished,Riverside,0,1,311000.0,149.16067146282973,1.3043478260869565,Very Old
960,2024.0,5,4.4,15,2009,3,1,1,Fully Furnished,Hillview,0,1,665800.0,328.9525691699605,1.1363636363636362,Recent
961,2121.0,4,3.1,0,2024,5,1,2,Semi-Furnished,Suburb_A,0,2,785400.0,370.2970297029703,1.2903225806451613,New
962,2465.0,2,1.2,29,1995,3,1,0,Semi-Furnished,Northside,7,3,556600.0,225.80121703853956,1.6666666666666667,Moderate
963,1898.0,3,2.2,5,2019,4,1,1,Fully Furnished,Suburb_B,0,3,550700.0,290.14752370916756,1.3636363636363635,New
964,2155.0,5,4.2,55,1969,1,1,0,Fully Furnished,Greenfield,2,1,335200.0,155.54524361948955,1.1904761904761905,Very Old
965,1755.0,4,3.6,16,2008,3,2,0,Semi-Furnished,Downtown,5,4,699300.0,398.46153846153845,1.1111111111111112,Moderate
966,2520.0,2,1.6,26,1998,4,3,1,Unfurnished,OldTown,9,5,453900.0,180.11904761904762,1.25,Moderate
967,1462.0,4,3.6,4,2020,5,0,2,Semi-Furnished,Riverside,9,2,1247600.0,853.3515731874145,1.1111111111111112,New
968,2700.0,3,2.0,17,2007,3,1,1,Semi-Furnished,Lakeside,9,3,1215300.0,450.1111111111111,1.5,Moderate
969,1780.0,1,1.0,60,1964,1,2,2,Semi-Furnished,Greenfield,6,2,286900.0,161.17977528089887,1.0,Very Old
970,1085.0,3,2.3,8,2016,4,1,2,Semi-Furnished,Suburb_B,6,5,372000.0,342.85714285714283,1.3043478260869565,Recent
971,1864.0,2,1.6,39,1985,3,2,0,Unfurnished,Northside,6,2,569000.0,305.2575107296137,1.25,Old
972,1459.0,4,3.2,84,1940,1,1,1,Semi-Furnished,Northside,8,5,316500.0,216.92940370116517,1.25,Very Old
973,2220.0,3,2.6,41,1983,2,1,1,Fully Furnished,OldTown,9,1,613600.0,276.39639639639637,1.1538461538461537,Old
974,1474.0,4,3.1,65,1959,1,2,1,Semi-Furnished,Downtown,2,2,267000.0,181.13975576662145,1.2903225806451613,Very Old
975,1577.0,1,1.0,6,2018,4,2,0,Unfurnished,Suburb_A,2,3,445800.0,282.6886493341788,1.0,Recent
976,855.0,3,2.4,14,2010,3,1,2,Semi-Furnished,Suburb_A,2,3,261200.0,305.4970760233918,1.25,Recent
977,1574.0,2,1.3,80,1944,1,1,1,Semi-Furnished,Suburb_B,5,3,195000.0,123.88818297331639,1.5384615384615383,Very Old
978,600.0,2,1.6,47,1977,2,1,1,Fully Furnished,Suburb_A,7,4,110900.0,184.83333333333334,1.25,Old
979,1008.0,2,1.6,38,1986,2,1,1,Fully Furnished,Downtown,8,3,413200.0,409.92063492063494,1.25,Old
980,2180.0,2,1.6,40,1984,2,2,0,Unfurnished,Lakeside,2,3,485000.0,222.47706422018348,1.25,Old
981,2193.0,3,2.4,24,2000,4,1,1,Semi-Furnished,Hillview,1,2,678800.0,309.5303237574099,1.25,Moderate
982,2013.0,2,1.6,2,2022,5,1,2,Semi-Furnished,Greenfield,9,2,1007200.0,500.347739692002,1.25,New
983,1317.0,3,2.3,60,1964,1,2,2,Semi-Furnished,Southside,0,2,230000.0,174.63933181473044,1.3043478260869565,Very Old
984,1776.0,3,2.8,41,1983,1,1,0,Unfurnished,Greenfield,0,3,272600.0,153.49099099099098,1.0714285714285714,Old
985,1798.0,4,2.8,28,1996,3,1,1,Fully Furnished,Suburb_A,6,2,532200.0,295.99555061179086,1.4285714285714286,Moderate
986,1221.0,5,3.8,81,1943,2,2,1,Unfurnished,Greenfield,0,1,237900.0,194.84029484029483,1.3157894736842106,Very Old
987,2552.0,3,3.2,20,2004,3,1,0,Semi-Furnished,Suburb_A,2,1,526600.0,206.34796238244513,0.9375,Moderate
988,2239.0,3,2.1,17,2007,3,1,0,Unfurnished,Suburb_A,0,5,421200.0,188.11969629298795,1.4285714285714286,Moderate
989,1690.0,2,1.2,76,1948,1,0,1,Unfurnished,Hillview,0,1,253800.0,150.17751479289942,1.6666666666666667,Very Old
990,1813.0,5,4.2,62,1962,1,0,1,Semi-Furnished,Hillview,4,1,533000.0,293.9878654164368,1.1904761904761905,Very Old
991,1904.0,2,1.0,31,1993,3,1,0,Fully Furnished,OldTown,1,2,378200.0,198.6344537815126,2.0,Old
992,779.0,2,1.5,7,2017,5,1,0,Fully Furnished,Lakeside,2,1,639100.0,820.410783055199,1.3333333333333333,Recent
993,1676.0,2,2.2,12,2012,4,2,0,Unfurnished,Lakeside,0,2,513100.0,306.145584725537,0.9090909090909091,Recent
994,1459.0,3,1.9,39,1985,3,2,0,Fully Furnished,Southside,6,1,534200.0,366.14119259766966,1.5789473684210527,Old
995,1299.0,2,1.0,23,2001,3,2,1,Fully Furnished,Downtown,0,1,512900.0,394.84218629715167,2.0,Moderate
996,1659.0,4,2.8,70,1954,1,1,0,Fully Furnished,Riverside,1,4,420400.0,253.4056660638939,1.4285714285714286,Very Old
997,2699.0,2,1.9,90,1934,1,1,0,Semi-Furnished,Downtown,0,3,492900.0,182.6231937754724,1.0526315789473684,Very Old
998,2120.0,3,2.7,64,1960,1,1,2,Fully Furnished,Southside,2,1,218200.0,102.9245283018868,1.111111111111111,Very Old
999,1514.0,2,1.4,22,2002,3,1,0,Unfurnished,Lakeside,2,3,410000.0,270.80581241743727,1.4285714285714286,Moderate
1000,2086.0,2,1.8,61,1963,1,2,1,Unfurnished,OldTown,3,3,231200.0,110.83413231064237,1.1111111111111112,Very Old
1001,2500.0,5,4.4,21,2003,3,0,2,Semi-Furnished,Downtown,9,3,978200.0,391.28,1.1363636363636362,Moderate
1002,2262.0,2,2.1,9,2015,4,0,1,Semi-Furnished,Suburb_B,8,2,767400.0,339.2572944297082,0.9523809523809523,Recent
1003,1830.0,4,3.1,1,2023,5,2,1,Semi-Furnished,Downtown,4,1,3296571.2081000605,993.551912568306,1.2903225806451613,New
1004,1477.0,3,1.7,23,2001,3,1,1,Unfurnished,Hillview,0,3,454500.0,307.7183480027082,1.7647058823529411,Moderate
1005,2149.0,2,1.4,82,1942,1,1,0,Semi-Furnished,Southside,4,2,367500.0,171.0097719869707,1.4285714285714286,Very Old
1006,1997.0,5,3.9,14,2010,4,1,1,Semi-Furnished,Downtown,0,1,880700.0,441.0115172759139,1.2820512820512822,Recent
1007,2248.0,2,1.5,12,2012,4,2,1,Semi-Furnished,Southside,6,2,766200.0,340.83629893238435,1.3333333333333333,Recent
1008,2118.0,4,3.1,94,1930,1,1,0,Unfurnished,Suburb_B,1,3,260200.0,122.85174693106704,1.2903225806451613,Very Old
1009,2325.0,2,1.9,1,2023,5,1,1,Semi-Furnished,Lakeside,7,2,1512900.0,650.7096774193549,1.0526315789473684,New
1010,1532.0,4,3.6,60,1964,1,0,2,Semi-Furnished,Lakeside,9,1,596800.0,389.55613577023496,1.1111111111111112,Very Old
1011,2459.0,1,1.0,19,2005,3,1,0,Fully Furnished,Suburb_A,2,4,455000.0,185.03456689711265,1.0,Moderate
1012,1899.0,3,2.7,1,2023,5,2,1,Semi-Furnished,Suburb_B,2,4,601400.0,316.6929963138494,1.111111111111111,New
1013,2838.0,4,3.3,84,1940,1,3,1,Semi-Furnished,Northside,4,2,573800.0,202.184637068358,1.2121212121212122,Very Old
1014,1455.0,5,4.0,8,2016,4,1,2,Semi-Furnished,Downtown,0,2,695200.0,477.8006872852234,1.25,Recent
1015,2668.0,5,4.3,33,1991,2,0,3,Semi-Furnished,Downtown,9,3,991400.0,371.5892053973013,1.1627906976744187,Old
1016,1899.0,4,3.2,16,2008,3,2,1,Unfurnished,Suburb_A,2,1,521300.0,274.51290152711954,1.25,Moderate
1017,1474.0,4,3.8,3,2021,5,1,0,Fully Furnished,OldTown,0,3,564800.0,383.1750339213026,1.0526315789473684,New
1018,1558.0,2,1.2,2,2022,5,1,0,Semi-Furnished,Hillview,6,3,900700.0,578.1129653401797,1.6666666666666667,New
1019,1640.0,2,1.4,6,2018,4,1,0,Semi-Furnished,Riverside,0,2,697300.0,425.1829268292683,1.4285714285714286,Recent
1020,2012.0,2,1.6,4,2020,5,0,1,Semi-Furnished,Greenfield,0,1,624000.0,310.13916500994037,1.25,New
1021,2061.0,3,2.5,56,1968,1,2,1,Semi-Furnished,Hillview,4,1,422500.0,204.99757399320717,1.2,Very Old
1022,2846.068813428534,3,2.8,29,1995,3,2,2,Unfurnished,Northside,5,3,419100.0,276.9993390614673,1.0714285714285714,Moderate
1023,1788.0,3,2.4,20,2004,3,2,1,Fully Furnished,Hillview,4,1,831300.0,464.93288590604027,1.25,Moderate
1024,2871.0,2,1.2,25,1999,3,3,1,Unfurnished,Suburb_A,5,2,541200.0,188.50574712643677,1.6666666666666667,Moderate
1025,2664.0,3,2.7,86,1938,1,2,1,Unfurnished,Suburb_B,0,2,250400.0,93.993993993994,1.111111111111111,Very Old
1026,2018.0,2,1.8,83,1941,1,1,0,Semi-Furnished,Northside,3,1,346000.0,171.45688800792865,1.1111111111111112,Very Old
1027,1819.0,3,1.8,47,1977,2,2,1,Unfurnished,Greenfield,1,2,233600.0,128.42221000549753,1.6666666666666665,Old
1028,1860.0,3,2.4,78,1946,1,1,1,Semi-Furnished,Hillview,9,2,409400.0,220.10752688172042,1.25,Very Old
1029,2107.0,4,2.7,19,2005,3,0,3,Semi-Furnished,Lakeside,0,3,776800.0,368.67584242999527,1.4814814814814814,Moderate
1030,1289.0,4,3.0,22,2002,3,1,0,Unfurnished,Suburb_B,0,1,237800.0,184.48409619860357,1.3333333333333333,Moderate
1031,1671.0,3,2.1,37,1987,2,2,2,Fully Furnished,Riverside,9,1,757100.0,453.081986834231,1.4285714285714286,Old
1032,966.0,2,1.8,37,1987,2,1,1,Fully Furnished,Downtown,9,4,361000.0,373.7060041407868,1.1111111111111112,Old
1033,2000.0,3,2.4,29,1995,3,2,0,Fully Furnished,Lakeside,7,3,845800.0,422.9,1.25,Moderate
1034,2124.0,2,1.2,24,2000,3,0,2,Semi-Furnished,Greenfield,0,3,328400.0,154.61393596986818,1.6666666666666667,Moderate
1035,1558.0,3,2.7,97,1927,1,1,0,Fully Furnished,Suburb_A,4,1,328800.0,211.0397946084724,1.111111111111111,Very Old
1036,2587.0,3,2.0,67,1957,1,2,1,Unfurnished,OldTown,2,1,259400.0,100.27058368766912,1.5,Very Old
1037,1187.0,1,1.0,26,1998,3,0,3,Semi-Furnished,Southside,7,2,332600.0,280.20219039595617,1.0,Moderate
1038,1068.0,2,1.4,50,1974,1,0,3,Unfurnished,Hillview,0,4,171800.0,160.8614232209738,1.4285714285714286,Old
1039,1912.0,5,3.9,16,2008,3,0,1,Fully Furnished,Southside,0,4,542100.0,283.52510460251045,1.2820512820512822,Moderate
1040,2324.0,5,4.2,5,2019,4,2,1,Semi-Furnished,Suburb_B,3,4,681700.0,293.3304647160069,1.1904761904761905,New
1041,2642.0,3,2.6,21,2003,3,0,3,Fully Furnished,Suburb_A,0,1,576900.0,218.35730507191522,1.1538461538461537,Moderate
1042,1571.0,1,1.2,24,2000,3,1,0,Fully Furnished,OldTown,5,4,570969.3678402512,193.25270528325908,0.8333333333333334,Moderate
1043,2339.0,2,1.6,0,2024,5,0,1,Semi-Furnished,Riverside,7,4,1214900.0,519.4100042753313,1.25,New
1044,1781.0,3,2.5,66,1958,1,1,0,Unfurnished,Greenfield,6,1,366100.0,205.5586749017406,1.2,Very Old
1045,1714.0,5,3.9,21,2003,3,1,2,Semi-Furnished,Greenfield,2,2,449500.0,262.2520420070012,1.2820512820512822,Moderate
1046,2242.0,2,1.7,35,1989,2,1,0,Semi-Furnished,Southside,8,2,528200.0,235.59322033898306,1.1764705882352942,Old
1047,2126.0,4,3.3,4,2020,5,1,1,Semi-Furnished,Northside,0,1,957600.0,450.4233301975541,1.2121212121212122,New
1048,1012.0,2,1.6,10,2014,4,1,1,Fully Furnished,Southside,0,2,317200.0,313.4387351778656,1.25,Recent
1049,2538.0,5,3.5,79,1945,1,1,1,Semi-Furnished,OldTown,3,4,272200.0,107.24980299448384,1.4285714285714286,Very Old
1050,2490.0,3,2.5,36,1988,2,2,2,Fully Furnished,OldTown,0,4,420700.0,168.9558232931727,1.2,Old
1051,1487.0,4,3.3,90,1934,1,0,2,Unfurnished,Greenfield,0,5,208700.0,140.34969737726968,1.2121212121212122,Very Old
1052,1998.0,3,2.2,99,1925,1,1,0,Unfurnished,Southside,1,2,300600.0,150.45045045045046,1.3636363636363635,Very Old
1053,2047.0,3,2.0,22,2002,3,1,1,Semi-Furnished,Lakeside,9,2,919600.0,449.2427943331705,1.5,Moderate
1054,1930.0,2,2.0,17,2007,4,0,1,Semi-Furnished,Northside,8,3,673200.0,348.80829015544043,1.0,Moderate
1055,1525.0,2,1.7,74,1950,1,2,1,Fully Furnished,Greenfield,2,2,260200.0,170.62295081967213,1.1764705882352942,Very Old
1056,1464.0,5,3.9,99,1925,1,1,0,Unfurnished,Suburb_B,0,1,180300.0,123.15573770491804,1.2820512820512822,Very Old
1057,1787.0,5,3.7,38,1986,2,1,1,Unfurnished,Hillview,0,3,482000.0,269.7257974258534,1.3513513513513513,Old
1058,2386.0,4,3.0,62,1962,1,1,2,Unfurnished,Suburb_B,1,1,282900.0,118.56663872590109,1.3333333333333333,Very Old
1059,2072.0,3,2.8,60,1964,1,2,1,Fully Furnished,Hillview,0,1,403600.0,194.78764478764478,1.0714285714285714,Very Old
1060,1615.0,4,3.2,21,2003,3,2,2,Fully Furnished,OldTown,0,1,350800.0,217.21362229102166,1.25,Moderate
1061,2186.0,2,1.4,34,1990,2,2,1,Semi-Furnished,Northside,5,5,525700.0,240.48490393412627,1.4285714285714286,Old
1062,600.0,3,2.6,69,1955,1,1,0,Unfurnished,Suburb_A,4,1,110900.0,184.83333333333334,1.1538461538461537,Very Old
1063,2374.0,3,2.2,42,1982,2,1,0,Unfurnished,Hillview,0,2,378000.0,159.22493681550125,1.3636363636363635,Old
1064,930.0,3,2.9,0,2024,5,1,1,Semi-Furnished,Suburb_B,7,5,432100.0,464.6236559139785,1.0344827586206897,New
1065,1619.0,3,2.8,20,2004,3,0,1,Unfurnished,Greenfield,7,2,452700.0,279.6170475602224,1.0714285714285714,Moderate
1066,1240.0,2,1.5,8,2016,4,1,1,Unfurnished,Riverside,3,1,599600.0,483.5483870967742,1.3333333333333333,Recent
1067,1153.0,3,2.2,13,2011,4,1,1,Fully Furnished,Lakeside,0,2,549800.0,476.84301821335646,1.3636363636363635,Recent
1068,2380.0,4,2.4,82,1942,1,1,2,Unfurnished,Southside,8,1,497200.0,208.9075630252101,1.6666666666666667,Very Old
1069,1566.0,3,2.0,1,2023,5,2,1,Fully Furnished,Hillview,5,1,1701500.0,1086.5261813537675,1.5,New
1070,1973.0,2,1.2,13,2011,3,0,1,Semi-Furnished,OldTown,0,4,391600.0,198.47947288393308,1.6666666666666667,Recent
1071,1777.0,2,1.6,18,2006,3,1,0,Fully Furnished,Suburb_A,4,1,595000.0,334.83398987056836,1.25,Moderate
1072,2039.0,2,1.5,37,1987,2,0,1,Semi-Furnished,Riverside,2,3,511400.0,250.80922020598334,1.3333333333333333,Old
1073,1838.0,2,1.2,32,1992,2,1,2,Unfurnished,Riverside,5,2,494100.0,268.8248095756257,1.6666666666666667,Old
1074,1159.0,3,2.3,12,2012,4,0,2,Semi-Furnished,Hillview,3,1,500400.0,431.7515099223468,1.3043478260869565,Recent
1075,2298.0,3,2.6,9,2015,4,1,2,Fully Furnished,Riverside,3,2,1171000.0,509.5735422106179,1.1538461538461537,Recent
1076,1553.0,3,2.6,14,2010,3,1,2,Fully Furnished,Lakeside,6,1,865000.0,556.9864777849324,1.1538461538461537,Recent
1077,1022.0,3,1.8,30,1994,2,1,1,Semi-Furnished,Lakeside,4,2,635630.0179599697,313.89432485322897,1.6666666666666665,Moderate
1078,1586.0,4,3.2,16,2008,3,1,0,Semi-Furnished,OldTown,0,2,282000.0,177.80580075662044,1.25,Moderate
1079,2550.0,2,1.2,90,1934,1,2,0,Semi-Furnished,Riverside,0,1,445100.0,174.54901960784315,1.6666666666666667,Very Old
1080,2225.0,3,2.7,27,1997,3,1,0,Fully Furnished,Hillview,0,3,627500.0,282.02247191011236,1.111111111111111,Moderate
1081,1626.0,4,3.4,3,2021,5,1,0,Unfurnished,Greenfield,2,1,758100.0,466.2361623616236,1.1764705882352942,New
1082,1625.0,2,1.3,50,1974,1,1,1,Unfurnished,OldTown,0,2,166500.0,102.46153846153847,1.5384615384615383,Old
1083,1639.0,2,1.4,19,2005,4,2,0,Semi-Furnished,Northside,5,3,614800.0,375.1067724222087,1.4285714285714286,Moderate
1084,2838.0,4,3.1,39,1985,2,2,1,Unfurnished,Southside,0,2,656300.0,231.25440451021845,1.2903225806451613,Old
1085,1991.0,3,1.7,16,2008,3,1,0,Unfurnished,OldTown,6,4,437100.0,219.53792064289303,1.7647058823529411,Moderate
1086,2015.0,3,2.5,34,1990,2,2,0,Semi-Furnished,Riverside,6,3,535500.0,265.75682382133994,1.2,Old
1087,2315.0,1,1.0,58,1966,1,2,1,Semi-Furnished,Riverside,0,5,405400.0,175.11879049676025,1.0,Very Old
1088,1919.0,3,2.7,86,1938,1,2,2,Unfurnished,Southside,5,1,399200.0,208.02501302761854,1.111111111111111,Very Old
1089,1670.0,3,2.1,15,2009,3,1,1,Fully Furnished,Lakeside,9,5,627900.0,375.98802395209583,1.4285714285714286,Recent
1090,1702.0,2,1.4,20,2004,3,1,1,Semi-Furnished,Suburb_B,0,3,256400.0,150.64629847238544,1.4285714285714286,Moderate
1091,1764.0,3,1.9,27,1997,3,1,1,Unfurnished,Suburb_A,8,3,433400.0,245.69160997732428,1.5789473684210527,Moderate
1092,1781.0,2,1.3,86,1938,1,1,1,Fully Furnished,Suburb_A,4,5,259500.0,145.70466030320046,1.5384615384615383,Very Old
1093,2164.0,3,2.0,81,1943,1,2,2,Unfurnished,Northside,4,2,344000.0,158.9648798521257,1.5,Very Old
1094,1826.0,2,1.9,5,2019,4,1,0,Semi-Furnished,OldTown,0,4,461400.0,252.68346111719606,1.0526315789473684,New
1095,2166.0,2,1.4,7,2017,5,2,2,Semi-Furnished,Hillview,6,2,1202800.0,555.309325946445,1.4285714285714286,Recent
1096,1760.0,2,1.6,29,1995,2,1,0,Semi-Furnished,Northside,3,2,461800.0,262.3863636363636,1.25,Moderate
1097,1839.0,2,1.5,6,2018,4,1,2,Semi-Furnished,Lakeside,6,2,1062600.0,577.8140293637847,1.3333333333333333,Recent
1098,801.0,5,3.6,20,2004,3,2,0,Unfurnished,Southside,7,1,432400.0,539.8252184769038,1.3888888888888888,Moderate
1099,2258.0,1,1.0,8,2016,5,2,2,Semi-Furnished,Downtown,3,2,1402600.0,621.1691762621789,1.0,Recent
1100,1973.0,3,2.6,38,1986,2,2,2,Unfurnished,OldTown,0,5,248300.0,125.84896097313735,1.1538461538461537,Old
1101,2299.0,2,1.2,90,1934,1,2,0,Semi-Furnished,Suburb_B,0,3,301800.0,131.2744671596346,1.6666666666666667,Very Old
1102,600.0,3,2.6,99,1925,1,1,2,Semi-Furnished,Northside,0,3,120900.0,201.5,1.1538461538461537,Very Old
1103,2844.0,5,3.7,22,2002,3,3,0,Unfurnished,Downtown,8,3,1119500.0,393.63572433192684,1.3513513513513513,Moderate
1104,1730.0,2,1.5,36,1988,1,2,0,Fully Furnished,Suburb_B,0,2,222500.0,128.61271676300578,1.3333333333333333,Old
1105,2354.0,5,4.2,73,1951,1,1,1,Unfurnished,Downtown,1,1,497000.0,211.12999150382328,1.1904761904761905,Very Old
1106,1280.0,2,1.4,6,2018,3,1,2,Fully Furnished,Downtown,1,1,790600.0,617.65625,1.4285714285714286,Recent
1107,2106.0,4,3.2,43,1981,2,1,1,Unfurnished,Hillview,8,1,734400.0,348.71794871794873,1.25,Old
1108,1273.0,3,2.3,24,2000,3,1,1,Semi-Furnished,Riverside,3,3,489300.0,384.3676355066771,1.3043478260869565,Moderate
1109,1488.0,4,3.2,12,2012,4,0,1,Unfurnished,Southside,9,4,540100.0,362.9704301075269,1.25,Recent
1110,2757.0,3,1.7,24,2000,3,1,2,Unfurnished,Riverside,6,1,1284500.0,465.904969169387,1.7647058823529411,Moderate
1111,1705.0,3,1.9,4,2020,5,0,1,Fully Furnished,Lakeside,8,1,1619300.0,949.7360703812317,1.5789473684210527,New
1112,1909.0,2,1.8,44,1980,2,1,0,Fully Furnished,Suburb_B,0,2,280900.0,147.14510214772133,1.1111111111111112,Old
1113,2235.0,2,1.9,15,2009,3,2,0,Semi-Furnished,Suburb_A,0,1,485700.0,217.31543624161074,1.0526315789473684,Recent
1114,2048.0,5,3.7,18,2006,3,1,0,Semi-Furnished,Southside,0,2,515900.0,251.904296875,1.3513513513513513,Moderate
1115,1875.0,3,2.3,7,2017,4,2,1,Fully Furnished,OldTown,2,1,771800.0,411.62666666666667,1.3043478260869565,Recent
1116,1982.0,3,2.5,75,1949,1,1,0,Fully Furnished,Greenfield,6,2,381900.0,192.68415741675076,1.2,Very Old
1117,3002.0,5,4.2,29,1995,3,1,0,Semi-Furnished,Southside,0,5,670000.0,223.18454363757496,1.1904761904761905,Moderate
1118,1771.0,3,1.8,34,1990,2,1,2,Fully Furnished,Riverside,0,2,458800.0,259.0626764539808,1.6666666666666665,Old
1119,1901.0,5,3.7,34,1990,3,0,3,Unfurnished,Suburb_A,4,3,438400.0,230.6154655444503,1.3513513513513513,Old
1120,2325.0,4,3.1,24,2000,3,2,1,Unfurnished,Northside,0,3,500100.0,215.09677419354838,1.2903225806451613,Moderate
1121,2353.0,3,2.6,11,2013,4,2,0,Unfurnished,OldTown,3,2,651600.0,276.9230769230769,1.1538461538461537,Recent
1122,2394.0,4,3.9,53,1971,1,1,0,Fully Furnished,Riverside,0,4,511500.0,213.65914786967417,1.0256410256410258,Very Old
1123,2119.0,1,1.0,7,2017,5,2,0,Fully Furnished,Lakeside,5,2,1231400.0,581.1231713072203,1.0,Recent
1124,1228.0,2,1.2,6,2018,5,1,1,Semi-Furnished,Southside,3,1,644000.0,524.42996742671,1.6666666666666667,Recent
1125,2617.0,3,2.5,46,1978,3,2,2,Unfurnished,Hillview,5,1,822200.0,314.1765380206343,1.2,Old
1126,1227.0,2,2.0,12,2012,4,1,0,Semi-Furnished,Riverside,0,3,421200.0,343.2762836185819,1.0,Recent
1127,1951.0,4,3.2,18,2006,3,1,0,Semi-Furnished,Suburb_A,0,2,431900.0,221.37365453613532,1.25,Moderate
1128,1423.0,5,3.7,28,1996,3,1,1,Fully Furnished,Lakeside,7,2,749800.0,526.914968376669,1.3513513513513513,Moderate
1129,1768.0,3,2.7,27,1997,3,1,1,Semi-Furnished,Downtown,6,1,973200.0,550.4524886877828,1.111111111111111,Moderate
1130,1964.0,3,2.6,46,1978,1,1,1,Semi-Furnished,Greenfield,4,1,299900.0,152.69857433808554,1.1538461538461537,Old
1131,1961.0,5,3.7,37,1987,1,1,2,Fully Furnished,Northside,5,3,459800.0,234.4722080571137,1.3513513513513513,Old
1132,2011.0,3,2.5,38,1986,2,0,2,Semi-Furnished,Suburb_B,0,4,212500.0,105.66882148184983,1.2,Old
1133,2607.0,3,2.7,47,1977,2,1,1,Semi-Furnished,Hillview,8,2,639200.0,245.18603759110087,1.111111111111111,Old
1134,2027.0,3,2.8,17,2007,3,1,2,Semi-Furnished,Northside,6,1,974900.0,480.9570794277257,1.0714285714285714,Moderate
1135,1678.0,5,4.0,19,2005,3,2,1,Semi-Furnished,Riverside,4,5,758800.0,452.20500595947556,1.25,Moderate
1136,2282.0,3,2.3,26,1998,3,1,0,Unfurnished,Hillview,8,3,645200.0,282.7344434706398,1.3043478260869565,Moderate
1137,2395.0,4,3.6,18,2006,3,2,0,Semi-Furnished,Suburb_B,0,3,480300.0,200.54279749478079,1.1111111111111112,Moderate
1138,1186.0,4,2.8,97,1927,1,2,0,Semi-Furnished,Northside,5,1,331900.0,279.84822934232716,1.4285714285714286,Very Old
1139,2099.0,3,2.5,65,1959,1,1,0,Unfurnished,Greenfield,9,2,403000.0,191.99618866126727,1.2,Very Old
1140,2151.0,3,2.0,9,2015,4,2,0,Unfurnished,Greenfield,0,4,670900.0,311.9014411901441,1.5,Recent
1141,1651.0,4,3.5,0,2024,5,1,0,Semi-Furnished,Riverside,0,2,936700.0,567.3531193216232,1.1428571428571428,New
1142,2488.0,3,2.3,2,2022,5,0,3,Fully Furnished,Hillview,6,3,1445600.0,581.0289389067524,1.3043478260869565,New
1143,1725.0,4,3.6,14,2010,4,1,2,Unfurnished,OldTown,0,3,335800.0,194.66666666666666,1.1111111111111112,Recent
1144,1863.0,5,4.1,6,2018,5,1,1,Fully Furnished,Hillview,8,1,1793700.0,962.8019323671498,1.2195121951219514,Recent
1145,1713.0,3,2.0,32,1992,2,2,2,Unfurnished,Hillview,0,3,476300.0,278.0502043199066,1.5,Old
1146,1808.0,4,3.6,74,1950,1,1,0,Fully Furnished,Riverside,5,1,660100.0,365.0995575221239,1.1111111111111112,Very Old
1147,1252.0,4,3.7,51,1973,1,1,2,Unfurnished,OldTown,1,3,159600.0,127.47603833865814,1.081081081081081,Very Old
1148,1080.0,4,3.5,12,2012,4,2,1,Semi-Furnished,Southside,0,5,410600.0,380.18518518518516,1.1428571428571428,Recent
1149,2597.0,3,2.2,24,2000,3,1,0,Unfurnished,OldTown,8,5,433400.0,166.88486715440894,1.3636363636363635,Moderate
1150,1377.0,2,1.5,30,1994,2,0,2,Semi-Furnished,Northside,6,4,319700.0,232.17138707334786,1.3333333333333333,Moderate
1151,1304.0,3,2.4,65,1959,1,1,0,Unfurnished,Hillview,1,2,241900.0,185.50613496932516,1.25,Very Old
1152,723.0,3,2.2,70,1954,1,2,0,Fully Furnished,Suburb_A,0,3,126500.0,174.96542185338865,1.3636363636363635,Very Old
1153,1481.0,3,2.9,83,1941,1,2,0,Fully Furnished,Riverside,6,3,427100.0,288.3862255232951,1.0344827586206897,Very Old
1154,1138.0,4,3.2,30,1994,1,1,0,Fully Furnished,Riverside,7,1,575200.0,505.4481546572935,1.25,Moderate
1155,2621.0,3,1.6,44,1980,2,2,0,Unfurnished,OldTown,6,1,516100.0,196.90957649752002,1.875,Old
1156,2305.0,3,2.5,6,2018,4,0,2,Semi-Furnished,Lakeside,5,2,1043200.0,452.5813449023861,1.2,Recent
1157,1456.0,2,1.5,34,1990,1,1,2,Semi-Furnished,Riverside,0,1,272200.0,186.95054945054946,1.3333333333333333,Old
1158,2926.0,4,3.2,14,2010,4,2,0,Semi-Furnished,OldTown,8,5,663600.0,226.79425837320574,1.25,Recent
1159,2291.0,3,2.3,26,1998,4,1,0,Unfurnished,Suburb_B,6,2,588500.0,256.87472719336535,1.3043478260869565,Moderate
1160,1638.0,2,1.8,38,1986,2,1,1,Semi-Furnished,Suburb_A,3,1,584971.0570102879,167.03296703296704,1.1111111111111112,Old
1161,600.0,2,1.9,15,2009,3,2,2,Semi-Furnished,Riverside,3,2,299600.0,499.3333333333333,1.0526315789473684,Recent
1162,2945.0,4,3.3,2,2022,5,2,0,Unfurnished,Downtown,4,4,1913300.0,649.6774193548387,1.2121212121212122,New
1163,1105.0,3,2.3,0,2024,5,1,2,Unfurnished,Downtown,7,5,804800.0,728.3257918552036,1.3043478260869565,New
1164,977.0,2,1.6,1,2023,4,0,2,Fully Furnished,Lakeside,6,1,788200.0,806.7553735926305,1.25,New
1165,2311.0,5,4.0,0,2024,5,0,2,Fully Furnished,Downtown,8,3,1726000.0,746.8628299437473,1.25,New
1166,3020.0,5,3.8,6,2018,4,3,0,Fully Furnished,Riverside,3,2,1741400.0,576.6225165562914,1.3157894736842106,Recent
1167,2492.0,5,4.2,14,2010,4,1,1,Semi-Furnished,OldTown,5,2,730800.0,293.2584269662921,1.1904761904761905,Recent
1168,2082.0,3,2.5,13,2011,4,0,2,Semi-Furnished,OldTown,8,3,550900.0,264.60134486071087,1.2,Recent
1169,2097.0,3,2.9,97,1927,1,2,1,Semi-Furnished,Suburb_A,0,1,241000.0,114.92608488316642,1.0344827586206897,Very Old
1170,2227.0,4,3.6,18,2006,3,2,0,Unfurnished,Suburb_B,2,2,494200.0,221.9128872923215,1.1111111111111112,Moderate
1171,2179.0,3,2.2,7,2017,4,1,1,Semi-Furnished,Suburb_B,4,2,635400.0,291.60165213400643,1.3636363636363635,Recent
1172,1941.0,4,3.4,32,1992,1,1,0,Unfurnished,Downtown,8,1,839100.0,432.3029366306028,1.1764705882352942,Old
1173,1852.0,2,1.3,74,1950,1,2,1,Semi-Furnished,Suburb_B,0,1,228700.0,123.48812095032397,1.5384615384615383,Very Old
1174,1769.0,3,2.6,41,1983,2,2,1,Fully Furnished,OldTown,0,1,224700.0,127.02091577162238,1.1538461538461537,Old
1175,1423.0,2,1.4,17,2007,3,2,1,Semi-Furnished,Hillview,0,3,384300.0,270.06324666198174,1.4285714285714286,Moderate
1176,1660.0,2,1.3,33,1991,3,0,2,Unfurnished,Lakeside,1,1,556300.0,335.12048192771084,1.5384615384615383,Old
1177,954.0,1,1.0,47,1977,2,0,2,Fully Furnished,Southside,0,2,176200.0,184.69601677148847,1.0,Old
1178,1751.0,1,1.0,50,1974,1,2,1,Semi-Furnished,Northside,4,2,271300.0,154.94003426613364,1.0,Old
1179,1306.0,5,3.5,40,1984,2,1,0,Fully Furnished,Greenfield,8,5,340000.0,260.33690658499233,1.4285714285714286,Old
1180,1248.0,2,1.5,76,1948,1,0,1,Semi-Furnished,Hillview,5,3,253400.0,203.0448717948718,1.3333333333333333,Very Old
1181,1890.0,3,2.4,76,1948,1,1,1,Semi-Furnished,Lakeside,0,5,427200.0,226.03174603174602,1.25,Very Old
1182,2496.0,4,3.1,34,1990,2,2,1,Unfurnished,Lakeside,8,1,1064900.0,426.64262820512823,1.2903225806451613,Old
1183,2259.0,3,1.9,25,1999,2,1,0,Unfurnished,Southside,5,3,519400.0,229.92474546259407,1.5789473684210527,Moderate
1184,1015.0,2,1.4,38,1986,3,2,1,Semi-Furnished,Northside,0,1,236400.0,232.9064039408867,1.4285714285714286,Old
1185,1305.0,4,3.3,66,1958,1,0,2,Unfurnished,Southside,1,3,237400.0,181.91570881226053,1.2121212121212122,Very Old
1186,2270.0,3,2.6,0,2024,5,2,1,Semi-Furnished,Hillview,7,2,1580100.0,696.079295154185,1.1538461538461537,New
1187,1309.0,4,3.2,98,1926,1,1,1,Unfurnished,Riverside,6,3,369800.0,282.5057295645531,1.25,Very Old
1188,1688.0,4,3.5,10,2014,4,1,1,Semi-Furnished,Riverside,4,2,928300.0,549.9407582938388,1.1428571428571428,Recent
1189,2075.0,5,4.1,28,1996,3,2,0,Unfurnished,Riverside,0,1,633700.0,305.3975903614458,1.2195121951219514,Moderate
1190,1316.0,3,2.2,76,1948,1,2,2,Unfurnished,Hillview,7,3,257700.0,195.8206686930091,1.3636363636363635,Very Old
1191,1853.0,3,2.3,13,2011,4,2,0,Unfurnished,Downtown,0,5,687700.0,371.127900701565,1.3043478260869565,Recent
1192,1133.0,3,2.0,28,1996,3,1,1,Fully Furnished,Northside,6,1,454100.0,400.79435127978815,1.5,Moderate
1193,1499.0,2,1.6,7,2017,4,1,1,Semi-Furnished,Suburb_A,5,5,402400.0,268.44563042028017,1.25,Recent
1194,1960.0,4,3.5,23,2001,3,1,1,Unfurnished,Suburb_A,0,1,397200.0,202.6530612244898,1.1428571428571428,Moderate
1195,1992.6497782773738,2,1.8,10,2014,5,1,0,Unfurnished,Lakeside,0,3,431800.0,430.0796812749004,1.1111111111111112,Recent
1196,2020.0,3,2.8,21,2003,3,2,0,Semi-Furnished,Riverside,0,5,592200.0,293.16831683168317,1.0714285714285714,Moderate
1197,1790.0,4,3.1,22,2002,4,0,3,Fully Furnished,Suburb_B,0,1,401600.0,224.35754189944134,1.2903225806451613,Moderate
1198,2076.0,3,2.8,98,1926,1,1,1,Fully Furnished,Lakeside,0,2,343900.0,165.65510597302506,1.0714285714285714,Very Old
1199,1912.0,3,2.3,99,1925,1,1,0,Semi-Furnished,Greenfield,4,2,296400.0,155.02092050209205,1.3043478260869565,Very Old
1200,2482.0,3,2.8,6,2018,4,0,3,Unfurnished,Southside,4,2,911300.0,367.1635777598711,1.0714285714285714,Recent
1201,1863.0,4,3.2,49,1975,2,2,1,Unfurnished,Suburb_A,4,3,285300.0,153.1400966183575,1.25,Old
1202,1585.0,3,2.6,2,2022,5,1,0,Fully Furnished,Hillview,5,3,941700.0,594.1324921135647,1.1538461538461537,New
1203,1861.0,4,3.6,1,2023,5,1,0,Unfurnished,Riverside,7,5,1270800.0,682.8586781300376,1.1111111111111112,New
1204,2072.0,2,1.5,6,2018,5,2,0,Fully Furnished,Suburb_A,8,1,1334600.0,644.1119691119691,1.3333333333333333,Recent
1205,1824.0,4,3.3,93,1931,1,1,0,Semi-Furnished,Downtown,0,2,326600.0,179.05701754385964,1.2121212121212122,Very Old
1206,1820.0,4,3.6,89,1935,1,1,1,Fully Furnished,OldTown,4,2,270700.0,148.73626373626374,1.1111111111111112,Very Old
1207,1449.0,2,1.6,11,2013,4,0,2,Unfurnished,Lakeside,0,5,585300.0,403.9337474120083,1.25,Recent
1208,1469.0,3,2.0,9,2015,4,1,1,Unfurnished,Southside,0,1,457600.0,311.50442477876106,1.5,Recent
1209,1099.0,2,2.2,14,2010,4,0,3,Semi-Furnished,Suburb_A,5,5,308400.0,280.6187443130118,0.9090909090909091,Recent
1210,2675.0,4,3.1,31,1993,2,1,2,Semi-Furnished,OldTown,3,2,491800.0,183.85046728971963,1.2903225806451613,Old
1211,1178.0,3,2.4,34,1990,2,1,0,Fully Furnished,Suburb_B,6,3,290100.0,246.26485568760611,1.25,Old
1212,1454.0,3,2.7,13,2011,4,1,0,Semi-Furnished,Greenfield,2,2,484600.0,333.28748280605225,1.111111111111111,Recent
1213,1441.0,2,1.4,55,1969,1,1,1,Semi-Furnished,Suburb_A,0,4,167000.0,115.89174184594032,1.4285714285714286,Very Old
1214,2247.0,2,1.3,18,2006,3,1,2,Fully Furnished,Greenfield,8,2,1936133.2507849694,348.28660436137073,1.5384615384615383,Moderate
1215,1653.0,1,1.0,85,1939,1,2,0,Unfurnished,Riverside,0,3,310900.0,188.08227465214762,1.0,Very Old
1216,2424.0,3,1.9,39,1985,1,0,2,Semi-Furnished,Southside,0,3,365200.0,150.66006600660066,1.5789473684210527,Old
1217,1463.0,3,2.3,26,1998,3,2,2,Fully Furnished,Downtown,0,2,532100.0,363.7047163362953,1.3043478260869565,Moderate
1218,1939.0,4,3.3,61,1963,1,1,1,Fully Furnished,Lakeside,9,1,878700.0,453.17173800928316,1.2121212121212122,Very Old
1219,1382.0,3,2.3,66,1958,1,1,0,Fully Furnished,Riverside,2,4,373200.0,270.0434153400868,1.3043478260869565,Very Old
1220,2873.0,3,1.9,17,2007,3,2,2,Semi-Furnished,OldTown,3,1,819200.0,285.1374869474417,1.5789473684210527,Moderate
1221,1206.0,5,4.5,20,2004,3,2,1,Semi-Furnished,Downtown,6,4,556900.0,461.7744610281924,1.1111111111111112,Moderate
1222,1955.0,4,3.2,88,1936,1,1,1,Fully Furnished,Suburb_A,5,3,306800.0,156.9309462915601,1.25,Very Old
1223,2117.0,5,4.4,9,2015,4,1,1,Unfurnished,Lakeside,7,2,1102100.0,520.5951818611243,1.1363636363636362,Recent
1224,2007.0,3,2.3,2,2022,5,2,2,Semi-Furnished,Southside,3,2,936500.0,466.6168410563029,1.3043478260869565,New
1225,1707.0,2,1.3,27,1997,3,2,1,Semi-Furnished,Southside,9,3,442400.0,259.16813122437026,1.5384615384615383,Moderate
1226,1735.0,2,1.7,63,1961,1,1,0,Unfurnished,Suburb_A,7,3,223600.0,128.87608069164264,1.1764705882352942,Very Old
1227,2794.131220419375,4,3.1,58,1966,1,2,1,Fully Furnished,Downtown,2,4,480600.0,263.7760702524698,1.2903225806451613,Very Old
1228,1726.0,2,1.2,85,1939,1,2,0,Semi-Furnished,Hillview,1,1,325200.0,188.4125144843569,1.6666666666666667,Very Old
1229,2282.0,3,2.8,32,1992,2,1,0,Semi-Furnished,Southside,9,5,417100.0,182.77826468010517,1.0714285714285714,Old
1230,2905.0,3,2.2,5,2019,4,1,1,Fully Furnished,Riverside,5,2,1802600.0,620.5163511187608,1.3636363636363635,New
1231,1521.0,3,1.8,35,1989,2,1,0,Fully Furnished,Lakeside,4,4,420800.0,276.6600920447074,1.6666666666666665,Old
1232,1115.0,3,2.8,59,1965,1,1,1,Semi-Furnished,Suburb_B,6,1,208900.0,187.3542600896861,1.0714285714285714,Very Old
1233,1756.0,2,1.4,5,2019,4,2,2,Unfurnished,Southside,4,1,647300.0,368.62186788154895,1.4285714285714286,New
1234,3090.0,4,3.0,10,2014,4,2,1,Unfurnished,Hillview,0,2,936900.0,303.20388349514565,1.3333333333333333,Recent
1235,1398.0,3,1.9,0,2024,5,0,1,Semi-Furnished,Riverside,0,2,671900.0,480.6151645207439,1.5789473684210527,New
1236,2620.0,5,4.5,35,1989,2,0,1,Semi-Furnished,Hillview,4,5,614700.0,234.61832061068702,1.1111111111111112,Old
1237,2639.0,4,2.8,79,1945,1,3,2,Semi-Furnished,Lakeside,0,1,372000.0,140.962485790072,1.4285714285714286,Very Old
1238,1523.0,5,4.0,40,1984,2,2,2,Fully Furnished,Suburb_A,2,1,356800.0,234.27445830597506,1.25,Old
1239,2084.0,4,3.5,96,1928,1,2,0,Fully Furnished,Riverside,6,1,723500.0,347.16890595009596,1.1428571428571428,Very Old
1240,2614.0,3,2.5,3,2021,5,1,0,Semi-Furnished,Suburb_A,0,1,1024300.0,391.8515684774292,1.2,New
1241,1610.0,2,1.6,82,1942,1,2,0,Semi-Furnished,Lakeside,0,2,307900.0,191.24223602484471,1.25,Very Old
1242,1698.0,3,1.9,65,1959,2,1,2,Fully Furnished,Suburb_B,7,2,335200.0,197.40871613663134,1.5789473684210527,Very Old
1243,1509.0,3,2.2,18,2006,3,1,2,Fully Furnished,Hillview,4,2,557800.0,369.6487740225315,1.3636363636363635,Moderate
1244,1293.0,3,2.5,95,1929,1,1,0,Fully Furnished,Lakeside,0,1,279000.0,215.77726218097447,1.2,Very Old
1245,1475.0,3,2.2,17,2007,3,1,1,Semi-Furnished,Suburb_A,7,1,591400.0,400.9491525423729,1.3636363636363635,Moderate
1246,1188.0,3,2.5,79,1945,1,1,0,Semi-Furnished,Southside,5,1,264400.0,222.55892255892255,1.2,Very Old
1247,3104.3293754272386,3,2.6,78,1946,1,0,2,Fully Furnished,OldTown,1,3,221100.0,121.68409466153,1.1538461538461537,Very Old
1248,1415.0,3,2.7,55,1969,1,2,2,Fully Furnished,Hillview,1,3,358200.0,253.14487632508835,1.111111111111111,Very Old
1249,1917.0,2,1.2,34,1990,2,2,0,Fully Furnished,Northside,0,3,410700.0,214.24100156494524,1.6666666666666667,Old
1250,1022.0,4,3.9,6,2018,4,1,2,Fully Furnished,Suburb_B,7,5,341700.0,334.3444227005871,1.0256410256410258,Recent
1251,1965.0,2,1.8,32,1992,2,1,2,Semi-Furnished,Riverside,3,4,555500.0,282.6972010178117,1.1111111111111112,Old
1252,2217.0,2,1.6,21,2003,3,1,2,Fully Furnished,OldTown,4,2,483600.0,218.13261163734776,1.25,Moderate
1253,803.0,3,2.7,61,1963,1,2,0,Unfurnished,Greenfield,8,2,145400.0,181.07098381070983,1.111111111111111,Very Old
1254,1987.0,3,3.1,55,1969,1,1,0,Semi-Furnished,OldTown,0,5,221400.0,111.42425767488676,0.9677419354838709,Very Old
1255,2414.0,3,2.0,83,1941,1,1,0,Semi-Furnished,Northside,0,3,323600.0,134.0513670256835,1.5,Very Old
1256,1195.0,2,1.5,0,2024,5,1,1,Fully Furnished,OldTown,0,1,414500.0,346.8619246861925,1.3333333333333333,New
1257,2636.0,3,1.7,65,1959,1,1,1,Fully Furnished,OldTown,0,2,345200.0,130.95599393019728,1.7647058823529411,Very Old
1258,2010.0,3,2.5,88,1936,1,2,0,Fully Furnished,Hillview,5,5,407400.0,202.6865671641791,1.2,Very Old
1259,1447.0,5,4.1,61,1963,1,0,3,Unfurnished,Suburb_A,5,4,246000.0,170.00691085003456,1.2195121951219514,Very Old
1260,1772.0,5,4.0,7,2017,3,0,3,Unfurnished,Greenfield,0,1,415500.0,234.48081264108353,1.25,Recent
1261,2079.0,3,2.2,4,2020,5,2,0,Fully Furnished,Riverside,0,5,986600.0,474.55507455507455,1.3636363636363635,New
1262,1838.0,3,1.8,0,2024,5,2,1,Semi-Furnished,Suburb_B,0,5,708000.0,385.2013057671382,1.6666666666666665,New
1263,2069.0,4,3.3,38,1986,2,2,0,Fully Furnished,Riverside,9,1,1171200.0,566.0705654905752,1.2121212121212122,Old
1264,1340.0,1,1.2,38,1986,2,1,0,Fully Furnished,Riverside,5,4,414600.0,309.4029850746269,0.8333333333333334,Old
1265,1885.0,3,2.2,97,1927,1,1,0,Unfurnished,Suburb_B,4,4,248400.0,131.77718832891247,1.3636363636363635,Very Old
1266,1093.0,3,2.5,23,2001,3,1,2,Fully Furnished,Northside,0,1,326400.0,298.62763037511434,1.2,Moderate
1267,1744.0,5,3.5,19,2005,3,0,2,Semi-Furnished,Suburb_B,2,3,450900.0,258.54357798165137,1.4285714285714286,Moderate
1268,1348.0,1,1.0,37,1987,2,1,1,Semi-Furnished,Suburb_A,0,2,222700.0,165.20771513353117,1.0,Old
1269,1432.0,3,2.3,68,1956,1,0,1,Semi-Furnished,Downtown,9,3,333000.0,232.54189944134077,1.3043478260869565,Very Old
1270,2418.0,4,3.0,88,1936,1,1,1,Unfurnished,Downtown,6,5,591000.0,244.41687344913151,1.3333333333333333,Very Old
1271,2346.0,3,2.2,63,1961,1,2,0,Unfurnished,Lakeside,4,2,545400.0,232.48081841432224,1.3636363636363635,Very Old
1272,2105.0,2,1.5,25,1999,4,1,1,Unfurnished,Lakeside,4,2,671200.0,318.85985748218525,1.3333333333333333,Moderate
1273,1254.0,5,4.1,38,1986,2,2,1,Semi-Furnished,Northside,3,5,368500.0,293.859649122807,1.2195121951219514,Old
1274,1642.0,3,2.0,73,1951,1,1,1,Fully Furnished,Riverside,0,5,330700.0,201.40073081607795,1.5,Very Old
1275,2407.0,3,2.3,29,1995,3,1,1,Unfurnished,Lakeside,0,1,748500.0,310.96800997091816,1.3043478260869565,Moderate
1276,1871.0,2,1.6,12,2012,4,1,1,Unfurnished,Hillview,4,5,552000.0,295.0293960448958,1.25,Recent
1277,2960.0,3,2.1,10,2014,4,2,0,Semi-Furnished,Southside,0,1,1106900.0,373.9527027027027,1.4285714285714286,Recent
1278,1997.0,3,2.9,0,2024,5,1,2,Unfurnished,Greenfield,0,2,672300.0,336.65498247371056,1.0344827586206897,New
1279,1896.0,2,1.3,48,1976,2,2,0,Fully Furnished,Northside,4,3,458700.0,241.93037974683546,1.5384615384615383,Old
1280,1645.0,2,1.4,6,2018,4,0,2,Fully Furnished,Hillview,8,3,954600.0,580.3039513677811,1.4285714285714286,Recent
1281,1867.0,4,2.9,14,2010,4,2,0,Fully Furnished,Downtown,8,3,1099900.0,589.1269416175683,1.3793103448275863,Recent
1282,1724.0,2,2.1,17,2007,2,0,2,Semi-Furnished,OldTown,0,1,265800.0,154.17633410672855,0.9523809523809523,Moderate
1283,2154.0,2,1.8,33,1991,3,2,1,Unfurnished,Suburb_A,0,1,361700.0,167.9201485608171,1.1111111111111112,Old
1284,2278.0,3,2.1,23,2001,4,1,0,Semi-Furnished,Northside,4,5,623300.0,273.6172080772607,1.4285714285714286,Moderate
1285,1407.0,4,3.5,40,1984,2,2,2,Unfurnished,Greenfield,7,1,425800.0,302.62970859985785,1.1428571428571428,Old
1286,1134.0,2,1.7,3,2021,5,1,1,Semi-Furnished,Greenfield,9,1,787100.0,694.0917107583774,1.1764705882352942,New
1287,882.0,3,2.5,7,2017,3,0,2,Semi-Furnished,Southside,8,4,332000.0,376.4172335600907,1.2,Recent
1288,2054.0,2,1.5,30,1994,2,2,0,Unfurnished,Southside,5,3,402100.0,195.76436222005842,1.3333333333333333,Moderate
1289,1248.0,1,1.0,20,2004,2,1,0,Fully Furnished,Lakeside,0,2,341900.0,273.9583333333333,1.0,Moderate
1290,724.0,2,1.7,17,2007,2,1,0,Unfurnished,OldTown,0,1,117200.0,161.87845303867402,1.1764705882352942,Moderate
1291,1994.0,4,3.0,3,2021,5,2,1,Fully Furnished,Southside,0,4,888600.0,445.6369107321966,1.3333333333333333,New
1292,3046.0,3,2.9,80,1944,1,3,1,Fully Furnished,Downtown,4,5,753800.0,247.4720945502298,1.0344827586206897,Very Old
1293,1797.0,1,1.0,43,1981,1,1,1,Semi-Furnished,Suburb_B,0,1,190600.0,106.06566499721758,1.0,Old
1294,2219.0,3,2.9,7,2017,4,1,2,Unfurnished,Northside,6,2,861100.0,388.0576836412799,1.0344827586206897,Recent
1295,1841.0,4,3.2,3,2021,5,2,1,Semi-Furnished,Downtown,6,1,1754000.0,952.7430744160782,1.25,New
1296,1751.0,2,1.7,95,1929,1,0,1,Semi-Furnished,OldTown,0,4,184200.0,105.19703026841805,1.1764705882352942,Very Old
1297,2260.0,3,2.6,41,1983,1,1,0,Unfurnished,Hillview,8,2,548900.0,242.87610619469027,1.1538461538461537,Old
1298,1655.0,1,1.0,25,1999,3,2,0,Fully Furnished,Southside,3,3,391500.0,236.55589123867068,1.0,Moderate
1299,1934.0,3,2.7,45,1979,2,2,0,Unfurnished,Lakeside,8,2,554700.0,286.81489141675286,1.111111111111111,Old
1300,1961.0,3,1.6,55,1969,1,2,0,Semi-Furnished,Hillview,8,2,431200.0,219.88781234064254,1.875,Very Old
1301,1466.0,3,2.2,59,1965,1,2,1,Fully Furnished,Lakeside,0,4,297000.0,202.59208731241475,1.3636363636363635,Very Old
1302,2296.0,3,2.1,28,1996,3,1,1,Semi-Furnished,Northside,1,2,609000.0,265.2439024390244,1.4285714285714286,Moderate
1303,1713.0,3,2.0,25,1999,2,1,1,Fully Furnished,Suburb_A,0,4,331600.0,193.57851722124926,1.5,Moderate
1304,1422.0,2,1.5,0,2024,4,0,3,Fully Furnished,Southside,7,2,801300.0,563.5021097046414,1.3333333333333333,New
1305,2068.0,3,2.5,86,1938,1,2,2,Fully Furnished,Hillview,3,1,503400.0,243.42359767891682,1.2,Very Old
1306,1351.0,2,1.8,36,1988,2,2,2,Fully Furnished,Riverside,9,2,484800.0,358.8452997779423,1.1111111111111112,Old
1307,1814.0,4,3.3,12,2012,4,2,0,Semi-Furnished,Suburb_B,0,2,486300.0,268.0815876515987,1.2121212121212122,Recent
1308,1795.0,5,3.8,85,1939,1,0,2,Semi-Furnished,Lakeside,5,2,464100.0,258.55153203342616,1.3157894736842106,Very Old
1309,2343.0,5,4.1,84,1940,1,1,0,Semi-Furnished,Suburb_A,9,4,365000.0,155.78318395219804,1.2195121951219514,Very Old
1310,2037.0,4,3.2,98,1926,1,1,0,Semi-Furnished,Suburb_B,5,2,260100.0,127.68777614138439,1.25,Very Old
1311,1787.0,3,2.7,76,1948,1,1,1,Unfurnished,Greenfield,0,4,217700.0,121.82428651371013,1.111111111111111,Very Old
1312,2209.0,4,3.4,99,1925,1,2,1,Fully Furnished,Downtown,4,2,528600.0,239.29379809868718,1.1764705882352942,Very Old
1313,2495.0,2,1.6,14,2010,4,1,0,Semi-Furnished,Suburb_A,0,1,595000.0,238.47695390781564,1.25,Recent
1314,2079.0,3,2.1,71,1953,1,1,1,Fully Furnished,Suburb_B,0,1,243000.0,116.88311688311688,1.4285714285714286,Very Old
1315,1805.0,3,2.2,67,1957,1,2,1,Semi-Furnished,Southside,1,4,255400.0,141.49584487534625,1.3636363636363635,Very Old
1316,1144.0,3,2.2,13,2011,5,1,0,Semi-Furnished,Greenfield,0,1,315900.0,276.1363636363636,1.3636363636363635,Recent
1317,1267.0,4,3.1,5,2019,5,1,0,Unfurnished,Riverside,7,1,1228400.0,969.5343330702447,1.2903225806451613,New
1318,1647.0,2,1.7,96,1928,1,1,2,Unfurnished,OldTown,1,1,175700.0,106.67880995749849,1.1764705882352942,Very Old
1319,1495.0,3,2.6,17,2007,3,2,1,Unfurnished,OldTown,6,2,382600.0,255.91973244147158,1.1538461538461537,Moderate
1320,1707.0,5,4.0,76,1948,1,2,0,Fully Furnished,Downtown,0,2,394500.0,231.1072056239016,1.25,Very Old
1321,1828.0,2,1.6,0,2024,5,1,0,Fully Furnished,Lakeside,0,1,817200.0,447.04595185995623,1.25,New
1322,2065.0,3,2.4,0,2024,5,0,1,Unfurnished,Downtown,0,2,1002900.0,485.66585956416463,1.25,New
1323,1765.0,5,3.8,28,1996,3,0,1,Semi-Furnished,Greenfield,0,2,384000.0,217.56373937677054,1.3157894736842106,Moderate
1324,2043.0,3,2.1,14,2010,4,1,2,Unfurnished,Riverside,1,3,777000.0,380.3230543318649,1.4285714285714286,Recent
1325,1832.0,3,1.9,43,1981,2,1,0,Semi-Furnished,OldTown,4,4,249100.0,135.97161572052403,1.5789473684210527,Old
1326,812.0,2,1.4,34,1990,2,1,0,Unfurnished,OldTown,9,3,148500.0,182.88177339901478,1.4285714285714286,Old
1327,1330.0,3,2.5,4,2020,5,1,0,Unfurnished,Northside,1,2,526700.0,396.01503759398497,1.2,New
1328,1728.0,4,3.0,9,2015,4,2,1,Semi-Furnished,Hillview,0,1,728100.0,421.3541666666667,1.3333333333333333,Recent
1329,1195.0,3,2.3,23,2001,2,0,1,Fully Furnished,Greenfield,0,4,402903.3184689182,189.03765690376568,1.3043478260869565,Moderate
1330,2100.0,3,2.5,10,2014,5,0,2,Semi-Furnished,Greenfield,8,2,965700.0,459.85714285714283,1.2,Recent
1331,2565.0,2,1.8,61,1963,1,2,1,Unfurnished,Lakeside,6,2,557200.0,217.2319688109162,1.1111111111111112,Very Old
1332,2409.0,1,1.0,25,1999,3,0,3,Unfurnished,Greenfield,7,5,503100.0,208.84184308841844,1.0,Moderate
1333,1693.0,5,4.3,5,2019,4,0,2,Fully Furnished,Northside,0,5,721900.0,426.4028352037803,1.1627906976744187,New
1334,2545.0,3,2.7,29,1995,3,3,0,Semi-Furnished,Riverside,0,4,758300.0,297.95677799607074,1.111111111111111,Moderate
1335,1874.0,3,2.1,5,2019,4,2,1,Unfurnished,Suburb_A,0,5,450400.0,240.34151547491996,1.4285714285714286,New
1336,1631.0,2,1.4,7,2017,4,2,2,Semi-Furnished,OldTown,8,4,413700.0,253.6480686695279,1.4285714285714286,Recent
1337,1493.0,3,2.8,14,2010,4,2,0,Unfurnished,Greenfield,0,3,401800.0,269.1225720026792,1.0714285714285714,Recent
1338,1649.0,5,4.0,74,1950,1,1,0,Unfurnished,Hillview,5,1,482400.0,292.5409338993329,1.25,Very Old
1339,1606.0,3,1.7,86,1938,1,2,0,Unfurnished,Greenfield,3,5,171800.0,106.97384806973848,1.7647058823529411,Very Old
1340,1885.0,2,1.2,68,1956,2,1,1,Fully Furnished,Suburb_B,3,4,274800.0,145.78249336870027,1.6666666666666667,Very Old
1341,1880.0,3,2.3,20,2004,2,2,1,Fully Furnished,Hillview,0,1,578900.0,307.9255319148936,1.3043478260869565,Moderate
1342,1802.0,4,2.9,16,2008,3,0,1,Fully Furnished,Southside,5,2,681300.0,378.0799112097669,1.3793103448275863,Moderate
1343,2018.0,3,2.3,33,1991,2,1,1,Unfurnished,Greenfield,0,1,383400.0,189.99008919722496,1.3043478260869565,Old
1344,2395.0,4,3.2,49,1975,2,1,2,Semi-Furnished,Greenfield,9,5,415500.0,173.4864300626305,1.25,Old
1345,2275.0,3,2.8,98,1926,1,2,2,Fully Furnished,Lakeside,0,2,439300.0,193.0989010989011,1.0714285714285714,Very Old
1346,1058.0,4,3.1,7,2017,4,2,1,Semi-Furnished,Suburb_B,0,1,374700.0,354.1587901701323,1.2903225806451613,Recent
1347,600.0,3,2.7,2,2022,5,2,1,Semi-Furnished,Suburb_A,1,1,343300.0,572.1666666666666,1.111111111111111,New
1348,2267.0,2,2.0,44,1980,2,1,0,Unfurnished,Greenfield,7,5,353400.0,155.88883987648876,1.0,Old
1349,1117.0,3,2.8,69,1955,1,1,1,Unfurnished,Riverside,0,3,195500.0,175.02238137869293,1.0714285714285714,Very Old
1350,1688.0,2,1.7,71,1953,1,2,1,Semi-Furnished,Suburb_A,2,2,247500.0,146.62322274881515,1.1764705882352942,Very Old
1351,1215.0,5,3.4,41,1983,2,1,1,Fully Furnished,OldTown,0,2,266300.0,219.1769547325103,1.4705882352941178,Old
1352,899.0,4,3.3,91,1933,1,2,0,Unfurnished,Suburb_A,0,1,115900.0,128.92102335928809,1.2121212121212122,Very Old
1353,2071.0,3,2.7,30,1994,2,1,1,Fully Furnished,Hillview,4,1,1437440.3338067904,404.58715596330273,1.111111111111111,Moderate
1354,2180.0,3,2.4,84,1940,1,1,1,Semi-Furnished,Riverside,0,2,375900.0,172.43119266055047,1.25,Very Old
1355,1512.0,2,2.1,94,1930,1,2,1,Fully Furnished,Northside,5,2,318700.0,210.7804232804233,0.9523809523809523,Very Old
1356,600.0,4,3.5,72,1952,1,0,2,Fully Furnished,Lakeside,7,2,256500.0,427.5,1.1428571428571428,Very Old
1357,1527.0,3,2.6,18,2006,3,2,1,Fully Furnished,Riverside,8,2,727800.0,476.6208251473477,1.1538461538461537,Moderate
1358,1996.0,2,1.9,11,2013,4,1,0,Semi-Furnished,OldTown,0,1,411600.0,206.2124248496994,1.0526315789473684,Recent
1359,1061.0,3,2.5,33,1991,2,2,2,Semi-Furnished,Suburb_B,2,5,170500.0,160.69745523091424,1.2,Old
1360,1892.0,1,1.0,27,1997,3,1,1,Fully Furnished,Northside,9,1,938900.0,496.2473572938689,1.0,Moderate
1361,1792.0,3,2.3,77,1947,1,2,0,Fully Furnished,OldTown,6,1,418300.0,233.42633928571428,1.3043478260869565,Very Old
1362,2090.0,3,2.8,5,2019,4,1,0,Unfurnished,OldTown,0,1,443100.0,212.00956937799043,1.0714285714285714,New
1363,1860.0,2,1.4,15,2009,3,1,1,Fully Furnished,Southside,3,1,627500.0,337.36559139784947,1.4285714285714286,Recent
1364,1313.0,5,3.9,54,1970,1,1,0,Fully Furnished,Lakeside,8,1,572800.0,436.25285605483623,1.2820512820512822,Very Old
1365,2398.0,2,1.3,5,2019,5,2,2,Semi-Furnished,Downtown,2,2,1383700.0,577.022518765638,1.5384615384615383,New
1366,1721.0,2,2.1,19,2005,3,1,1,Unfurnished,Southside,7,3,521200.0,302.8471818710052,0.9523809523809523,Moderate
1367,1786.0,2,2.1,23,2001,3,1,0,Fully Furnished,Northside,3,1,672800.0,376.7077267637178,0.9523809523809523,Moderate
1368,1333.0,4,2.9,37,1987,2,2,1,Unfurnished,Suburb_A,0,2,231300.0,173.51837959489873,1.3793103448275863,Old
1369,1578.0,3,2.4,9,2015,3,1,0,Semi-Furnished,Downtown,0,5,662500.0,419.83523447401774,1.25,Recent
1370,1358.0,3,2.2,74,1950,1,1,2,Semi-Furnished,Hillview,0,1,165000.0,121.5022091310751,1.3636363636363635,Very Old
1371,1714.0,1,1.0,26,1998,3,0,2,Fully Furnished,Downtown,0,3,577600.0,336.9894982497083,1.0,Moderate
1372,2656.0,1,1.0,84,1940,1,1,2,Semi-Furnished,Southside,8,1,530000.0,199.54819277108433,1.0,Very Old
1373,1114.0,3,2.6,28,1996,3,1,1,Fully Furnished,Southside,5,1,457700.0,410.86175942549374,1.1538461538461537,Moderate
1374,993.0,4,3.3,16,2008,3,1,2,Semi-Furnished,Southside,6,2,448300.0,451.460221550856,1.2121212121212122,Moderate
1375,2536.0,4,4.1,8,2016,4,2,0,Fully Furnished,Greenfield,4,1,968300.0,381.8217665615142,0.9756097560975611,Recent
1376,1695.0,2,1.3,0,2024,5,2,0,Semi-Furnished,Greenfield,1,5,663800.0,391.62241887905606,1.5384615384615383,New
1377,1465.0,3,1.9,32,1992,3,0,1,Unfurnished,Downtown,0,1,448100.0,305.87030716723547,1.5789473684210527,Old
1378,2320.0,5,3.9,6,2018,4,2,1,Unfurnished,Southside,9,2,1254200.0,540.6034482758621,1.2820512820512822,Recent
1379,1497.0,3,1.9,23,2001,3,2,0,Fully Furnished,Lakeside,3,3,510900.0,341.28256513026054,1.5789473684210527,Moderate
1380,2713.0,4,2.8,35,1989,2,2,0,Semi-Furnished,Suburb_B,3,1,442200.0,162.99299668263913,1.4285714285714286,Old
1381,2139.0,2,1.3,16,2008,3,2,0,Semi-Furnished,Suburb_A,9,3,563200.0,263.3006077606358,1.5384615384615383,Moderate
1382,1556.0,5,3.7,10,2014,4,1,1,Fully Furnished,Lakeside,1,2,829900.0,533.3547557840617,1.3513513513513513,Recent
1383,2879.0,4,2.9,58,1966,1,2,0,Semi-Furnished,Lakeside,8,3,703300.0,244.2862104897534,1.3793103448275863,Very Old
1384,1497.0,5,4.2,90,1934,1,1,0,Fully Furnished,Suburb_A,8,4,247100.0,165.06346025384101,1.1904761904761905,Very Old
1385,2171.0,3,2.2,5,2019,5,1,0,Semi-Furnished,Hillview,0,2,768400.0,353.9382772915707,1.3636363636363635,New
1386,1950.0,3,2.3,9,2015,4,0,1,Unfurnished,Greenfield,0,2,508400.0,260.71794871794873,1.3043478260869565,Recent
1387,2451.0,5,4.3,92,1932,1,2,0,Fully Furnished,Downtown,9,1,1124500.0,458.7923296613627,1.1627906976744187,Very Old
1388,2581.0,2,1.4,1,2023,5,2,2,Fully Furnished,Suburb_B,2,1,1049300.0,406.5478496706703,1.4285714285714286,New
1389,1816.0,3,2.3,95,1929,1,1,0,Fully Furnished,Riverside,0,1,425500.0,234.30616740088107,1.3043478260869565,Very Old
1390,1423.0,4,3.3,0,2024,5,0,2,Unfurnished,Suburb_A,3,5,519100.0,364.7926914968377,1.2121212121212122,New
1391,2030.0,4,2.6,76,1948,1,2,1,Unfurnished,Southside,4,2,280000.0,137.93103448275863,1.5384615384615383,Very Old
1392,1461.0,5,3.3,18,2006,2,1,0,Fully Furnished,Lakeside,7,1,987400.0,675.8384668035592,1.5151515151515151,Moderate
1393,2807.0,2,1.7,88,1936,1,2,0,Semi-Furnished,Riverside,9,1,924500.0,329.3551834698967,1.1764705882352942,Very Old
1394,1868.0,4,3.3,19,2005,3,1,1,Fully Furnished,Suburb_A,8,1,864100.0,462.5802997858672,1.2121212121212122,Moderate
1395,1617.0,4,3.8,39,1985,2,2,1,Semi-Furnished,Downtown,9,1,1013300.0,626.6542980828696,1.0526315789473684,Old
1396,1892.0,2,1.6,4,2020,5,1,1,Semi-Furnished,OldTown,0,2,602600.0,318.4989429175476,1.25,New
1397,1126.0,3,2.6,14,2010,4,2,0,Unfurnished,Suburb_A,6,1,487300.0,432.7708703374778,1.1538461538461537,Recent
1398,1314.0,2,1.5,58,1966,1,0,2,Fully Furnished,Riverside,0,1,293700.0,223.5159817351598,1.3333333333333333,Very Old
1399,2400.0,3,2.5,31,1993,2,0,2,Semi-Furnished,Southside,0,3,471300.0,196.375,1.2,Old
1400,1472.0,5,4.5,86,1938,1,1,1,Unfurnished,Lakeside,7,5,329800.0,224.04891304347825,1.1111111111111112,Very Old
1401,1277.0,3,1.8,25,1999,3,2,1,Unfurnished,Suburb_A,2,2,277200.0,217.07126076742364,1.6666666666666665,Moderate
1402,2068.0,4,3.3,76,1948,1,0,2,Semi-Furnished,Southside,8,4,384000.0,185.68665377176015,1.2121212121212122,Very Old
1403,2393.0,5,4.6,27,1997,3,0,3,Semi-Furnished,Northside,0,1,587800.0,245.63309653155036,1.0869565217391306,Moderate
1404,2159.0,3,2.5,96,1928,1,0,2,Semi-Furnished,Suburb_A,7,3,340800.0,157.85085687818435,1.2,Very Old
1405,2298.0,4,3.7,92,1932,1,1,1,Semi-Furnished,Hillview,0,1,406800.0,177.02349869451697,1.081081081081081,Very Old
1406,1422.0,3,2.2,19,2005,3,1,2,Unfurnished,Greenfield,0,4,341300.0,240.014064697609,1.3636363636363635,Moderate
1407,1089.0,4,3.2,79,1945,2,2,0,Unfurnished,Hillview,3,4,327000.0,300.2754820936639,1.25,Very Old
1408,2551.0,2,1.6,72,1952,1,2,1,Unfurnished,Riverside,1,3,448100.0,175.656605252842,1.25,Very Old
1409,1639.0,5,3.3,12,2012,4,0,3,Semi-Furnished,Downtown,3,4,814000.0,496.6442953020134,1.5151515151515151,Recent
1410,1675.0,2,1.2,37,1987,2,1,0,Unfurnished,Suburb_A,9,2,359900.0,214.86567164179104,1.6666666666666667,Old
1411,2464.0,3,2.1,4,2020,5,1,0,Fully Furnished,Southside,5,1,1504800.0,610.7142857142857,1.4285714285714286,New
1412,2078.0,4,3.4,70,1954,1,1,1,Fully Furnished,Southside,0,3,345800.0,166.4100096246391,1.1764705882352942,Very Old
1413,2028.0,3,2.7,10,2014,4,0,1,Semi-Furnished,Hillview,0,2,791300.0,390.18737672583825,1.111111111111111,Recent
1414,2883.0,3,2.5,3,2021,5,0,3,Fully Furnished,OldTown,2,1,993600.0,344.6409989594173,1.2,New
1415,1478.0,3,2.6,24,2000,3,1,0,Unfurnished,Suburb_B,2,2,276300.0,186.94181326116373,1.1538461538461537,Moderate
1416,2264.0,4,3.2,34,1990,2,2,0,Semi-Furnished,Greenfield,4,3,518500.0,229.01943462897526,1.25,Old
1417,1829.0,2,2.0,73,1951,1,1,2,Semi-Furnished,Northside,0,1,262200.0,143.35702569710224,1.0,Very Old
1418,1934.0,2,1.6,95,1929,1,1,1,Semi-Furnished,Riverside,6,3,415900.0,215.04653567735264,1.25,Very Old
1419,2564.0,2,1.6,26,1998,2,2,1,Unfurnished,Greenfield,0,3,374300.0,145.98283931357255,1.25,Moderate
1420,2054.0,3,2.3,3,2021,5,2,1,Semi-Furnished,Greenfield,4,1,854800.0,416.16358325219085,1.3043478260869565,New
1421,2069.0,2,1.8,54,1970,1,1,2,Fully Furnished,Southside,4,2,375000.0,181.24697921701306,1.1111111111111112,Very Old
1422,2336.0,3,2.3,34,1990,2,1,0,Unfurnished,Northside,0,5,508100.0,217.5085616438356,1.3043478260869565,Old
1423,1618.0,3,2.7,26,1998,3,1,0,Semi-Furnished,Suburb_B,7,4,356200.0,220.14833127317675,1.111111111111111,Moderate
1424,1380.0,2,1.3,18,2006,3,1,2,Fully Furnished,Downtown,4,2,548200.0,397.2463768115942,1.5384615384615383,Moderate
1425,1278.0,3,2.1,30,1994,2,1,2,Semi-Furnished,OldTown,5,2,255400.0,199.8435054773083,1.4285714285714286,Moderate
1426,817.0,4,3.4,20,2004,4,2,0,Fully Furnished,Riverside,3,1,508300.0,622.1542227662179,1.1764705882352942,Moderate
1427,2828.0,2,1.6,55,1969,1,2,0,Unfurnished,Suburb_A,8,1,396900.0,140.34653465346534,1.25,Very Old
1428,1248.0,3,2.3,32,1992,3,0,2,Semi-Furnished,Lakeside,5,1,591600.0,474.03846153846155,1.3043478260869565,Old
1429,1689.0,3,2.7,77,1947,1,1,0,Unfurnished,Riverside,1,5,326400.0,193.25044404973357,1.111111111111111,Very Old
1430,1662.0,3,2.2,32,1992,2,0,2,Semi-Furnished,Downtown,0,5,509500.0,306.5583634175692,1.3636363636363635,Old
1431,1954.0,4,3.1,14,2010,4,1,0,Unfurnished,Greenfield,0,4,595900.0,304.96417604913,1.2903225806451613,Recent
1432,2208.0,3,2.8,72,1952,1,1,0,Fully Furnished,Riverside,0,2,466000.0,211.05072463768116,1.0714285714285714,Very Old
1433,2230.0,3,2.9,33,1991,2,2,1,Fully Furnished,OldTown,9,1,738900.0,331.3452914798206,1.0344827586206897,Old
1434,1508.0,1,1.3,12,2012,4,1,2,Fully Furnished,Northside,2,2,479300.0,317.83819628647217,0.7692307692307692,Recent
1435,1716.0,3,2.3,37,1987,2,2,1,Semi-Furnished,OldTown,8,3,381600.0,222.37762237762237,1.3043478260869565,Old
1436,1941.0,3,2.8,21,2003,2,1,0,Fully Furnished,Downtown,0,2,651200.0,335.4971664090675,1.0714285714285714,Moderate
1437,1676.0,1,1.0,71,1953,1,2,2,Semi-Furnished,OldTown,2,3,173200.0,103.34128878281624,1.0,Very Old
1438,2604.0,3,2.1,27,1997,3,0,2,Semi-Furnished,Lakeside,9,3,1011200.0,388.32565284178185,1.4285714285714286,Moderate
1439,2045.0,5,3.3,49,1975,2,2,0,Semi-Furnished,Downtown,0,3,563800.0,275.6968215158924,1.5151515151515151,Old
1440,2167.0,3,2.9,5,2019,4,2,0,Semi-Furnished,Northside,4,2,1052800.0,485.8329487771112,1.0344827586206897,New
1441,2131.0,3,2.1,23,2001,3,1,0,Fully Furnished,Northside,8,3,710600.0,333.4584702017832,1.4285714285714286,Moderate
1442,2387.0,5,4.0,96,1928,1,2,1,Unfurnished,Greenfield,9,1,541700.0,226.9375785504818,1.25,Very Old
1443,1891.0,4,2.9,64,1960,1,2,1,Semi-Furnished,Greenfield,7,3,301700.0,159.54521417239556,1.3793103448275863,Very Old
1444,1152.0,3,2.6,9,2015,4,0,3,Unfurnished,Downtown,8,1,1077900.0,935.6770833333334,1.1538461538461537,Recent
1445,2000.0,4,3.1,16,2008,3,1,0,Semi-Furnished,Northside,5,1,698500.0,349.25,1.2903225806451613,Moderate
1446,1474.0,4,2.8,19,2005,3,1,0,Unfurnished,Downtown,0,1,383200.0,259.9728629579376,1.4285714285714286,Moderate
1447,1536.0,3,2.5,39,1985,1,1,1,Semi-Furnished,Greenfield,6,1,402800.0,262.2395833333333,1.2,Old
1448,2093.0,3,2.0,55,1969,1,1,0,Unfurnished,Northside,9,5,367200.0,175.44194935499283,1.5,Very Old
1449,2419.0,3,2.1,54,1970,1,1,0,Fully Furnished,Northside,3,2,455300.0,188.2182720132286,1.4285714285714286,Very Old
1450,1811.0,5,3.4,30,1994,2,1,2,Unfurnished,Lakeside,0,5,419500.0,231.63997791275537,1.4705882352941178,Moderate
1451,1954.0,3,2.0,65,1959,1,2,1,Unfurnished,Hillview,4,1,370400.0,189.55987717502558,1.5,Very Old
1452,2651.0,2,1.7,26,1998,3,2,0,Fully Furnished,Suburb_A,5,1,733200.0,276.5748774047529,1.1764705882352942,Moderate
1453,1920.0,4,2.6,7,2017,4,2,1,Semi-Furnished,Suburb_A,0,2,572100.0,297.96875,1.5384615384615383,Recent
1454,3101.0,4,2.8,34,1990,2,2,0,Unfurnished,Southside,6,2,678000.0,218.63914866172203,1.4285714285714286,Old
1455,2083.0,2,1.6,91,1933,1,1,1,Semi-Furnished,Northside,4,3,378400.0,181.6610657705233,1.25,Very Old
1456,920.0,3,2.2,62,1962,1,1,1,Fully Furnished,Downtown,4,2,256300.0,278.5869565217391,1.3636363636363635,Very Old
1457,2177.0,3,3.0,34,1990,1,1,1,Semi-Furnished,Southside,0,4,327000.0,150.20670647680294,1.0,Old
1458,1991.0,4,3.8,39,1985,2,1,1,Fully Furnished,Lakeside,0,2,620800.0,311.80311401305875,1.0526315789473684,Old
1459,2445.0,2,1.3,87,1937,1,1,0,Unfurnished,Greenfield,4,2,314300.0,128.54805725971372,1.5384615384615383,Very Old
1460,2137.0,4,3.4,25,1999,3,1,1,Fully Furnished,Southside,4,2,639500.0,299.2512868507253,1.1764705882352942,Moderate
1461,1731.0,3,2.6,19,2005,2,1,0,Fully Furnished,Hillview,1,3,482200.0,278.5673021374928,1.1538461538461537,Moderate
1462,1188.0,2,1.4,95,1929,1,1,0,Fully Furnished,Hillview,0,3,205200.0,172.72727272727272,1.4285714285714286,Very Old
1463,1695.0,5,3.6,75,1949,1,1,2,Semi-Furnished,Hillview,1,2,356000.0,210.02949852507373,1.3888888888888888,Very Old
1464,1375.0,3,2.4,19,2005,4,1,1,Unfurnished,OldTown,3,1,417200.0,303.41818181818184,1.25,Moderate
1465,1510.0,2,1.5,27,1997,4,0,3,Fully Furnished,Greenfield,9,3,506900.0,335.6953642384106,1.3333333333333333,Moderate
1466,2094.0,3,2.3,24,2000,3,1,0,Fully Furnished,Lakeside,6,5,699800.0,334.1929321872015,1.3043478260869565,Moderate
1467,2635.0,4,3.3,8,2016,4,3,1,Semi-Furnished,Southside,8,1,3596829.271610313,575.2182163187856,1.2121212121212122,Recent
1468,1997.0,3,2.2,92,1932,1,0,2,Unfurnished,Suburb_A,3,3,286900.0,143.66549824737106,1.3636363636363635,Very Old
1469,1202.0,2,1.3,24,2000,4,1,1,Semi-Furnished,Southside,3,2,315700.0,262.6455906821963,1.5384615384615383,Moderate
1470,2022.0,2,1.6,77,1947,1,0,2,Semi-Furnished,Hillview,0,2,382800.0,189.31750741839764,1.25,Very Old
1471,2398.0,2,1.7,11,2013,3,1,0,Semi-Furnished,Southside,6,5,635000.0,264.80400333611345,1.1764705882352942,Recent
1472,1495.0,4,2.8,33,1991,2,1,0,Fully Furnished,Lakeside,2,3,473200.0,316.5217391304348,1.4285714285714286,Old
1473,1733.0,3,2.7,1,2023,4,0,2,Semi-Furnished,Riverside,6,4,1007500.0,581.3618003462204,1.111111111111111,New
1474,1807.0,2,1.1,56,1968,1,1,0,Semi-Furnished,Southside,2,2,210600.0,116.54676258992805,1.8181818181818181,Very Old
1475,1408.0,2,1.4,35,1989,2,2,2,Unfurnished,Lakeside,0,1,393300.0,279.3323863636364,1.4285714285714286,Old
1476,2124.0,3,2.3,37,1987,2,2,0,Unfurnished,Northside,0,3,507700.0,239.030131826742,1.3043478260869565,Old
1477,1740.0,5,3.8,2,2022,5,1,0,Unfurnished,Suburb_A,7,5,785900.0,451.6666666666667,1.3157894736842106,New
1478,2010.0,3,2.2,12,2012,4,2,0,Semi-Furnished,Hillview,0,4,555000.0,276.1194029850746,1.3636363636363635,Recent
1479,1356.0,5,4.6,4,2020,5,1,2,Semi-Furnished,Northside,0,1,787900.0,581.047197640118,1.0869565217391306,New
1480,1581.0,3,2.1,17,2007,3,0,1,Fully Furnished,Southside,9,2,748200.0,473.2447817836812,1.4285714285714286,Moderate
1481,2161.0,2,2.3,37,1987,2,2,0,Unfurnished,Lakeside,5,2,719200.0,332.80888477556687,0.8695652173913044,Old
1482,1614.0,4,3.3,34,1990,2,2,1,Semi-Furnished,Hillview,0,2,360000.0,223.04832713754647,1.2121212121212122,Old
1483,2663.0,3,2.4,37,1987,2,1,0,Unfurnished,Southside,0,1,513800.0,192.94029290274128,1.25,Old
1484,1600.0,4,3.3,33,1991,2,1,1,Fully Furnished,Riverside,0,1,572000.0,357.5,1.2121212121212122,Old
1485,1912.0,5,4.8,16,2008,3,1,0,Unfurnished,Lakeside,4,3,758700.0,396.80962343096235,1.0416666666666667,Moderate
1486,2266.0,2,1.3,14,2010,4,0,2,Semi-Furnished,OldTown,6,3,466500.0,205.8693733451015,1.5384615384615383,Recent
1487,1091.0,2,1.3,8,2016,4,1,0,Fully Furnished,Downtown,0,4,593600.0,544.0879926672777,1.5384615384615383,Recent
1488,920.0,4,3.0,72,1952,1,1,1,Semi-Furnished,Downtown,8,5,300700.0,326.8478260869565,1.3333333333333333,Very Old
1489,1037.0,2,1.6,37,1987,2,2,1,Unfurnished,Southside,0,2,205500.0,198.16779170684669,1.25,Old
1490,2431.0,2,1.1,11,2013,4,0,2,Unfurnished,Riverside,0,4,702300.0,288.8934594816948,1.8181818181818181,Recent
1491,1524.0,1,1.0,10,2014,4,2,1,Unfurnished,Southside,9,3,572700.0,375.78740157480314,1.0,Recent
1492,3079.0,2,2.1,76,1948,1,3,2,Fully Furnished,Suburb_B,0,5,331400.0,107.63234816498863,0.9523809523809523,Very Old
1493,1518.0,4,3.2,52,1972,1,1,0,Unfurnished,Lakeside,8,1,549900.0,362.2529644268775,1.25,Very Old
1494,1892.0,2,1.5,39,1985,1,1,0,Semi-Furnished,Southside,6,1,527800.0,278.9640591966173,1.3333333333333333,Old
1495,2571.0,3,2.2,24,2000,3,0,1,Semi-Furnished,OldTown,0,3,345400.0,134.34461299105408,1.3636363636363635,Moderate
1496,2803.0,3,2.7,15,2009,2,2,1,Fully Furnished,Downtown,3,5,1031000.0,367.82019265073137,1.111111111111111,Recent
1497,2831.0,3,2.2,96,1928,1,1,0,Fully Furnished,Lakeside,3,4,565100.0,199.6114447191805,1.3636363636363635,Very Old
1498,2404.0,1,1.4,62,1962,1,1,1,Fully Furnished,Lakeside,9,3,556600.0,231.53078202995007,0.7142857142857143,Very Old
1499,2312.0,4,3.8,18,2006,3,0,2,Unfurnished,Suburb_A,2,2,556800.0,240.83044982698962,1.0526315789473684,Moderate
1500,2096.0,1,1.0,72,1952,1,0,2,Fully Furnished,Lakeside,2,3,371100.0,177.05152671755727,1.0,Very Old
1501,2189.0,4,3.2,55,1969,1,1,2,Fully Furnished,OldTown,0,4,231800.0,105.89310187300137,1.25,Very Old
1502,1524.0,4,3.5,17,2007,3,1,1,Semi-Furnished,Southside,5,3,413500.0,271.3254593175853,1.1428571428571428,Moderate
1503,1391.0,3,2.7,25,1999,3,0,2,Semi-Furnished,Greenfield,0,3,340200.0,244.5722501797268,1.111111111111111,Moderate
1504,1798.0,3,2.2,11,2013,4,1,1,Fully Furnished,Suburb_A,0,1,473700.0,263.4593993325918,1.3636363636363635,Recent
1505,1715.0,3,2.2,6,2018,4,2,1,Fully Furnished,Hillview,9,3,1029000.0,600.0,1.3636363636363635,Recent
1506,1573.0,3,2.0,49,1975,2,0,3,Fully Furnished,Southside,0,2,289200.0,183.8525111252384,1.5,Old
1507,2148.0,4,3.3,15,2009,4,1,1,Semi-Furnished,Downtown,0,5,797300.0,371.1824953445065,1.2121212121212122,Recent
1508,2278.0,4,3.4,67,1957,1,0,2,Fully Furnished,Southside,6,3,457300.0,200.7462686567164,1.1764705882352942,Very Old
1509,1844.0,3,2.0,99,1925,1,0,3,Semi-Furnished,Southside,7,3,331700.0,179.88069414316703,1.5,Very Old
1510,2539.0,3,2.3,4,2020,5,0,2,Fully Furnished,Suburb_B,0,5,815200.0,321.07128790862544,1.3043478260869565,New
1511,1229.0,5,3.6,28,1996,3,1,0,Fully Furnished,Hillview,0,1,466800.0,379.82099267697316,1.3888888888888888,Moderate
1512,1703.0,5,3.7,63,1961,1,2,1,Semi-Furnished,Northside,0,1,275800.0,161.94950088079858,1.3513513513513513,Very Old
1513,1442.0,3,2.6,61,1963,1,1,2,Fully Furnished,Downtown,0,3,372300.0,258.18307905686544,1.1538461538461537,Very Old
1514,867.0,3,2.2,56,1968,1,1,1,Fully Furnished,Hillview,5,2,274200.0,316.2629757785467,1.3636363636363635,Very Old
1515,1759.0,2,1.5,20,2004,3,1,0,Semi-Furnished,Suburb_A,4,2,419700.0,238.60147811256397,1.3333333333333333,Moderate
1516,1739.0,5,3.5,27,1997,2,1,1,Semi-Furnished,Northside,5,4,448700.0,258.02185163887293,1.4285714285714286,Moderate
1517,2557.0,2,1.7,35,1989,2,2,1,Unfurnished,Suburb_A,3,2,434300.0,169.8474775127102,1.1764705882352942,Old
1518,2115.0,3,2.4,95,1929,1,2,1,Fully Furnished,Suburb_B,7,1,517900.0,244.86997635933807,1.25,Very Old
1519,1288.0,2,1.4,19,2005,3,2,0,Unfurnished,Suburb_A,3,2,350200.0,271.8944099378882,1.4285714285714286,Moderate
1520,2727.0,2,1.5,85,1939,1,1,1,Unfurnished,Riverside,8,1,945200.0,346.6079941327466,1.3333333333333333,Very Old
1521,2411.0,3,2.5,16,2008,3,1,1,Unfurnished,Riverside,3,2,776100.0,321.89962671090836,1.2,Moderate
1522,2091.0,5,3.8,98,1926,1,2,0,Semi-Furnished,Southside,7,1,499400.0,238.83309421329508,1.3157894736842106,Very Old
1523,1687.0,2,1.2,40,1984,2,1,1,Unfurnished,Downtown,2,4,395400.0,234.38055720213396,1.6666666666666667,Old
1524,1320.0,3,2.9,27,1997,3,2,2,Fully Furnished,OldTown,2,2,320000.0,242.42424242424244,1.0344827586206897,Moderate
1525,1614.0,2,1.4,37,1987,2,2,0,Fully Furnished,Lakeside,7,1,733600.0,454.52292441140025,1.4285714285714286,Old
1526,2344.0,2,1.6,16,2008,4,0,2,Fully Furnished,OldTown,0,2,496500.0,211.8174061433447,1.25,Moderate
1527,2742.0,3,2.7,16,2008,4,2,0,Unfurnished,Hillview,4,3,1121600.0,409.0444930707513,1.111111111111111,Moderate
1528,2572.0,3,3.5,6,2018,3,2,1,Semi-Furnished,Suburb_A,6,2,775700.0,301.5940902021773,0.8571428571428571,Recent
1529,1556.0,2,1.2,6,2018,4,2,0,Unfurnished,Greenfield,6,2,479900.0,308.4190231362468,1.6666666666666667,Recent
1530,1240.0,3,2.5,20,2004,3,0,3,Fully Furnished,Southside,4,5,325400.0,262.4193548387097,1.2,Moderate
1531,1870.0,2,1.4,56,1968,1,2,1,Unfurnished,Northside,2,2,303500.0,162.29946524064172,1.4285714285714286,Very Old
1532,916.0,3,2.2,36,1988,2,1,1,Unfurnished,Greenfield,0,2,233800.0,255.24017467248908,1.3636363636363635,Old
1533,1962.0,5,3.8,5,2019,4,0,2,Unfurnished,Lakeside,8,4,910600.0,464.118246687054,1.3157894736842106,New
1534,1726.0,5,3.7,72,1952,1,0,2,Semi-Furnished,Riverside,1,2,360100.0,208.6326767091541,1.3513513513513513,Very Old
1535,1567.0,3,2.4,36,1988,2,2,1,Unfurnished,OldTown,7,1,485700.0,309.955328653478,1.25,Old
1536,1003.0,3,2.0,92,1932,2,0,1,Unfurnished,Hillview,0,1,208500.0,207.876370887338,1.5,Very Old
1537,2057.0,5,4.3,40,1984,2,0,2,Semi-Furnished,Lakeside,0,5,519600.0,252.60087506076812,1.1627906976744187,Old
1538,1534.0,1,1.0,10,2014,4,1,0,Semi-Furnished,Greenfield,1,5,447200.0,291.52542372881356,1.0,Recent
1539,1215.0,4,3.3,28,1996,3,1,0,Unfurnished,Suburb_B,5,1,336200.0,276.7078189300411,1.2121212121212122,Moderate
1540,600.0,5,3.9,39,1985,3,1,0,Semi-Furnished,Northside,0,2,243800.0,406.3333333333333,1.2820512820512822,Old
1541,1786.0,2,1.5,1,2023,5,1,1,Unfurnished,Riverside,0,1,797500.0,446.528555431131,1.3333333333333333,New
1542,2686.0,2,1.7,0,2024,5,1,0,Fully Furnished,Riverside,0,3,1171500.0,436.15040953090096,1.1764705882352942,New
1543,2631.0,5,3.7,7,2017,5,2,0,Semi-Furnished,OldTown,0,1,852200.0,323.90725959711136,1.3513513513513513,Recent
1544,1571.0,3,2.3,15,2009,3,1,0,Fully Furnished,Hillview,0,1,507100.0,322.78803309993634,1.3043478260869565,Recent
1545,1499.0,1,1.0,25,1999,3,2,1,Fully Furnished,Downtown,0,4,454500.0,303.20213475650434,1.0,Moderate
1546,2034.0,2,1.3,29,1995,3,2,0,Fully Furnished,Suburb_A,6,2,509100.0,250.29498525073745,1.5384615384615383,Moderate
1547,1301.0,3,1.8,8,2016,5,1,0,Unfurnished,Northside,2,1,683200.0,525.1345119139123,1.6666666666666665,Recent
1548,1951.0,3,2.8,40,1984,2,1,1,Fully Furnished,Hillview,2,4,472500.0,242.18349564325987,1.0714285714285714,Old
1549,2183.0,4,3.0,36,1988,2,1,1,Unfurnished,Greenfield,9,3,443100.0,202.97755382501146,1.3333333333333333,Old
1550,2413.0,5,4.3,17,2007,3,1,0,Unfurnished,Northside,2,3,743400.0,308.08122668876916,1.1627906976744187,Moderate
1551,1750.0,2,1.9,0,2024,5,1,1,Semi-Furnished,Suburb_B,9,5,685500.0,391.7142857142857,1.0526315789473684,New
1552,1698.0,3,2.0,4,2020,5,2,0,Fully Furnished,Lakeside,0,2,978700.0,576.3839811542991,1.5,New
1553,1361.0,3,2.1,23,2001,3,2,2,Fully Furnished,Lakeside,2,1,567900.0,417.26671565025714,1.4285714285714286,Moderate
1554,1387.0,3,3.2,9,2015,4,0,1,Semi-Furnished,Southside,1,1,575100.0,414.6359048305696,0.9375,Recent
1555,1687.0,2,2.1,22,2002,3,0,2,Fully Furnished,Greenfield,3,2,414900.0,245.93953764078245,0.9523809523809523,Moderate
1556,1984.0,5,4.0,37,1987,2,0,2,Semi-Furnished,Suburb_A,4,1,574500.0,289.5665322580645,1.25,Old
1557,2257.0,4,3.3,33,1991,2,2,1,Unfurnished,Riverside,0,2,517800.0,229.41958351794418,1.2121212121212122,Old
1558,1398.0,3,2.2,13,2011,4,0,1,Fully Furnished,Riverside,7,1,942200.0,673.9628040057224,1.3636363636363635,Recent
1559,2546.0,3,2.5,20,2004,3,2,1,Semi-Furnished,OldTown,3,2,443600.0,174.23409269442263,1.2,Moderate
1560,1664.0,2,1.4,37,1987,2,1,0,Unfurnished,Southside,0,1,287400.0,172.71634615384616,1.4285714285714286,Old
1561,1789.0,3,1.8,74,1950,1,1,2,Unfurnished,Suburb_B,4,2,233800.0,130.68753493571828,1.6666666666666665,Very Old
1562,1426.0,3,2.0,54,1970,1,1,1,Unfurnished,Suburb_A,7,3,184000.0,129.03225806451613,1.5,Very Old
1563,600.0,3,2.4,33,1991,2,2,2,Unfurnished,Northside,0,2,179300.0,298.8333333333333,1.25,Old
1564,2242.0,5,3.7,21,2003,3,1,1,Semi-Furnished,Riverside,0,2,741700.0,330.8206958073149,1.3513513513513513,Moderate
1565,2168.0,3,2.4,21,2003,3,2,1,Unfurnished,Northside,7,5,502500.0,231.78044280442805,1.25,Moderate
1566,1659.0,3,2.1,77,1947,1,1,1,Unfurnished,Hillview,9,3,338600.0,204.09885473176612,1.4285714285714286,Very Old
1567,1833.0,4,3.0,2,2022,5,0,1,Semi-Furnished,Downtown,0,2,1114000.0,607.746863066012,1.3333333333333333,New
1568,2058.0,2,1.9,97,1927,1,0,3,Semi-Furnished,Suburb_B,9,2,285400.0,138.67832847424685,1.0526315789473684,Very Old
1569,1019.0,3,2.5,40,1984,3,2,1,Semi-Furnished,Greenfield,1,3,221500.0,217.36997055937192,1.2,Old
1570,1535.0,3,2.4,41,1983,2,2,2,Semi-Furnished,Northside,9,1,658700.0,429.12052117263846,1.25,Old
1571,2197.0,3,2.7,1,2023,5,0,3,Fully Furnished,OldTown,5,1,1238900.0,563.905325443787,1.111111111111111,New
1572,1173.0,4,3.3,36,1988,2,2,2,Semi-Furnished,Lakeside,8,3,482700.0,411.5089514066496,1.2121212121212122,Old
1573,1947.0,3,2.8,29,1995,3,1,2,Semi-Furnished,OldTown,7,2,448100.0,230.14894709809965,1.0714285714285714,Moderate
1574,1122.0,4,3.1,6,2018,3,1,1,Semi-Furnished,Suburb_A,0,1,304300.0,271.2121212121212,1.2903225806451613,Recent
1575,2033.0,3,2.3,16,2008,3,0,3,Fully Furnished,Suburb_B,0,1,485500.0,238.80964092474176,1.3043478260869565,Moderate
1576,1782.0,3,2.0,79,1945,1,2,1,Unfurnished,OldTown,3,1,267700.0,150.22446689113355,1.5,Very Old
1577,992.0,4,3.1,33,1991,2,0,1,Fully Furnished,Northside,0,5,250300.0,252.31854838709677,1.2903225806451613,Old
1578,2382.0,2,1.9,24,2000,3,1,0,Fully Furnished,Southside,2,1,722900.0,303.48446683459275,1.0526315789473684,Moderate
1579,1433.0,2,2.0,4,2020,4,1,0,Semi-Furnished,OldTown,9,1,668200.0,466.29448709002094,1.0,New
1580,1395.0,3,2.7,47,1977,2,0,2,Semi-Furnished,Riverside,0,3,302900.0,217.1326164874552,1.111111111111111,Old
1581,1900.0,2,1.1,45,1979,2,1,0,Fully Furnished,Hillview,3,2,455900.0,239.94736842105263,1.8181818181818181,Old
1582,2374.0,1,1.1,37,1987,2,0,3,Semi-Furnished,Lakeside,1,2,614500.0,258.8458298230834,0.9090909090909091,Old
1583,1292.0,3,1.8,30,1994,2,1,2,Unfurnished,Riverside,5,2,429900.0,332.73993808049534,1.6666666666666665,Moderate
1584,1831.0,3,2.7,26,1998,3,2,1,Semi-Furnished,Northside,0,2,488600.0,266.84871654833427,1.111111111111111,Moderate
1585,2014.0,3,2.3,35,1989,3,1,1,Semi-Furnished,Southside,0,3,471400.0,234.06156901688183,1.3043478260869565,Old
1586,2147.0,5,4.2,13,2011,3,1,1,Fully Furnished,Suburb_B,8,1,966100.0,449.97671169073124,1.1904761904761905,Recent
1587,1888.0,3,2.0,89,1935,1,1,1,Semi-Furnished,Downtown,7,2,498400.0,263.9830508474576,1.5,Very Old
1588,1616.0,4,3.6,35,1989,2,1,0,Unfurnished,Greenfield,7,5,356600.0,220.66831683168317,1.1111111111111112,Old
1589,1386.0,2,1.2,18,2006,3,2,2,Semi-Furnished,Southside,6,1,535500.0,386.3636363636364,1.6666666666666667,Moderate
1590,1843.0,3,2.2,27,1997,3,0,2,Unfurnished,OldTown,2,1,381000.0,206.72816060770484,1.3636363636363635,Moderate
1591,1264.0,4,2.9,64,1960,1,2,1,Semi-Furnished,Suburb_B,6,1,294800.0,233.22784810126583,1.3793103448275863,Very Old
1592,600.0,3,1.9,9,2015,5,2,1,Unfurnished,Suburb_B,1,1,273300.0,455.5,1.5789473684210527,Recent
1593,2018.0,4,3.2,17,2007,3,2,0,Unfurnished,Hillview,0,1,660100.0,327.10604558969277,1.25,Moderate
1594,2252.0,3,2.9,41,1983,2,0,2,Unfurnished,Suburb_A,1,1,352900.0,156.7051509769094,1.0344827586206897,Old
1595,619.0,2,2.4,18,2006,3,0,2,Unfurnished,Hillview,0,1,246300.0,397.8998384491115,0.8333333333333334,Moderate
1596,1295.0,3,2.4,62,1962,1,1,0,Semi-Furnished,Lakeside,1,2,208400.0,160.9266409266409,1.25,Very Old
1597,2110.0,3,2.7,7,2017,4,2,2,Unfurnished,Greenfield,0,1,637500.0,302.13270142180096,1.111111111111111,Recent
1598,2829.0,4,3.3,56,1968,1,3,1,Semi-Furnished,Northside,4,3,602000.0,212.7960410038883,1.2121212121212122,Very Old
1599,1810.0,2,1.7,3,2021,5,1,1,Unfurnished,Northside,1,3,698600.0,385.96685082872926,1.1764705882352942,New
1600,1436.0,5,3.9,0,2024,5,0,2,Fully Furnished,Downtown,6,2,1232000.0,857.9387186629526,1.2820512820512822,New
1601,1709.0,5,4.1,81,1943,1,1,0,Semi-Furnished,Greenfield,3,5,294800.0,172.49853715623172,1.2195121951219514,Very Old
1602,2487.0,2,1.8,35,1989,2,2,1,Unfurnished,Suburb_B,8,3,397000.0,159.63007639726578,1.1111111111111112,Old
1603,1477.0,3,2.2,21,2003,3,0,2,Fully Furnished,Riverside,0,3,462600.0,313.2024373730535,1.3636363636363635,Moderate
1604,1400.0,4,3.2,13,2011,3,0,2,Semi-Furnished,Suburb_A,5,1,514800.0,367.7142857142857,1.25,Recent
1605,1559.0,5,4.0,37,1987,3,1,1,Unfurnished,Downtown,5,4,570900.0,366.1962796664529,1.25,Old
1606,1323.0,3,2.6,30,1994,2,1,2,Fully Furnished,Southside,9,5,394800.0,298.41269841269843,1.1538461538461537,Moderate
1607,1861.0,3,2.1,98,1926,1,2,1,Semi-Furnished,Suburb_B,1,1,217900.0,117.08758731864589,1.4285714285714286,Very Old
1608,2612.0,3,2.4,96,1928,1,2,0,Semi-Furnished,Southside,0,3,370100.0,141.69218989280245,1.25,Very Old
1609,1962.0,3,3.0,38,1986,2,1,2,Semi-Furnished,Northside,0,3,437400.0,222.93577981651376,1.0,Old
1610,1674.0,2,1.9,26,1998,3,0,3,Fully Furnished,Downtown,0,2,1521594.3779350384,396.5352449223417,1.0526315789473684,Moderate
1611,1654.0,4,3.6,29,1995,3,1,1,Fully Furnished,Suburb_B,3,2,465500.0,281.43893591293835,1.1111111111111112,Moderate
1612,1018.0,2,1.6,41,1983,1,2,0,Fully Furnished,Lakeside,7,1,358100.0,351.7681728880157,1.25,Old
1613,2242.0,1,1.0,5,2019,4,2,2,Fully Furnished,Suburb_B,0,1,503600.0,224.62087421944693,1.0,New
1614,1761.0,3,2.7,19,2005,3,2,2,Fully Furnished,Riverside,0,1,723000.0,410.5621805792164,1.111111111111111,Moderate
1615,1710.0,3,2.9,4,2020,5,1,1,Unfurnished,Riverside,0,2,809300.0,473.27485380116957,1.0344827586206897,New
1616,3397.0,4,2.6,4,2020,5,2,2,Semi-Furnished,Downtown,0,3,1744900.0,513.6591109802768,1.5384615384615383,New
1617,1949.0,3,2.0,11,2013,5,2,0,Unfurnished,Hillview,9,5,774900.0,397.58850692662907,1.5,Recent
1618,1424.0,3,2.8,29,1995,4,1,2,Fully Furnished,Greenfield,8,2,595500.0,418.188202247191,1.0714285714285714,Moderate
1619,1587.0,2,1.5,60,1964,1,1,1,Semi-Furnished,Greenfield,0,1,184800.0,116.4461247637051,1.3333333333333333,Very Old
1620,2374.0,3,2.2,29,1995,2,2,0,Semi-Furnished,Hillview,0,1,535800.0,225.6950294860994,1.3636363636363635,Moderate
1621,3453.530792912338,5,3.6,20,2004,3,1,1,Unfurnished,Greenfield,8,4,478600.0,257.72751750134626,1.3888888888888888,Moderate
1622,1081.0,3,2.2,4,2020,5,0,1,Unfurnished,Suburb_B,0,2,363700.0,336.4477335800185,1.3636363636363635,New
1623,2260.0,3,2.0,33,1991,2,0,3,Unfurnished,Lakeside,4,3,632000.0,279.646017699115,1.5,Old
1624,1466.0,3,3.0,16,2008,3,1,0,Fully Furnished,Greenfield,8,1,683800.0,466.4392905866303,1.0,Moderate
1625,2737.0,5,4.0,37,1987,2,1,0,Unfurnished,Southside,3,2,546000.0,199.48849104859335,1.25,Old
1626,2340.0,2,1.6,95,1929,1,0,2,Semi-Furnished,Lakeside,0,2,323600.0,138.2905982905983,1.25,Very Old
1627,1576.0,3,2.6,6,2018,5,2,0,Unfurnished,Southside,0,1,581100.0,368.7182741116751,1.1538461538461537,Recent
1628,2441.0,4,3.5,12,2012,4,2,0,Semi-Furnished,Suburb_A,8,3,766600.0,314.0516181892667,1.1428571428571428,Recent
1629,1834.0,3,2.7,28,1996,3,2,0,Semi-Furnished,Hillview,0,2,479100.0,261.23227917121045,1.111111111111111,Moderate
1630,2226.0,2,1.9,94,1930,1,1,2,Fully Furnished,Greenfield,1,2,311300.0,139.8472596585804,1.0526315789473684,Very Old
1631,2042.0,3,2.2,58,1966,1,1,1,Semi-Furnished,Suburb_A,7,4,310100.0,151.86092066601373,1.3636363636363635,Very Old
1632,1377.0,2,1.5,81,1943,1,0,2,Fully Furnished,Southside,7,2,315300.0,228.9760348583878,1.3333333333333333,Very Old
1633,1478.0,3,2.6,20,2004,3,1,2,Fully Furnished,OldTown,3,1,325200.0,220.02706359945873,1.1538461538461537,Moderate
1634,2315.0,4,3.0,98,1926,1,1,1,Fully Furnished,Lakeside,0,5,455100.0,196.58747300215984,1.3333333333333333,Very Old
1635,1633.0,2,1.6,5,2019,5,2,1,Unfurnished,OldTown,4,1,644400.0,394.6111451316595,1.25,New
1636,1598.0,4,3.3,2,2022,5,1,1,Semi-Furnished,Suburb_B,0,4,643700.0,402.81602002503126,1.2121212121212122,New
1637,2188.4808282676954,1,1.0,73,1951,1,0,1,Unfurnished,Suburb_A,0,4,127800.0,96.67170953101362,1.0,Very Old
1638,2012.0,4,2.7,86,1938,2,1,0,Unfurnished,Greenfield,7,1,588800.0,292.6441351888668,1.4814814814814814,Very Old
1639,2831.0,3,2.6,5,2019,4,1,0,Unfurnished,Lakeside,0,2,917900.0,324.23172024019783,1.1538461538461537,New
1640,1266.0,2,1.5,6,2018,4,2,1,Unfurnished,Lakeside,0,1,581600.0,459.3996840442338,1.3333333333333333,Recent
1641,1812.0,2,1.8,1,2023,5,2,1,Unfurnished,OldTown,1,2,512700.0,282.94701986754967,1.1111111111111112,New
1642,2506.0,5,4.2,6,2018,4,2,1,Fully Furnished,Northside,3,3,1297000.0,517.5578611332801,1.1904761904761905,Recent
1643,1760.0,2,2.1,12,2012,4,0,2,Fully Furnished,OldTown,6,1,619000.0,351.70454545454544,0.9523809523809523,Recent
1644,2026.0,2,2.0,94,1930,1,0,2,Semi-Furnished,Southside,7,1,446800.0,220.53307008884502,1.0,Very Old
1645,1269.0,3,2.8,40,1984,1,2,1,Semi-Furnished,Suburb_A,5,2,213100.0,167.92750197005518,1.0714285714285714,Old
1646,2014.0,3,2.8,59,1965,1,0,2,Fully Furnished,Southside,5,2,328300.0,163.00893743793446,1.0714285714285714,Very Old
1647,1706.0,3,2.5,59,1965,1,0,1,Semi-Furnished,Greenfield,5,3,210700.0,123.5052754982415,1.2,Very Old
1648,2293.0,2,1.6,32,1992,2,1,2,Semi-Furnished,Lakeside,0,3,569100.0,248.1901439162669,1.25,Old
1649,2394.0,2,1.9,62,1962,1,1,2,Unfurnished,Greenfield,1,3,310000.0,129.49039264828738,1.0526315789473684,Very Old
1650,3095.0,3,2.6,36,1988,3,0,3,Semi-Furnished,Suburb_B,4,4,616600.0,199.22455573505655,1.1538461538461537,Old
1651,2090.0,2,1.5,18,2006,3,1,1,Semi-Furnished,Riverside,0,1,565800.0,270.7177033492823,1.3333333333333333,Moderate
1652,1963.0,3,2.5,33,1991,2,1,0,Semi-Furnished,Greenfield,0,2,356500.0,181.6097809475293,1.2,Old
1653,1897.0,4,3.2,32,1992,2,1,2,Semi-Furnished,Suburb_A,2,2,328500.0,173.1681602530311,1.25,Old
1654,1623.0,2,1.3,67,1957,1,2,0,Unfurnished,Suburb_A,3,5,201500.0,124.1528034504005,1.5384615384615383,Very Old
1655,1969.0,3,2.8,96,1928,1,0,2,Fully Furnished,Downtown,3,2,545700.0,277.1457592686643,1.0714285714285714,Very Old
1656,1652.0,3,2.4,24,2000,3,1,0,Semi-Furnished,Downtown,6,5,625900.0,378.8740920096852,1.25,Moderate
1657,1884.0,5,4.6,56,1968,1,2,1,Semi-Furnished,Downtown,3,3,536700.0,284.87261146496814,1.0869565217391306,Very Old
1658,2459.0,5,3.5,5,2019,4,2,1,Semi-Furnished,Hillview,8,3,1234500.0,502.0333468889793,1.4285714285714286,New
1659,1297.0,4,3.0,59,1965,1,1,2,Fully Furnished,Lakeside,1,2,312500.0,240.94063222821896,1.3333333333333333,Very Old
1660,2370.0,2,1.6,22,2002,3,1,1,Fully Furnished,Southside,3,2,636300.0,268.4810126582278,1.25,Moderate
1661,2459.0,2,1.9,2,2022,5,0,2,Fully Furnished,OldTown,0,2,636800.0,258.96705978039853,1.0526315789473684,New
1662,1741.0,3,2.5,21,2003,3,2,1,Semi-Furnished,Lakeside,0,1,515400.0,296.0367604824813,1.2,Moderate
1663,739.0,2,1.7,36,1988,2,2,0,Unfurnished,Downtown,8,5,253700.0,343.3017591339648,1.1764705882352942,Old
1664,1496.0,3,2.1,6,2018,3,1,0,Semi-Furnished,OldTown,1,3,324600.0,216.97860962566844,1.4285714285714286,Recent
1665,2448.0,4,2.9,86,1938,1,1,1,Fully Furnished,Hillview,0,4,467900.0,191.1356209150327,1.3793103448275863,Very Old
1666,1789.0,4,3.3,4,2020,5,0,2,Semi-Furnished,OldTown,3,2,549700.0,307.2666294019005,1.2121212121212122,New
1667,1300.0,4,2.8,87,1937,1,1,1,Fully Furnished,Suburb_A,0,1,174000.0,133.84615384615384,1.4285714285714286,Very Old
1668,1548.0,3,2.2,46,1978,2,1,0,Unfurnished,Southside,3,3,320200.0,206.84754521963825,1.3636363636363635,Old
1669,2220.0,3,2.6,19,2005,3,1,1,Semi-Furnished,OldTown,0,2,331100.0,149.14414414414415,1.1538461538461537,Moderate
1670,2073.0,3,2.1,23,2001,3,0,1,Unfurnished,Hillview,1,4,568400.0,274.1919922817173,1.4285714285714286,Moderate
1671,1681.0,2,2.1,52,1972,1,1,1,Semi-Furnished,Downtown,7,3,389100.0,231.46936347412256,0.9523809523809523,Very Old
1672,1617.0,4,3.6,36,1988,2,1,0,Unfurnished,Downtown,5,1,697500.0,431.3543599257885,1.1111111111111112,Old
1673,1604.0,1,1.0,40,1984,2,1,0,Fully Furnished,Southside,2,3,341100.0,212.65586034912718,1.0,Old
1674,1339.0,3,2.1,23,2001,4,1,0,Fully Furnished,Lakeside,4,3,591500.0,441.747572815534,1.4285714285714286,Moderate
1675,2608.0,3,1.7,29,1995,4,3,0,Fully Furnished,Greenfield,6,2,899000.0,344.7085889570552,1.7647058823529411,Moderate
1676,1639.0,3,2.2,98,1926,1,2,1,Semi-Furnished,Riverside,6,2,413600.0,252.3489932885906,1.3636363636363635,Very Old
1677,2409.0,4,3.4,12,2012,5,1,1,Semi-Furnished,Southside,0,1,792100.0,328.80863428808635,1.1764705882352942,Recent
1678,2561.0,3,2.3,25,1999,3,2,0,Semi-Furnished,Lakeside,0,1,715300.0,279.30495900039045,1.3043478260869565,Moderate
1679,2299.0,4,3.3,17,2007,3,1,1,Unfurnished,Southside,1,3,623500.0,271.20487168334057,1.2121212121212122,Moderate
1680,1584.0,2,1.1,57,1967,1,2,1,Fully Furnished,Suburb_B,0,1,179900.0,113.57323232323232,1.8181818181818181,Very Old
1681,2002.0,3,2.6,56,1968,1,2,0,Semi-Furnished,Suburb_A,0,3,216000.0,107.89210789210789,1.1538461538461537,Very Old
1682,1788.0,4,3.0,17,2007,3,1,1,Unfurnished,Suburb_A,0,2,392700.0,219.63087248322148,1.3333333333333333,Moderate
1683,1348.0,3,2.4,4,2020,5,0,3,Semi-Furnished,Lakeside,7,5,860100.0,638.0563798219584,1.25,New
1684,1962.0,5,4.0,0,2024,5,1,1,Unfurnished,Riverside,3,5,911200.0,464.42405708460757,1.25,New
1685,1210.0,2,1.2,25,1999,3,2,1,Semi-Furnished,Suburb_A,1,3,251300.0,207.68595041322314,1.6666666666666667,Moderate
1686,2394.0,3,2.1,24,2000,3,1,0,Semi-Furnished,Lakeside,4,2,714900.0,298.6215538847118,1.4285714285714286,Moderate
1687,1568.0,3,2.7,97,1927,1,1,1,Fully Furnished,Southside,6,2,352800.0,225.0,1.111111111111111,Very Old
1688,1901.0,5,4.1,28,1996,3,0,2,Unfurnished,Northside,1,1,448200.0,235.77064702788007,1.2195121951219514,Moderate
1689,1942.0,2,1.9,15,2009,3,2,0,Unfurnished,OldTown,2,1,486500.0,250.51493305870238,1.0526315789473684,Recent
1690,1671.0,4,3.3,80,1944,1,1,1,Unfurnished,Northside,0,2,260700.0,156.01436265709157,1.2121212121212122,Very Old
1691,2093.0,3,2.4,29,1995,4,1,1,Semi-Furnished,Northside,4,4,599000.0,286.19206880076445,1.25,Moderate
1692,1563.0,2,1.1,36,1988,2,1,1,Unfurnished,OldTown,1,1,223500.0,142.99424184261036,1.8181818181818181,Old
1693,2236.0,3,2.3,5,2019,4,1,1,Semi-Furnished,Northside,2,2,892600.0,399.19499105545617,1.3043478260869565,New
1694,1127.0,3,2.4,23,2001,3,1,2,Semi-Furnished,Riverside,2,2,453900.0,402.7506654835847,1.25,Moderate
1695,1863.0,3,3.0,89,1935,2,1,2,Unfurnished,OldTown,5,5,251900.0,135.2120236178207,1.0,Very Old
1696,2769.0,4,3.4,35,1989,2,1,1,Fully Furnished,Suburb_A,4,1,590600.0,213.28999638858795,1.1764705882352942,Old
1697,1300.0,3,2.9,20,2004,3,2,2,Fully Furnished,Northside,2,1,427400.0,328.7692307692308,1.0344827586206897,Moderate
1698,1461.0,3,2.6,37,1987,2,2,0,Semi-Furnished,Northside,0,5,344700.0,235.93429158110882,1.1538461538461537,Old
1699,3733.3222671543745,3,2.2,83,1941,1,0,3,Unfurnished,Suburb_B,4,1,335900.0,163.2960622265435,1.3636363636363635,Very Old
1700,1890.0,2,1.6,16,2008,2,2,0,Semi-Furnished,Hillview,8,3,663500.0,351.05820105820106,1.25,Moderate
1701,1975.0,2,1.7,30,1994,2,0,3,Semi-Furnished,Greenfield,6,3,397900.0,201.46835443037975,1.1764705882352942,Moderate
1702,2045.0,3,2.1,92,1932,2,0,3,Unfurnished,Suburb_B,9,2,418600.0,204.69437652811735,1.4285714285714286,Very Old
1703,2117.0,3,2.3,10,2014,4,2,1,Semi-Furnished,Lakeside,0,2,954600.0,450.9211147850732,1.3043478260869565,Recent
1704,2355.0,2,1.5,48,1976,1,2,1,Fully Furnished,Downtown,0,4,539700.0,229.171974522293,1.3333333333333333,Old
1705,2005.0,3,2.9,37,1987,3,1,1,Semi-Furnished,Suburb_B,3,1,521700.0,260.1995012468828,1.0344827586206897,Old
1706,1679.0,3,1.8,41,1983,2,2,1,Unfurnished,OldTown,0,1,195900.0,116.67659321024419,1.6666666666666665,Old
1707,2136.0,2,2.0,21,2003,3,2,1,Fully Furnished,Suburb_B,0,2,450500.0,210.90823970037454,1.0,Moderate
1708,2750.0,3,2.1,18,2006,2,1,0,Semi-Furnished,OldTown,2,2,480600.0,174.76363636363635,1.4285714285714286,Moderate
1709,1734.0,2,1.2,42,1982,2,1,0,Fully Furnished,Northside,0,2,363500.0,209.6309111880046,1.6666666666666667,Old
1710,1313.0,5,4.4,12,2012,4,2,0,Semi-Furnished,Hillview,0,5,648700.0,494.05940594059405,1.1363636363636362,Recent
1711,2354.0,4,3.4,25,1999,2,1,1,Fully Furnished,Greenfield,9,5,557200.0,236.70348343245539,1.1764705882352942,Moderate
1712,1740.0,4,3.6,11,2013,4,0,2,Semi-Furnished,Hillview,0,1,645300.0,370.86206896551727,1.1111111111111112,Recent
1713,714.0,2,1.8,0,2024,5,2,0,Semi-Furnished,OldTown,0,2,226800.0,317.6470588235294,1.1111111111111112,New
1714,2224.0,4,3.8,94,1930,1,1,1,Unfurnished,Greenfield,0,1,270800.0,121.76258992805755,1.0526315789473684,Very Old
1715,1532.0,4,3.4,26,1998,3,0,2,Unfurnished,Southside,7,5,425900.0,278.00261096605743,1.1764705882352942,Moderate
1716,1755.0,4,3.2,94,1930,1,1,1,Unfurnished,Downtown,6,2,475500.0,270.94017094017096,1.25,Very Old
1717,1966.0,2,1.7,8,2016,3,1,0,Semi-Furnished,Suburb_B,0,2,424200.0,215.7680569684639,1.1764705882352942,Recent
1718,1895.0,3,2.8,35,1989,2,2,1,Fully Furnished,Suburb_B,0,4,363300.0,191.71503957783642,1.0714285714285714,Old
1719,2155.0,4,3.0,11,2013,4,1,1,Fully Furnished,Suburb_B,6,2,795000.0,368.9095127610209,1.3333333333333333,Recent
1720,1582.0,3,2.2,61,1963,1,1,2,Unfurnished,Riverside,0,1,287500.0,181.73198482932997,1.3636363636363635,Very Old
1721,2057.0,3,2.3,60,1964,1,2,1,Semi-Furnished,Downtown,9,2,544400.0,264.657267865824,1.3043478260869565,Very Old
1722,1670.0,3,1.8,6,2018,4,2,0,Unfurnished,Suburb_A,3,3,507300.0,303.77245508982037,1.6666666666666665,Recent
1723,2169.0,3,2.4,83,1941,2,1,1,Fully Furnished,Lakeside,0,3,639800.0,294.974642692485,1.25,Very Old
1724,2108.0,1,1.0,11,2013,4,2,0,Fully Furnished,Hillview,8,3,959700.0,455.26565464895634,1.0,Recent
1725,1332.0,3,2.4,37,1987,1,1,0,Semi-Furnished,Northside,0,1,242500.0,182.05705705705705,1.25,Old
1726,2343.0,2,1.9,97,1927,2,1,0,Semi-Furnished,Suburb_A,0,2,336100.0,143.44857020913358,1.0526315789473684,Very Old
1727,1532.0,3,2.3,78,1946,1,1,1,Fully Furnished,Northside,1,3,298900.0,195.10443864229765,1.3043478260869565,Very Old
1728,2204.0,2,2.1,92,1932,1,1,1,Semi-Furnished,Greenfield,6,4,323900.0,146.9600725952813,0.9523809523809523,Very Old
1729,1984.0,3,2.0,20,2004,3,1,1,Semi-Furnished,Northside,0,1,558900.0,281.70362903225805,1.5,Moderate
1730,2719.0,2,2.0,6,2018,4,3,1,Semi-Furnished,Riverside,1,1,1224700.0,450.4229496138286,1.0,Recent
1731,1688.0,3,2.6,11,2013,3,1,0,Fully Furnished,Greenfield,0,3,488400.0,289.33649289099526,1.1538461538461537,Recent
1732,1625.0,4,2.7,30,1994,2,0,1,Unfurnished,Downtown,7,2,613900.0,377.7846153846154,1.4814814814814814,Moderate
1733,1790.0,2,2.4,62,1962,1,0,2,Semi-Furnished,OldTown,1,1,233500.0,130.44692737430168,0.8333333333333334,Very Old
1734,1648.0,2,1.6,8,2016,3,1,1,Semi-Furnished,Greenfield,0,2,450500.0,273.3616504854369,1.25,Recent
1735,2200.0,2,1.3,39,1985,2,0,2,Semi-Furnished,Greenfield,4,5,417000.0,189.54545454545453,1.5384615384615383,Old
1736,992.0,4,2.8,19,2005,3,1,0,Unfurnished,Suburb_A,6,3,324000.0,326.61290322580646,1.4285714285714286,Moderate
1737,1273.0,3,2.3,20,2004,3,1,1,Semi-Furnished,Southside,7,2,523600.0,411.311861743912,1.3043478260869565,Moderate
1738,1266.0,3,2.4,40,1984,1,1,1,Unfurnished,Northside,1,4,233000.0,184.04423380726698,1.25,Old
1739,2275.0,2,1.6,28,1996,3,1,1,Semi-Furnished,OldTown,7,1,564500.0,248.13186813186815,1.25,Moderate
1740,2655.0,3,2.3,65,1959,1,3,1,Fully Furnished,Downtown,2,2,636200.0,239.62335216572504,1.3043478260869565,Very Old
1741,1748.0,4,3.4,9,2015,4,2,2,Semi-Furnished,Downtown,0,2,842800.0,482.15102974828375,1.1764705882352942,Recent
1742,1716.0,4,3.1,61,1963,1,2,0,Semi-Furnished,Lakeside,7,2,560400.0,326.57342657342656,1.2903225806451613,Very Old
1743,1835.0,3,1.8,3,2021,5,2,1,Semi-Furnished,Suburb_A,3,5,745600.0,406.3215258855586,1.6666666666666665,New
1744,2381.0,2,1.6,11,2013,4,1,1,Semi-Furnished,Downtown,4,1,1518300.0,637.6732465350693,1.25,Recent
1745,1336.0,2,1.0,39,1985,1,0,1,Fully Furnished,Southside,9,1,394600.0,295.35928143712573,2.0,Old
1746,1919.0,1,1.0,73,1951,1,1,0,Semi-Furnished,OldTown,4,5,220400.0,114.85148514851485,1.0,Very Old
1747,2288.0,2,1.3,15,2009,3,2,1,Unfurnished,Riverside,0,1,583200.0,254.8951048951049,1.5384615384615383,Recent
1748,2051.0,2,1.6,19,2005,4,1,0,Semi-Furnished,Suburb_A,8,2,560700.0,273.3788395904437,1.25,Moderate
1749,1895.0,2,2.0,32,1992,2,1,0,Semi-Furnished,Lakeside,0,2,438200.0,231.2401055408971,1.0,Old
1750,2301.0,3,2.1,12,2012,4,0,2,Unfurnished,Hillview,3,5,896100.0,389.4393741851369,1.4285714285714286,Recent
1751,600.0,5,4.3,65,1959,1,2,1,Semi-Furnished,OldTown,0,2,102100.0,170.16666666666666,1.1627906976744187,Very Old
1752,2139.0,3,2.3,58,1966,2,1,0,Fully Furnished,Greenfield,0,2,354000.0,165.49789621318374,1.3043478260869565,Very Old
1753,1473.0,4,3.7,8,2016,4,0,1,Unfurnished,Greenfield,5,2,628300.0,426.54446707399865,1.081081081081081,Recent
1754,885.0,4,3.1,27,1997,3,2,1,Fully Furnished,Downtown,2,5,469000.0,529.9435028248588,1.2903225806451613,Moderate
1755,2056.0,2,1.3,58,1966,1,1,2,Unfurnished,Suburb_B,5,4,288200.0,140.17509727626458,1.5384615384615383,Very Old
1756,2487.0,4,3.4,20,2004,2,1,1,Fully Furnished,Suburb_B,7,1,720900.0,289.8673100120627,1.1764705882352942,Moderate
1757,1731.0,2,1.5,38,1986,2,1,2,Fully Furnished,Greenfield,1,4,314400.0,181.62911611785094,1.3333333333333333,Old
1758,2276.0,3,2.1,2,2022,4,1,0,Fully Furnished,Suburb_A,4,4,699400.0,307.2934973637961,1.4285714285714286,New
1759,2606.0,3,2.3,36,1988,2,1,1,Semi-Furnished,Southside,7,3,572700.0,219.76208749040674,1.3043478260869565,Old
1760,2457.0,5,4.0,8,2016,3,1,0,Fully Furnished,Greenfield,6,3,746900.0,303.988603988604,1.25,Recent
1761,2620.0,2,2.0,68,1956,1,3,0,Fully Furnished,Northside,3,2,399600.0,152.51908396946564,1.0,Very Old
1762,2171.0,2,1.0,21,2003,3,2,1,Unfurnished,Downtown,1,3,768200.0,353.84615384615387,2.0,Moderate
1763,1838.0,5,4.0,16,2008,2,1,0,Unfurnished,Suburb_A,2,3,379900.0,206.69205658324265,1.25,Moderate
1764,999.0,1,1.0,70,1954,1,1,1,Unfurnished,Hillview,2,1,239400.0,239.63963963963963,1.0,Very Old
1765,1677.0,3,2.5,2,2022,5,1,2,Unfurnished,Suburb_A,1,1,560400.0,334.16815742397137,1.2,New
1766,1378.0,4,3.6,23,2001,3,2,0,Semi-Furnished,Suburb_A,6,1,476900.0,346.0812772133527,1.1111111111111112,Moderate
1767,2885.0,4,3.2,22,2002,3,2,0,Unfurnished,Lakeside,0,4,739400.0,256.2911611785095,1.25,Moderate
1768,1712.0,5,3.9,17,2007,3,0,2,Semi-Furnished,Greenfield,9,3,531700.0,310.5724299065421,1.2820512820512822,Moderate
1769,1862.0,5,4.2,83,1941,1,1,2,Semi-Furnished,Riverside,7,2,564800.0,303.3297529538131,1.1904761904761905,Very Old
1770,2076.0,2,1.6,54,1970,1,1,1,Unfurnished,Hillview,0,4,335300.0,161.51252408477842,1.25,Very Old
1771,1822.0,4,3.1,3,2021,5,1,1,Fully Furnished,Suburb_B,0,3,727900.0,399.5060373216246,1.2903225806451613,New
1772,2648.0,3,2.6,47,1977,2,2,0,Unfurnished,Riverside,6,5,692300.0,261.4425981873112,1.1538461538461537,Old
1773,1489.0,3,2.2,31,1993,2,1,0,Semi-Furnished,Riverside,6,1,691700.0,464.53995970449967,1.3636363636363635,Old
1774,1897.0,2,1.4,81,1943,1,2,1,Fully Furnished,Riverside,9,2,483000.0,254.61254612546125,1.4285714285714286,Very Old
1775,2210.068494472566,3,2.2,18,2006,3,0,3,Fully Furnished,Downtown,0,3,551900.0,386.2141357592722,1.3636363636363635,Moderate
1776,1140.0,5,4.4,34,1990,2,2,2,Fully Furnished,Riverside,0,1,427100.0,374.64912280701753,1.1363636363636362,Old
1777,1494.0,5,3.0,30,1994,1,0,2,Unfurnished,Riverside,8,2,645100.0,431.7938420348059,1.6666666666666667,Moderate
1778,1781.0,3,2.5,29,1995,3,1,1,Unfurnished,Hillview,0,2,508800.0,285.68220101066817,1.2,Moderate
1779,1585.0,1,1.0,27,1997,4,1,1,Semi-Furnished,Northside,6,3,511900.0,322.9652996845426,1.0,Moderate
1780,1454.0,3,1.9,12,2012,4,1,1,Fully Furnished,Southside,0,2,516300.0,355.0894085281981,1.5789473684210527,Recent
1781,1097.0,4,3.3,55,1969,1,2,1,Fully Furnished,Hillview,6,2,312800.0,285.14129443938015,1.2121212121212122,Very Old
1782,1758.0,4,3.3,27,1997,3,0,2,Unfurnished,Hillview,0,2,499500.0,284.12969283276453,1.2121212121212122,Moderate
1783,1048.0,3,2.6,92,1932,1,1,2,Fully Furnished,Greenfield,5,1,280500.0,267.6526717557252,1.1538461538461537,Very Old
1784,2180.0,2,1.0,15,2009,3,1,2,Unfurnished,Greenfield,3,5,466100.0,213.80733944954127,2.0,Recent
1785,1841.0,3,2.8,41,1983,2,2,2,Semi-Furnished,Downtown,9,2,620600.0,337.09940249864206,1.0714285714285714,Old
1786,1071.0,3,2.2,89,1935,1,0,3,Unfurnished,OldTown,0,2,121000.0,112.97852474323062,1.3636363636363635,Very Old
1787,1645.0,5,4.2,40,1984,2,2,1,Semi-Furnished,Downtown,0,1,450000.0,273.5562310030395,1.1904761904761905,Old
1788,1424.0,3,2.6,76,1948,1,2,0,Semi-Furnished,Northside,0,2,207800.0,145.92696629213484,1.1538461538461537,Very Old
1789,1960.0,3,2.1,68,1956,2,2,0,Semi-Furnished,Riverside,8,5,481100.0,245.4591836734694,1.4285714285714286,Very Old
1790,2470.0,3,2.6,21,2003,3,0,2,Unfurnished,Northside,4,5,525500.0,212.75303643724698,1.1538461538461537,Moderate
1791,862.0,2,1.5,36,1988,2,1,0,Unfurnished,OldTown,3,2,130400.0,151.27610208816705,1.3333333333333333,Old
1792,1858.0,5,3.4,9,2015,4,0,3,Semi-Furnished,Northside,0,1,633600.0,341.0118406889128,1.4705882352941178,Recent
1793,1720.0,3,2.8,32,1992,2,2,0,Semi-Furnished,Hillview,3,2,525700.0,305.63953488372096,1.0714285714285714,Old
1794,2136.0,3,2.2,13,2011,4,2,2,Unfurnished,Northside,2,2,1757308.9031289197,386.32958801498125,1.3636363636363635,Recent
1795,1907.0,3,2.1,53,1971,1,1,2,Unfurnished,Riverside,0,3,284300.0,149.08232826428946,1.4285714285714286,Very Old
1796,1424.0,3,2.3,31,1993,2,2,0,Semi-Furnished,Suburb_B,6,2,356800.0,250.56179775280899,1.3043478260869565,Old
1797,1640.0,3,2.5,24,2000,3,0,2,Fully Furnished,Suburb_B,0,3,296900.0,181.03658536585365,1.2,Moderate
1798,1402.0,4,3.2,16,2008,3,1,2,Fully Furnished,OldTown,5,3,417900.0,298.07417974322397,1.25,Moderate
1799,2338.0,2,1.8,99,1925,2,1,2,Unfurnished,Suburb_A,7,1,533800.0,228.3147989734816,1.1111111111111112,Very Old
1800,1811.0,3,2.0,4,2020,5,2,2,Fully Furnished,Hillview,8,3,1302600.0,719.2711209276642,1.5,New
1801,2751.0,2,1.4,2,2022,5,3,2,Fully Furnished,Northside,6,4,1251300.0,454.8527808069793,1.4285714285714286,New
1802,1770.0,3,2.4,12,2012,4,2,2,Fully Furnished,Northside,0,2,530000.0,299.43502824858757,1.25,Recent
1803,1446.0,1,1.4,94,1930,1,2,1,Semi-Furnished,OldTown,4,5,147700.0,102.14384508990318,0.7142857142857143,Very Old
1804,1043.0,3,2.4,96,1928,1,1,0,Semi-Furnished,OldTown,0,3,131300.0,125.88686481303931,1.25,Very Old
1805,898.0,4,3.5,39,1985,2,2,1,Fully Furnished,Downtown,0,2,432500.0,481.62583518930956,1.1428571428571428,Old
1806,1008.0,4,3.2,78,1946,1,1,0,Fully Furnished,Greenfield,5,5,172500.0,171.13095238095238,1.25,Very Old
1807,1934.0,3,2.3,12,2012,4,2,2,Unfurnished,Downtown,8,3,962600.0,497.72492244053774,1.3043478260869565,Recent
1808,2054.0,3,2.3,94,1930,1,2,1,Unfurnished,Northside,0,2,283700.0,138.1207400194742,1.3043478260869565,Very Old
1809,1009.0,2,1.5,8,2016,4,0,2,Fully Furnished,Suburb_B,0,2,293800.0,291.17938553022793,1.3333333333333333,Recent
1810,2248.0,3,2.6,5,2019,4,1,0,Fully Furnished,Downtown,4,4,955400.0,425.0,1.1538461538461537,New
1811,1558.0,4,3.6,6,2018,4,0,2,Semi-Furnished,OldTown,0,1,473900.0,304.1720154043646,1.1111111111111112,Recent
1812,1873.0,2,1.7,34,1990,2,2,1,Unfurnished,Greenfield,4,2,645887.3079378781,194.874532835024,1.1764705882352942,Old
1813,2606.0,3,2.8,59,1965,1,2,2,Unfurnished,Suburb_A,0,2,320200.0,122.87029930928627,1.0714285714285714,Very Old
1814,2248.0,4,2.9,22,2002,3,1,0,Unfurnished,Greenfield,0,2,432500.0,192.3932384341637,1.3793103448275863,Moderate
1815,1666.0,4,3.1,95,1929,1,2,2,Unfurnished,Lakeside,3,3,364100.0,218.54741896758702,1.2903225806451613,Very Old
1816,1354.0,2,1.4,26,1998,3,1,2,Fully Furnished,Greenfield,8,2,477300.0,352.51107828655836,1.4285714285714286,Moderate
1817,724.0,3,2.5,8,2016,4,1,1,Fully Furnished,Southside,5,1,499300.0,689.6408839779006,1.2,Recent
1818,1440.0,2,1.5,28,1996,3,1,1,Semi-Furnished,Greenfield,7,4,349600.0,242.77777777777777,1.3333333333333333,Moderate
1819,1694.0,2,1.8,41,1983,3,0,2,Unfurnished,Suburb_A,0,3,246000.0,145.21841794569067,1.1111111111111112,Old
1820,1306.0,5,3.7,69,1955,1,2,0,Semi-Furnished,Suburb_A,8,4,221000.0,169.218989280245,1.3513513513513513,Very Old
1821,1734.0,4,3.2,27,1997,3,1,0,Unfurnished,Greenfield,1,1,357800.0,206.34371395617072,1.25,Moderate
1822,1838.0,4,3.4,35,1989,1,1,2,Unfurnished,Suburb_B,8,3,281300.0,153.0467899891186,1.1764705882352942,Old
1823,1688.0,1,1.0,15,2009,3,1,1,Unfurnished,Riverside,2,3,582700.0,345.20142180094786,1.0,Recent
1824,1475.0,4,3.8,39,1985,2,1,0,Fully Furnished,Greenfield,0,2,374900.0,254.16949152542372,1.0526315789473684,Old
1825,1884.0,3,2.3,97,1927,1,2,1,Fully Furnished,Suburb_A,0,4,222200.0,117.94055201698514,1.3043478260869565,Very Old
1826,2021.0,3,1.8,2,2022,5,2,1,Unfurnished,Suburb_A,4,1,938200.0,464.22563087580403,1.6666666666666665,New
1827,1255.0,3,2.4,79,1945,1,1,0,Fully Furnished,Northside,0,2,224900.0,179.20318725099602,1.25,Very Old
1828,2505.0,2,1.6,33,1991,2,2,1,Fully Furnished,Downtown,9,3,1033000.0,412.375249500998,1.25,Old
1829,1751.0,4,3.2,15,2009,3,1,0,Unfurnished,Suburb_B,0,2,365000.0,208.45231296402056,1.25,Recent
1830,1809.0,3,2.7,91,1933,1,1,0,Unfurnished,Southside,1,3,255500.0,141.23825317855167,1.111111111111111,Very Old
1831,2154.0,2,1.8,29,1995,3,1,1,Fully Furnished,Riverside,0,1,610000.0,283.19405756731663,1.1111111111111112,Moderate
1832,1917.0,2,1.7,19,2005,2,2,1,Unfurnished,Lakeside,0,3,420400.0,219.30099113197704,1.1764705882352942,Moderate
1833,2277.0,2,1.7,10,2014,4,1,0,Fully Furnished,Suburb_B,5,2,726200.0,318.9284145805885,1.1764705882352942,Recent
1834,1944.0,2,1.6,14,2010,3,0,3,Fully Furnished,Northside,4,2,697300.0,358.6934156378601,1.25,Recent
1835,1494.0,3,2.9,69,1955,1,1,0,Semi-Furnished,Lakeside,7,2,407700.0,272.89156626506025,1.0344827586206897,Very Old
1836,1981.0,4,2.8,37,1987,2,0,2,Unfurnished,Greenfield,0,2,317200.0,160.12115093387177,1.4285714285714286,Old
1837,1228.0,1,1.0,84,1940,1,2,0,Fully Furnished,Greenfield,9,3,212800.0,173.2899022801303,1.0,Very Old
1838,1854.0,1,1.0,13,2011,4,1,0,Semi-Furnished,Northside,1,4,593300.0,320.01078748651565,1.0,Recent
1839,1783.0,3,2.6,7,2017,4,1,0,Fully Furnished,Suburb_A,8,2,828300.0,464.55412226584406,1.1538461538461537,Recent
1840,1696.0,4,2.9,0,2024,5,1,2,Unfurnished,Suburb_B,0,2,486800.0,287.02830188679246,1.3793103448275863,New
1841,1736.0,3,1.9,30,1994,2,2,1,Semi-Furnished,Riverside,6,2,546900.0,315.03456221198155,1.5789473684210527,Moderate
1842,859.0,3,2.4,99,1925,1,0,1,Semi-Furnished,OldTown,4,3,104900.0,122.11874272409779,1.25,Very Old
1843,1526.0,3,2.5,44,1980,2,2,0,Fully Furnished,Downtown,1,2,458700.0,300.5897771952818,1.2,Old
1844,1846.0,2,2.0,18,2006,3,1,0,Semi-Furnished,Northside,0,2,537200.0,291.00758396533047,1.0,Moderate
1845,1880.0,1,1.0,77,1947,1,2,1,Semi-Furnished,Lakeside,4,2,604074.5609294437,199.20212765957447,1.0,Very Old
1846,1286.0,4,3.5,60,1964,1,2,0,Unfurnished,Riverside,0,1,250300.0,194.63452566096424,1.1428571428571428,Very Old
1847,2433.0,3,3.1,0,2024,5,0,3,Fully Furnished,OldTown,3,1,966200.0,397.12289354706127,0.9677419354838709,New
1848,1367.0,3,2.3,66,1958,1,2,1,Unfurnished,Northside,4,1,702682.7760200057,279.8098024871982,1.3043478260869565,Very Old
1849,2285.0,4,2.8,17,2007,3,1,1,Semi-Furnished,Suburb_B,6,2,679500.0,297.3741794310722,1.4285714285714286,Moderate
1850,2014.0,3,2.3,8,2016,4,0,2,Fully Furnished,Riverside,9,1,1838200.0,912.7110228401192,1.3043478260869565,Recent
1851,1477.0,2,1.6,13,2011,4,0,2,Semi-Furnished,Downtown,0,2,606000.0,410.2911306702776,1.25,Recent
1852,2688.0,3,2.6,28,1996,2,2,0,Semi-Furnished,Suburb_B,0,1,400800.0,149.10714285714286,1.1538461538461537,Moderate
1853,1203.0,2,1.4,25,1999,3,1,0,Unfurnished,Southside,1,2,251500.0,209.0606816292602,1.4285714285714286,Moderate
1854,2260.0,2,2.1,17,2007,3,2,1,Unfurnished,Lakeside,6,1,970300.0,429.3362831858407,0.9523809523809523,Moderate
1855,2300.0,3,2.1,10,2014,4,2,1,Semi-Furnished,OldTown,9,3,605300.0,263.17391304347825,1.4285714285714286,Recent
1856,1465.0,4,2.7,56,1968,1,1,1,Fully Furnished,Downtown,9,4,390600.0,266.6211604095563,1.4814814814814814,Very Old
1857,2496.0,5,4.3,98,1926,1,2,0,Fully Furnished,Downtown,9,3,697100.0,279.28685897435895,1.1627906976744187,Very Old
1858,1675.0,3,1.7,59,1965,1,1,1,Semi-Furnished,Suburb_B,8,2,266000.0,158.80597014925374,1.7647058823529411,Very Old
1859,1944.0,2,1.5,17,2007,3,1,0,Unfurnished,Northside,9,3,630300.0,324.2283950617284,1.3333333333333333,Moderate
1860,1930.0,2,2.5,14,2010,4,2,1,Unfurnished,Northside,1,1,600400.0,311.0880829015544,0.8,Recent
1861,1733.0,4,3.2,12,2012,4,0,1,Fully Furnished,Downtown,9,1,1630300.0,940.7386035776111,1.25,Recent
1862,2205.0,3,2.1,8,2016,4,1,0,Fully Furnished,Riverside,6,1,1529100.0,693.469387755102,1.4285714285714286,Recent
1863,2197.0,3,2.4,33,1991,2,2,1,Semi-Furnished,OldTown,0,1,719711.0052834579,147.70141101502048,1.25,Old
1864,926.0,4,3.2,36,1988,2,1,1,Unfurnished,Suburb_A,0,1,173400.0,187.25701943844493,1.25,Old
1865,2452.0,4,3.2,46,1978,1,0,3,Semi-Furnished,Riverside,0,2,483400.0,197.1451876019576,1.25,Old
1866,969.0,4,3.4,41,1983,2,0,3,Semi-Furnished,Greenfield,7,1,306800.0,316.61506707946336,1.1764705882352942,Old
1867,2316.0,2,1.3,17,2007,3,1,2,Semi-Furnished,Greenfield,5,5,627800.0,271.0708117443869,1.5384615384615383,Moderate
1868,2363.0,4,3.7,19,2005,2,2,0,Fully Furnished,Lakeside,0,4,727500.0,307.87134997884044,1.081081081081081,Moderate
1869,1255.0,4,3.3,41,1983,2,1,2,Semi-Furnished,Greenfield,6,5,255100.0,203.26693227091633,1.2121212121212122,Old
1870,1595.0,2,1.8,20,2004,2,1,1,Unfurnished,Hillview,0,1,367500.0,230.4075235109718,1.1111111111111112,Moderate
1871,1247.0,3,2.2,12,2012,4,1,1,Unfurnished,Suburb_A,7,4,406600.0,326.0625501202887,1.3636363636363635,Recent
1872,1693.0,3,2.8,22,2002,3,1,2,Semi-Furnished,Northside,7,4,567500.0,335.20378027170705,1.0714285714285714,Moderate
1873,1646.0,5,3.9,16,2008,4,0,2,Fully Furnished,Lakeside,9,5,1073100.0,651.9441069258809,1.2820512820512822,Moderate
1874,2190.0,1,1.0,5,2019,4,1,0,Semi-Furnished,Suburb_A,0,2,566900.0,258.8584474885845,1.0,New
1875,2455.0,3,2.1,68,1956,1,1,2,Unfurnished,Hillview,8,3,482800.0,196.65987780040734,1.4285714285714286,Very Old
1876,2498.0,2,1.3,73,1951,1,0,1,Fully Furnished,Southside,1,1,366000.0,146.51721377101683,1.5384615384615383,Very Old
1877,1519.0,4,3.4,13,2011,4,0,2,Unfurnished,Lakeside,2,1,714700.0,470.5069124423963,1.1764705882352942,Recent
1878,1695.0,2,1.5,3,2021,5,2,0,Unfurnished,Suburb_A,2,1,731100.0,431.3274336283186,1.3333333333333333,New
1879,958.0,2,1.3,52,1972,1,2,2,Semi-Furnished,Southside,5,5,143000.0,149.26931106471815,1.5384615384615383,Very Old
1880,1397.0,3,2.2,12,2012,4,2,2,Semi-Furnished,Southside,9,1,776000.0,555.4760200429491,1.3636363636363635,Recent
1881,2282.0,5,4.2,23,2001,3,1,0,Unfurnished,Greenfield,4,1,645000.0,282.646801051709,1.1904761904761905,Moderate
1882,2608.0,2,1.4,3,2021,4,1,2,Semi-Furnished,Southside,9,5,908500.0,348.35122699386505,1.4285714285714286,New
1883,1183.0,2,1.6,13,2011,4,2,0,Fully Furnished,Suburb_A,0,1,321900.0,272.1048182586644,1.25,Recent
1884,1504.0,4,3.2,62,1962,1,0,2,Fully Furnished,Greenfield,2,4,286500.0,190.49202127659575,1.25,Very Old
1885,1787.0,3,1.8,64,1960,1,1,1,Fully Furnished,Hillview,3,3,355800.0,199.10464465584778,1.6666666666666665,Very Old
1886,1940.0,5,3.6,12,2012,4,2,0,Unfurnished,Riverside,1,1,881800.0,454.5360824742268,1.3888888888888888,Recent
1887,1395.0,2,1.7,20,2004,3,2,0,Semi-Furnished,Riverside,9,1,666000.0,477.4193548387097,1.1764705882352942,Moderate
1888,2012.0,3,2.2,7,2017,4,2,0,Semi-Furnished,Hillview,6,2,894900.0,444.78131212723656,1.3636363636363635,Recent
1889,1563.0,2,1.9,4,2020,5,2,0,Unfurnished,Northside,3,5,750900.0,480.42226487523993,1.0526315789473684,New
1890,1793.0,2,1.9,98,1926,1,1,1,Semi-Furnished,Southside,6,4,330200.0,184.1606246514222,1.0526315789473684,Very Old
1891,2073.0,3,2.6,39,1985,2,1,0,Unfurnished,Hillview,2,2,509500.0,245.7790641582248,1.1538461538461537,Old
1892,1803.0,3,2.9,32,1992,1,2,2,Semi-Furnished,Hillview,0,2,351400.0,194.8973932334997,1.0344827586206897,Old
1893,1582.0,4,3.2,57,1967,1,0,3,Semi-Furnished,Downtown,3,2,414700.0,262.13653603034135,1.25,Very Old
1894,1745.0,3,2.6,70,1954,1,2,1,Semi-Furnished,Lakeside,5,3,289800.0,166.07449856733524,1.1538461538461537,Very Old
1895,1756.0,3,2.2,64,1960,2,1,0,Unfurnished,Downtown,9,2,601800.0,342.7107061503417,1.3636363636363635,Very Old
1896,1615.0,3,3.1,0,2024,5,0,1,Unfurnished,Northside,0,1,617700.0,382.4767801857585,0.9677419354838709,New
1897,1671.0,5,4.6,11,2013,4,2,1,Fully Furnished,Southside,3,3,744500.0,445.541591861161,1.0869565217391306,Recent
1898,2599.0,2,1.6,39,1985,3,2,2,Unfurnished,Riverside,0,2,537000.0,206.61792997306657,1.25,Old
1899,2080.0,2,1.7,22,2002,3,2,2,Unfurnished,Suburb_A,0,1,347800.0,167.21153846153845,1.1764705882352942,Moderate
1900,1652.0,3,2.8,96,1928,1,1,0,Fully Furnished,Northside,4,3,329000.0,199.15254237288136,1.0714285714285714,Very Old
1901,2148.0,3,2.4,40,1984,2,2,0,Fully Furnished,Hillview,0,2,446200.0,207.72811918063314,1.25,Old
1902,1633.0,2,1.4,92,1932,1,1,2,Semi-Furnished,Southside,6,2,283000.0,173.30067360685854,1.4285714285714286,Very Old
1903,2387.0,5,4.3,11,2013,4,1,2,Semi-Furnished,Suburb_B,3,3,706000.0,295.7687473816506,1.1627906976744187,Recent
1904,1985.0,2,1.6,75,1949,1,1,1,Semi-Furnished,Suburb_A,0,2,226300.0,114.00503778337531,1.25,Very Old
1905,1746.0,4,3.3,19,2005,3,0,2,Fully Furnished,Hillview,3,3,617100.0,353.4364261168385,1.2121212121212122,Moderate
1906,2024.0,2,1.3,98,1926,1,2,1,Semi-Furnished,Southside,0,4,300300.0,148.3695652173913,1.5384615384615383,Very Old
1907,1015.0,3,1.9,9,2015,4,0,2,Fully Furnished,Hillview,8,3,618600.0,609.4581280788177,1.5789473684210527,Recent
1908,1237.0,5,4.1,31,1993,2,1,0,Fully Furnished,Northside,0,3,369800.0,298.94907033144705,1.2195121951219514,Old
1909,1203.0,2,1.9,62,1962,1,1,1,Semi-Furnished,Lakeside,0,3,209300.0,173.98171238570242,1.0526315789473684,Very Old
1910,1871.0,5,3.9,26,1998,2,1,0,Semi-Furnished,Northside,4,2,392200.0,209.6205237840727,1.2820512820512822,Moderate
1911,2666.0,3,2.8,28,1996,2,2,1,Semi-Furnished,Lakeside,9,1,2377536.0471833777,423.1432858214554,1.0714285714285714,Moderate
1912,2916.0,5,3.8,97,1927,1,1,2,Unfurnished,Suburb_A,8,2,425500.0,145.9190672153635,1.3157894736842106,Very Old
1913,2119.0,3,2.1,25,1999,3,0,1,Fully Furnished,Downtown,0,3,670300.0,316.32845681925437,1.4285714285714286,Moderate
1914,2050.0,3,2.4,36,1988,2,2,2,Fully Furnished,Northside,0,2,444100.0,216.6341463414634,1.25,Old
1915,899.0,2,1.6,2,2022,4,0,2,Fully Furnished,Southside,5,2,465200.0,517.4638487208009,1.25,New
1916,1529.0,3,2.6,71,1953,2,2,0,Semi-Furnished,Greenfield,7,3,338700.0,221.51733158927402,1.1538461538461537,Very Old
1917,2117.5936431323526,2,1.4,39,1985,2,0,1,Unfurnished,Suburb_B,1,1,244700.0,174.0398293029872,1.4285714285714286,Old
1918,1490.0,2,2.0,24,2000,3,0,2,Semi-Furnished,Hillview,2,3,463900.0,311.3422818791946,1.0,Moderate
1919,1716.0,2,2.2,0,2024,5,1,2,Semi-Furnished,Southside,0,2,610100.0,355.53613053613054,0.9090909090909091,New
1920,1564.0,3,2.4,35,1989,2,0,3,Semi-Furnished,Riverside,0,2,410500.0,262.4680306905371,1.25,Old
1921,810.0,4,3.6,0,2024,5,1,0,Semi-Furnished,Northside,4,2,665300.0,821.358024691358,1.1111111111111112,New
1922,2174.0,2,1.3,0,2024,5,2,0,Semi-Furnished,Suburb_A,0,1,578600.0,266.14535418583256,1.5384615384615383,New
1923,1264.0,2,1.9,37,1987,2,0,2,Semi-Furnished,Riverside,0,2,364700.0,288.52848101265823,1.0526315789473684,Old
1924,1920.0,3,2.7,11,2013,4,2,2,Fully Furnished,Downtown,0,2,796700.0,414.9479166666667,1.111111111111111,Recent
1925,2837.0,2,1.9,11,2013,3,0,1,Unfurnished,Greenfield,2,2,631200.0,222.48854423686993,1.0526315789473684,Recent
1926,1340.0,2,1.6,39,1985,2,0,2,Semi-Furnished,Riverside,0,3,348000.0,259.7014925373134,1.25,Old
1927,600.0,2,1.0,2,2022,5,0,3,Fully Furnished,Lakeside,3,2,461900.0,769.8333333333334,2.0,New
1928,1657.0,5,3.8,18,2006,2,2,1,Semi-Furnished,Downtown,9,3,920500.0,555.5220277610139,1.3157894736842106,Moderate
1929,2350.0,4,3.0,8,2016,4,0,3,Unfurnished,Suburb_A,0,3,593500.0,252.5531914893617,1.3333333333333333,Recent
1930,2779.0,3,2.1,35,1989,3,2,0,Fully Furnished,Riverside,5,1,1076300.0,387.29758906081327,1.4285714285714286,Old
1931,1185.0,3,2.4,40,1984,2,1,1,Fully Furnished,Suburb_A,7,1,371000.0,313.0801687763713,1.25,Old
1932,2048.0,3,2.3,48,1976,2,0,2,Semi-Furnished,Downtown,0,1,475300.0,232.080078125,1.3043478260869565,Old
1933,1567.0,3,2.2,15,2009,3,1,0,Semi-Furnished,Southside,0,5,430500.0,274.72878111040205,1.3636363636363635,Recent
1934,1747.0,3,2.1,5,2019,4,2,1,Fully Furnished,Downtown,0,4,962800.0,551.1161991986262,1.4285714285714286,New
1935,3122.0,4,3.0,4,2020,5,2,0,Unfurnished,Hillview,5,1,2044100.0,654.7405509288917,1.3333333333333333,New
1936,1049.0,2,1.9,25,1999,3,1,2,Semi-Furnished,Suburb_A,4,2,274300.0,261.48713060057196,1.0526315789473684,Moderate
1937,1927.0,1,1.0,90,1934,1,2,0,Unfurnished,Suburb_B,0,5,193800.0,100.570835495589,1.0,Very Old
1938,2034.0,3,2.2,12,2012,4,0,2,Semi-Furnished,Lakeside,7,3,1095300.0,538.4955752212389,1.3636363636363635,Recent
1939,2343.0,4,3.1,15,2009,3,2,0,Unfurnished,Suburb_B,6,2,576400.0,246.0093896713615,1.2903225806451613,Recent
1940,1849.0,3,2.5,5,2019,4,2,1,Semi-Furnished,Hillview,0,1,681000.0,368.3071930773391,1.2,New
1941,1954.0,4,3.3,36,1988,2,2,1,Fully Furnished,Greenfield,6,1,693100.0,354.7082906857728,1.2121212121212122,Old
1942,1604.0,5,3.1,41,1983,2,2,1,Unfurnished,Southside,0,3,275000.0,171.44638403990024,1.6129032258064515,Old
1943,1935.0,2,1.9,38,1986,1,1,2,Fully Furnished,Hillview,5,3,474200.0,245.06459948320415,1.0526315789473684,Old
1944,1628.0,3,2.8,74,1950,1,1,0,Unfurnished,Suburb_A,0,2,190300.0,116.89189189189189,1.0714285714285714,Very Old
1945,2111.0,3,2.1,29,1995,3,1,0,Semi-Furnished,Northside,5,1,765800.0,362.76646139270485,1.4285714285714286,Moderate
1946,1615.0,5,3.7,7,2017,4,1,1,Unfurnished,Suburb_A,0,5,596500.0,369.3498452012384,1.3513513513513513,Recent
1947,1989.0,5,3.9,17,2007,3,1,1,Semi-Furnished,Hillview,4,4,813900.0,409.2006033182504,1.2820512820512822,Moderate
1948,1785.0,3,2.2,40,1984,1,1,0,Unfurnished,Northside,0,1,293300.0,164.31372549019608,1.3636363636363635,Old
1949,2363.0,2,1.7,37,1987,2,1,1,Fully Furnished,Northside,6,1,865200.0,366.1447312738045,1.1764705882352942,Old
1950,1774.0,4,2.6,32,1992,2,1,0,Semi-Furnished,Suburb_A,0,2,285300.0,160.82299887260427,1.5384615384615383,Old
1951,913.0,2,1.3,41,1983,3,0,2,Unfurnished,Northside,0,1,209200.0,229.13472070098575,1.5384615384615383,Old
1952,2431.0,4,3.7,38,1986,2,1,1,Unfurnished,OldTown,0,1,360800.0,148.4162895927602,1.081081081081081,Old
1953,1347.0,5,3.7,78,1946,2,2,2,Fully Furnished,Greenfield,0,1,289600.0,214.996288047513,1.3513513513513513,Very Old
1954,1473.0,3,2.8,35,1989,3,1,1,Semi-Furnished,OldTown,6,5,303400.0,205.97420230821453,1.0714285714285714,Old
1955,1502.0,3,2.5,59,1965,1,2,1,Semi-Furnished,Southside,9,4,269400.0,179.36085219707059,1.2,Very Old
1956,2487.0,3,1.9,14,2010,4,0,1,Fully Furnished,OldTown,7,1,977800.0,393.1644551668677,1.5789473684210527,Recent
1957,732.0,3,2.6,41,1983,2,1,0,Semi-Furnished,Downtown,8,4,256200.0,350.0,1.1538461538461537,Old
1958,3369.0,4,3.2,82,1942,1,1,1,Unfurnished,Northside,0,3,512200.0,152.0332442861383,1.25,Very Old
1959,2328.0,4,3.1,23,2001,3,0,2,Semi-Furnished,Hillview,0,2,509400.0,218.81443298969072,1.2903225806451613,Moderate
1960,1912.0,5,4.1,59,1965,1,1,0,Semi-Furnished,Downtown,4,4,520800.0,272.3849372384937,1.2195121951219514,Very Old
1961,1773.0,5,4.1,49,1975,2,1,0,Unfurnished,Downtown,9,2,573900.0,323.6886632825719,1.2195121951219514,Old
1962,1943.0,2,1.8,3,2021,5,1,2,Fully Furnished,Greenfield,5,4,731100.0,376.27380339680906,1.1111111111111112,New
1963,2061.0,4,3.6,35,1989,2,1,2,Semi-Furnished,Southside,1,2,458400.0,222.41630276564774,1.1111111111111112,Old
1964,2123.0,4,3.3,7,2017,4,2,0,Unfurnished,Suburb_A,0,2,604600.0,284.78568064060295,1.2121212121212122,Recent
1965,2078.0,2,1.2,94,1930,1,0,2,Unfurnished,Hillview,0,1,376300.0,181.0875842155919,1.6666666666666667,Very Old
1966,1845.0,2,1.5,65,1959,1,0,1,Unfurnished,Lakeside,1,2,328200.0,177.8861788617886,1.3333333333333333,Very Old
1967,1701.0,2,2.5,6,2018,4,1,0,Unfurnished,Lakeside,6,2,858600.0,504.76190476190476,0.8,Recent
1968,1724.0,5,4.2,7,2017,4,0,2,Fully Furnished,Southside,0,5,1269733.448016481,402.37819025522043,1.1904761904761905,Recent
1969,1703.0,3,3.1,35,1989,2,2,1,Semi-Furnished,Hillview,8,3,616300.0,361.89078097475044,0.9677419354838709,Old
1970,2367.0,4,3.6,20,2004,3,1,2,Unfurnished,OldTown,9,1,929600.0,392.73341782847484,1.1111111111111112,Moderate
1971,2097.0,2,1.7,1,2023,5,1,0,Fully Furnished,Lakeside,8,1,1954500.0,932.0457796852646,1.1764705882352942,New
1972,600.0,4,3.3,32,1992,2,1,2,Fully Furnished,OldTown,8,4,189500.0,315.8333333333333,1.2121212121212122,Old
1973,2128.0,1,1.0,23,2001,3,1,0,Unfurnished,Lakeside,0,2,532600.0,250.28195488721803,1.0,Moderate
1974,1897.0,3,1.9,5,2019,4,0,1,Unfurnished,Southside,9,2,811200.0,427.6225619399051,1.5789473684210527,New
1975,1791.0,3,2.4,63,1961,2,2,1,Semi-Furnished,Hillview,1,4,465400.0,259.85482970407594,1.25,Very Old
1976,1606.0,2,2.0,84,1940,1,1,0,Unfurnished,OldTown,8,5,167600.0,104.35865504358655,1.0,Very Old
1977,2362.0,4,3.0,55,1969,1,0,1,Unfurnished,Suburb_A,0,3,206300.0,87.34123624047417,1.3333333333333333,Very Old
1978,2274.0,2,1.7,67,1957,1,1,2,Unfurnished,Greenfield,2,1,321800.0,141.5127528583993,1.1764705882352942,Very Old
1979,1414.0,3,2.7,12,2012,4,0,2,Unfurnished,Suburb_B,0,2,371700.0,262.8712871287129,1.111111111111111,Recent
1980,2004.0,3,2.1,15,2009,3,0,2,Semi-Furnished,Northside,0,3,558000.0,278.4431137724551,1.4285714285714286,Recent
1981,1314.0,3,2.3,12,2012,4,1,0,Unfurnished,Southside,9,5,482900.0,367.50380517503805,1.3043478260869565,Recent
1982,1110.0,2,1.3,57,1967,1,1,0,Semi-Furnished,Greenfield,7,5,177100.0,159.54954954954954,1.5384615384615383,Very Old
1983,1487.0,1,1.0,90,1934,1,1,1,Unfurnished,Suburb_B,3,2,173600.0,116.74512441156692,1.0,Very Old
1984,2231.0,5,3.6,48,1976,1,0,3,Unfurnished,OldTown,3,4,269900.0,120.97714029583146,1.3888888888888888,Old
1985,2277.0,2,1.3,78,1946,1,1,1,Fully Furnished,Southside,6,1,553100.0,242.90733421168204,1.5384615384615383,Very Old
1986,2057.0,4,3.6,38,1986,2,0,1,Fully Furnished,Suburb_A,1,1,337500.0,164.0738940204181,1.1111111111111112,Old
1987,2163.0,5,3.7,23,2001,3,1,2,Fully Furnished,Southside,6,2,760000.0,351.3638465094776,1.3513513513513513,Moderate
1988,2058.0,2,1.6,25,1999,3,1,1,Unfurnished,OldTown,3,5,282600.0,137.31778425655978,1.25,Moderate
1989,1479.0,2,1.4,4,2020,5,1,0,Unfurnished,Greenfield,5,1,729800.0,493.44151453684924,1.4285714285714286,New
1990,2016.0,3,2.8,1,2023,5,2,1,Semi-Furnished,Lakeside,9,2,1453200.0,720.8333333333334,1.0714285714285714,New
1991,2200.0,5,4.4,44,1980,2,2,1,Semi-Furnished,Riverside,2,5,615700.0,279.8636363636364,1.1363636363636362,Old
1992,2177.0,5,4.3,26,1998,3,2,1,Unfurnished,Southside,2,2,580600.0,266.69728984841527,1.1627906976744187,Moderate
1993,2394.0,3,2.5,33,1991,2,2,1,Semi-Furnished,Southside,8,1,859900.0,359.18964076858816,1.2,Old
1994,2154.0,4,3.1,33,1991,2,2,0,Fully Furnished,Downtown,8,3,823000.0,382.0798514391829,1.2903225806451613,Old
1995,1976.0,2,1.2,16,2008,3,2,1,Semi-Furnished,Riverside,9,3,894600.0,452.73279352226723,1.6666666666666667,Moderate
1996,2335.0,5,4.6,28,1996,4,2,1,Unfurnished,Hillview,4,2,760200.0,325.5674518201285,1.0869565217391306,Moderate
1997,3205.076078580683,5,3.8,28,1996,3,2,1,Unfurnished,Hillview,1,5,490800.0,274.65025181869055,1.3157894736842106,Moderate
1998,1359.0,2,1.8,23,2001,3,0,2,Semi-Furnished,Suburb_A,0,1,295400.0,217.36571008094188,1.1111111111111112,Moderate
1999,1718.0,2,1.9,67,1957,1,0,3,Fully Furnished,Northside,0,5,272200.0,158.44004656577417,1.0526315789473684,Very Old
2000,1428.0,2,1.4,27,1997,3,2,1,Semi-Furnished,Downtown,6,3,434600.0,304.3417366946779,1.4285714285714286,Moderate
2001,1462.0,2,1.9,36,1988,2,1,1,Unfurnished,Riverside,0,2,743966.445854644,274.6238030095759,1.0526315789473684,Old
2002,1728.0,4,3.4,80,1944,1,2,1,Semi-Furnished,Riverside,4,4,427100.0,247.16435185185185,1.1764705882352942,Very Old
2003,1404.0,3,2.9,75,1949,1,1,1,Semi-Furnished,Suburb_A,8,1,352400.0,250.997150997151,1.0344827586206897,Very Old
2004,1646.0,2,1.5,79,1945,1,1,2,Fully Furnished,OldTown,9,1,359600.0,218.46901579586878,1.3333333333333333,Very Old
2005,853.0,3,2.0,16,2008,3,2,1,Unfurnished,Suburb_A,0,5,252400.0,295.8968347010551,1.5,Moderate
2006,1907.0,5,3.8,1,2023,5,2,0,Fully Furnished,Suburb_A,0,1,876100.0,459.41269008914526,1.3157894736842106,New
2007,1801.0,3,2.5,15,2009,3,0,2,Fully Furnished,Suburb_A,7,1,836900.0,464.68628539700165,1.2,Recent
2008,1391.0,3,2.4,16,2008,3,2,1,Unfurnished,Downtown,3,2,630700.0,453.4148094895758,1.25,Moderate
2009,2130.0,2,1.5,83,1941,1,2,1,Unfurnished,Lakeside,7,1,613800.0,288.16901408450707,1.3333333333333333,Very Old
2010,2269.0,5,3.4,39,1985,2,1,1,Semi-Furnished,Riverside,8,4,690300.0,304.23093873953286,1.4705882352941178,Old
2011,996.0,4,3.3,4,2020,5,1,0,Semi-Furnished,Suburb_A,2,5,379600.0,381.12449799196787,1.2121212121212122,New
2012,1419.0,2,2.2,7,2017,4,0,2,Semi-Furnished,Downtown,1,2,700700.0,493.7984496124031,0.9090909090909091,Recent
2013,1415.0,2,1.7,9,2015,5,0,1,Fully Furnished,Downtown,2,2,892900.0,631.0247349823321,1.1764705882352942,Recent
2014,1330.0,2,1.8,38,1986,2,1,1,Fully Furnished,Suburb_A,5,2,293200.0,220.45112781954887,1.1111111111111112,Old
2015,2215.0,2,1.8,51,1973,1,0,2,Semi-Furnished,Downtown,1,1,477600.0,215.62076749435667,1.1111111111111112,Very Old
2016,1703.0,3,2.5,74,1950,1,0,2,Fully Furnished,Northside,7,1,485100.0,284.8502642395772,1.2,Very Old
2017,1668.0,5,4.3,89,1935,1,2,0,Unfurnished,Suburb_A,8,1,435300.0,260.9712230215827,1.1627906976744187,Very Old
2018,798.0,3,2.5,11,2013,4,1,2,Fully Furnished,Suburb_B,0,2,235000.0,294.4862155388471,1.2,Recent
2019,2118.0,4,3.1,18,2006,3,1,0,Semi-Furnished,Northside,9,3,701800.0,331.3503305004721,1.2903225806451613,Moderate
2020,1180.0,3,2.2,14,2010,4,0,2,Semi-Furnished,Lakeside,4,5,511400.0,433.3898305084746,1.3636363636363635,Recent
2021,1830.0,4,3.1,21,2003,3,2,1,Semi-Furnished,OldTown,8,3,462700.0,252.8415300546448,1.2903225806451613,Moderate
2022,1939.0,4,3.3,84,1940,1,2,0,Semi-Furnished,Greenfield,0,3,232400.0,119.85559566787003,1.2121212121212122,Very Old
2023,2480.0,2,1.5,34,1990,2,1,2,Unfurnished,Hillview,0,2,563000.0,227.01612903225808,1.3333333333333333,Old
2024,1146.0,3,2.5,52,1972,1,2,0,Semi-Furnished,Suburb_A,0,4,131600.0,114.83420593368237,1.2,Very Old
2025,600.0,3,2.5,29,1995,3,2,1,Unfurnished,Riverside,0,5,238500.0,397.5,1.2,Moderate
2026,1892.0,2,1.8,1,2023,5,2,2,Semi-Furnished,Northside,0,5,693700.0,366.64904862579283,1.1111111111111112,New
2027,2700.0,3,2.8,3,2021,5,2,0,Fully Furnished,Greenfield,8,1,1351100.0,500.4074074074074,1.0714285714285714,New
2028,2419.0,3,2.4,32,1992,2,0,2,Semi-Furnished,Suburb_B,2,3,397100.0,164.15874328234807,1.25,Old
2029,1905.0,5,3.6,48,1976,2,1,0,Semi-Furnished,Hillview,9,3,547000.0,287.1391076115486,1.3888888888888888,Old
2030,1554.0,3,2.3,12,2012,3,0,2,Unfurnished,OldTown,4,1,347600.0,223.6808236808237,1.3043478260869565,Recent
2031,2204.0,4,3.2,49,1975,2,0,1,Unfurnished,OldTown,0,5,259100.0,117.5589836660617,1.25,Old
2032,1313.0,3,1.8,65,1959,1,0,1,Fully Furnished,OldTown,3,1,215500.0,164.12795125666412,1.6666666666666665,Very Old
2033,2038.0,4,3.6,24,2000,3,2,2,Fully Furnished,OldTown,9,1,746700.0,366.38861629048085,1.1111111111111112,Moderate
2034,2053.0,3,2.4,53,1971,1,1,2,Fully Furnished,Southside,4,2,373800.0,182.07501217730152,1.25,Very Old
2035,2330.0,4,3.3,24,2000,3,2,0,Unfurnished,Hillview,0,2,596300.0,255.92274678111588,1.2121212121212122,Moderate
2036,3180.0,4,3.6,41,1983,2,3,0,Fully Furnished,Southside,9,5,657000.0,206.60377358490567,1.1111111111111112,Old
2037,1996.0,3,2.2,56,1968,1,1,0,Semi-Furnished,Suburb_B,0,2,209800.0,105.11022044088176,1.3636363636363635,Very Old
2038,1546.0,3,2.6,98,1926,1,1,1,Semi-Furnished,Northside,5,2,296500.0,191.78525226390687,1.1538461538461537,Very Old
2039,1787.0,3,2.4,20,2004,3,1,0,Semi-Furnished,Suburb_B,3,3,334100.0,186.96138780078343,1.25,Moderate
2040,915.0,2,1.5,24,2000,4,2,2,Fully Furnished,Riverside,1,1,382400.0,417.92349726775956,1.3333333333333333,Moderate
2041,1453.0,2,1.4,9,2015,4,2,1,Fully Furnished,Southside,0,3,494800.0,340.53682037164486,1.4285714285714286,Recent
2042,1595.0,1,1.3,12,2012,4,0,1,Semi-Furnished,Downtown,9,3,720100.0,451.4733542319749,0.7692307692307692,Recent
2043,1538.0,4,3.1,43,1981,2,2,1,Fully Furnished,Suburb_A,8,2,347000.0,225.61768530559166,1.2903225806451613,Old
2044,1876.0,2,1.8,84,1940,1,2,0,Fully Furnished,Hillview,3,5,387400.0,206.50319829424308,1.1111111111111112,Very Old
2045,1389.0,2,1.0,23,2001,2,0,2,Fully Furnished,Downtown,0,2,447900.0,322.4622030237581,2.0,Moderate
2046,2361.0,4,3.6,10,2014,4,1,0,Semi-Furnished,Northside,0,3,765200.0,324.0999576450657,1.1111111111111112,Recent
2047,1800.0,3,2.7,17,2007,3,1,0,Semi-Furnished,OldTown,0,5,348800.0,193.77777777777777,1.111111111111111,Moderate
2048,1795.0,3,2.4,27,1997,3,1,1,Fully Furnished,Suburb_A,3,3,395500.0,220.3342618384401,1.25,Moderate
2049,1636.0,2,1.5,17,2007,3,2,1,Semi-Furnished,Suburb_A,0,2,386400.0,236.18581907090464,1.3333333333333333,Moderate
2050,1878.0,5,4.1,13,2011,4,0,1,Fully Furnished,OldTown,0,1,575800.0,306.6027689030884,1.2195121951219514,Recent
2051,2213.0,4,3.9,51,1973,1,1,2,Semi-Furnished,OldTown,2,3,257000.0,116.13194758246723,1.0256410256410258,Very Old
2052,1366.0,4,2.7,0,2024,5,0,1,Fully Furnished,Downtown,6,5,968600.0,709.077598828697,1.4814814814814814,New
2053,1471.0,3,2.6,32,1992,2,2,0,Semi-Furnished,Lakeside,8,2,576300.0,391.77430319510535,1.1538461538461537,Old
2054,1648.0,4,2.9,62,1962,1,2,0,Fully Furnished,Suburb_A,4,2,289200.0,175.48543689320388,1.3793103448275863,Very Old
2055,1127.0,2,1.6,15,2009,3,0,1,Unfurnished,Downtown,6,2,474500.0,421.0292812777285,1.25,Recent
2056,1390.0,1,1.0,36,1988,2,1,2,Fully Furnished,Suburb_B,1,3,241500.0,173.74100719424462,1.0,Old
2057,1562.0,1,1.0,40,1984,2,0,2,Unfurnished,Suburb_B,3,1,265600.0,170.0384122919334,1.0,Old
2058,2237.0,3,2.4,39,1985,2,2,2,Unfurnished,Southside,6,4,436500.0,195.12740277156905,1.25,Old
2059,1931.0,3,2.1,26,1998,3,0,1,Semi-Furnished,Northside,6,4,682600.0,353.495598135681,1.4285714285714286,Moderate
2060,1897.0,3,2.7,20,2004,3,2,1,Unfurnished,Southside,2,2,394300.0,207.85450711649975,1.111111111111111,Moderate
2061,2225.0,1,1.0,69,1955,1,2,1,Fully Furnished,Downtown,3,1,524400.0,235.68539325842696,1.0,Very Old
2062,1731.0,3,2.6,55,1969,1,1,1,Fully Furnished,Suburb_A,8,3,303900.0,175.5632582322357,1.1538461538461537,Very Old
2063,1995.0,4,3.1,19,2005,3,1,0,Fully Furnished,Northside,5,1,1157400.0,580.1503759398496,1.2903225806451613,Moderate
2064,1748.0,3,2.0,5,2019,3,1,2,Fully Furnished,Lakeside,5,2,831600.0,475.7437070938215,1.5,New
2065,1933.0,4,3.3,4,2020,5,1,0,Semi-Furnished,Northside,7,1,1334200.0,690.2224521469219,1.2121212121212122,New
2066,1509.0,2,1.1,5,2019,4,1,1,Semi-Furnished,Hillview,0,2,594800.0,394.1683233929755,1.8181818181818181,New
2067,600.0,4,3.2,35,1989,2,1,1,Fully Furnished,Southside,3,2,220000.0,366.6666666666667,1.25,Old
2068,1733.0,3,2.0,2,2022,5,1,1,Semi-Furnished,Southside,9,4,904300.0,521.8118869013272,1.5,New
2069,2511.0,2,1.7,20,2004,4,1,0,Fully Furnished,Suburb_B,1,3,544400.0,216.80605336519315,1.1764705882352942,Moderate
2070,2263.0,2,1.3,54,1970,1,2,1,Semi-Furnished,OldTown,0,5,207500.0,91.69244365885991,1.5384615384615383,Very Old
2071,2283.0,3,2.3,17,2007,3,0,1,Unfurnished,Northside,4,1,1003200.0,439.42181340341654,1.3043478260869565,Moderate
2072,2418.0,4,3.3,56,1968,1,1,1,Semi-Furnished,Suburb_A,0,1,206900.0,85.56658395368073,1.2121212121212122,Very Old
2073,1844.0,3,2.2,53,1971,2,2,1,Semi-Furnished,Northside,4,2,506700.0,274.7830802603037,1.3636363636363635,Very Old
2074,1899.0,2,1.6,14,2010,4,0,2,Semi-Furnished,Riverside,0,1,741000.0,390.2053712480253,1.25,Recent
2075,1491.0,4,2.7,50,1974,1,2,0,Unfurnished,OldTown,4,1,218300.0,146.41180415828302,1.4814814814814814,Old
2076,1642.0,3,2.6,53,1971,1,2,2,Fully Furnished,Lakeside,4,2,502600.0,306.09013398294763,1.1538461538461537,Very Old
2077,2108.0,3,2.9,23,2001,2,1,2,Unfurnished,Hillview,2,2,444000.0,210.62618595825427,1.0344827586206897,Moderate
2078,2402.0,3,3.2,12,2012,4,0,3,Semi-Furnished,Riverside,1,1,1076600.0,448.20982514571193,0.9375,Recent
2079,1730.0,2,1.6,31,1993,2,0,2,Semi-Furnished,Lakeside,0,2,329100.0,190.23121387283237,1.25,Old
2080,1575.0,3,2.6,85,1939,1,1,0,Unfurnished,Downtown,1,2,287200.0,182.34920634920636,1.1538461538461537,Very Old
2081,1800.0,3,1.9,38,1986,3,1,1,Unfurnished,Suburb_B,3,1,360400.0,200.22222222222223,1.5789473684210527,Old
2082,2101.0,5,4.5,10,2014,4,2,2,Semi-Furnished,Riverside,0,4,816200.0,388.4816753926702,1.1111111111111112,Recent
2083,1078.0,3,2.6,41,1983,2,1,1,Fully Furnished,Downtown,7,1,554500.0,514.3784786641929,1.1538461538461537,Old
2084,652.0,3,2.3,25,1999,4,1,2,Unfurnished,Suburb_B,6,1,258100.0,395.8588957055215,1.3043478260869565,Moderate
2085,1525.0,3,2.8,35,1989,2,2,0,Semi-Furnished,Riverside,0,1,327600.0,214.81967213114754,1.0714285714285714,Old
2086,1190.0,5,3.9,51,1973,1,2,1,Semi-Furnished,Northside,0,1,251000.0,210.92436974789916,1.2820512820512822,Very Old
2087,1546.0,4,3.1,31,1993,2,1,0,Fully Furnished,Suburb_B,0,4,288700.0,186.73997412677878,1.2903225806451613,Old
2088,1726.0,3,2.5,65,1959,1,1,0,Semi-Furnished,Suburb_B,4,1,290100.0,168.07647740440325,1.2,Very Old
2089,1573.0,4,2.9,49,1975,2,0,2,Unfurnished,Riverside,0,3,368400.0,234.20216147488875,1.3793103448275863,Old
2090,2526.0,3,2.7,37,1987,2,1,0,Fully Furnished,Northside,0,2,620400.0,245.60570071258908,1.111111111111111,Old
2091,1963.0,3,2.1,8,2016,4,1,1,Unfurnished,Northside,1,3,670200.0,341.4161996943454,1.4285714285714286,Recent
2092,1950.0,2,1.3,69,1955,1,2,1,Fully Furnished,Downtown,9,5,529600.0,271.5897435897436,1.5384615384615383,Very Old
2093,2111.0,3,2.1,88,1936,1,1,2,Fully Furnished,OldTown,5,4,251700.0,119.23259118900995,1.4285714285714286,Very Old
2094,1231.0,2,1.8,8,2016,4,2,0,Semi-Furnished,Southside,8,1,688200.0,559.0576766856215,1.1111111111111112,Recent
2095,2320.0,5,3.8,29,1995,3,0,2,Unfurnished,Downtown,0,4,835500.0,360.12931034482756,1.3157894736842106,Moderate
2096,1762.0,3,2.0,15,2009,3,2,2,Unfurnished,Suburb_A,0,2,424100.0,240.69239500567537,1.5,Recent
2097,2135.0,5,3.8,55,1969,1,2,2,Unfurnished,Southside,0,2,332800.0,155.87822014051523,1.3157894736842106,Very Old
2098,1264.0,3,2.4,49,1975,1,1,1,Fully Furnished,Lakeside,9,3,330000.0,261.0759493670886,1.25,Old
2099,1023.0,3,2.0,8,2016,4,2,1,Unfurnished,Hillview,0,5,395600.0,386.7057673509286,1.5,Recent
2100,2209.0,3,2.1,77,1947,1,2,1,Unfurnished,Suburb_A,2,1,340900.0,154.32322317790855,1.4285714285714286,Very Old
2101,1988.0,2,2.2,10,2014,4,2,1,Fully Furnished,Southside,1,3,721900.0,363.12877263581487,0.9090909090909091,Recent
2102,1349.0,3,2.1,62,1962,1,1,1,Semi-Furnished,Lakeside,6,1,421400.0,312.3795404002965,1.4285714285714286,Very Old
2103,1365.0,2,1.5,27,1997,3,1,1,Semi-Furnished,Suburb_B,0,2,307000.0,224.9084249084249,1.3333333333333333,Moderate
2104,2363.0,3,2.3,19,2005,3,2,1,Semi-Furnished,Greenfield,3,4,594500.0,251.58696572154042,1.3043478260869565,Moderate
2105,1205.0,3,2.3,9,2015,3,2,1,Unfurnished,Downtown,9,2,651400.0,540.5809128630706,1.3043478260869565,Recent
2106,2621.0,4,3.4,9,2015,5,2,0,Fully Furnished,Lakeside,2,1,1582300.0,603.7008775276612,1.1764705882352942,Recent
2107,1350.0,2,1.9,40,1984,1,2,1,Semi-Furnished,Suburb_B,4,2,190900.0,141.40740740740742,1.0526315789473684,Old
2108,2119.0,2,1.5,33,1991,2,0,2,Fully Furnished,Suburb_A,3,3,394000.0,185.9367626238792,1.3333333333333333,Old
2109,1636.0,3,2.0,7,2017,3,2,0,Semi-Furnished,Suburb_B,7,2,572800.0,350.12224938875306,1.5,Recent
2110,2102.0,5,4.4,6,2018,4,1,0,Unfurnished,Southside,0,1,626100.0,297.8591817316841,1.1363636363636362,Recent
2111,1528.0,4,3.2,4,2020,4,1,0,Fully Furnished,Riverside,0,2,725400.0,474.73821989528795,1.25,New
2112,1719.0,3,2.9,53,1971,1,1,2,Semi-Furnished,Suburb_A,6,5,256200.0,149.04013961605585,1.0344827586206897,Very Old
2113,1820.0,3,1.7,47,1977,2,1,1,Unfurnished,Suburb_A,2,3,255800.0,140.54945054945054,1.7647058823529411,Old
2114,1299.0,2,1.7,3,2021,5,1,0,Unfurnished,Suburb_B,8,3,618200.0,475.9045419553503,1.1764705882352942,New
2115,2170.0,5,4.6,33,1991,2,1,1,Semi-Furnished,Suburb_A,5,3,493400.0,227.3732718894009,1.0869565217391306,Old
2116,1543.0,3,2.3,4,2020,4,1,0,Fully Furnished,Hillview,4,1,971700.0,629.7472456254051,1.3043478260869565,New
2117,1686.0,2,1.5,82,1942,1,0,2,Semi-Furnished,Suburb_A,0,2,217500.0,129.0035587188612,1.3333333333333333,Very Old
2118,1303.0,3,2.5,83,1941,1,2,1,Unfurnished,Downtown,6,2,382300.0,293.3998465080583,1.2,Very Old
2119,600.0,2,1.4,44,1980,3,1,2,Unfurnished,OldTown,5,1,170400.0,284.0,1.4285714285714286,Old
2120,1704.0,5,3.9,86,1938,1,1,0,Fully Furnished,Southside,5,1,441700.0,259.2136150234742,1.2820512820512822,Very Old
2121,3006.0,3,2.3,65,1959,1,0,1,Semi-Furnished,Riverside,0,3,535500.0,178.1437125748503,1.3043478260869565,Very Old
2122,2192.0,3,2.2,68,1956,1,2,2,Fully Furnished,Suburb_A,9,1,433200.0,197.62773722627736,1.3636363636363635,Very Old
2123,1790.0,2,2.0,34,1990,2,2,2,Fully Furnished,Riverside,0,2,556600.0,310.94972067039106,1.0,Old
2124,1669.0,4,3.3,18,2006,3,0,2,Semi-Furnished,Suburb_A,0,1,253500.0,151.8873576992211,1.2121212121212122,Moderate
2125,1811.0,4,3.3,12,2012,4,2,1,Fully Furnished,Lakeside,9,1,1480700.0,817.6145775814467,1.2121212121212122,Recent
2126,2074.0,3,2.6,19,2005,3,2,0,Fully Furnished,Greenfield,6,2,567300.0,273.52941176470586,1.1538461538461537,Moderate
2127,1210.0,3,2.3,38,1986,3,1,1,Unfurnished,Hillview,2,3,351200.0,290.24793388429754,1.3043478260869565,Old
2128,2357.0,4,3.0,10,2014,4,2,0,Semi-Furnished,Suburb_A,9,1,1117700.0,474.2044972422571,1.3333333333333333,Recent
2129,2158.0,2,1.4,15,2009,3,1,2,Unfurnished,Riverside,0,1,560200.0,259.59221501390175,1.4285714285714286,Recent
2130,2159.0,3,2.4,28,1996,3,1,0,Semi-Furnished,OldTown,0,3,260600.0,120.70402964335341,1.25,Moderate
2131,2019.0,2,1.3,13,2011,4,1,1,Unfurnished,Greenfield,5,2,604600.0,299.4551758296186,1.5384615384615383,Recent
2132,1810.0,5,3.8,35,1989,2,1,1,Semi-Furnished,Greenfield,0,3,891810.4957279422,234.58563535911603,1.3157894736842106,Old
2133,2136.0,3,2.2,85,1939,1,1,2,Fully Furnished,Riverside,8,1,739100.0,346.02059925093636,1.3636363636363635,Very Old
2134,2096.0,4,3.8,53,1971,1,0,1,Semi-Furnished,Downtown,7,4,551400.0,263.07251908396944,1.0526315789473684,Very Old
2135,1623.0,3,1.6,40,1984,2,0,3,Fully Furnished,Greenfield,0,2,319500.0,196.8576709796673,1.875,Old
2136,1513.0,2,1.5,35,1989,2,1,0,Unfurnished,Hillview,8,3,335000.0,221.41440846001322,1.3333333333333333,Old
2137,1851.0,2,2.1,29,1995,4,1,0,Semi-Furnished,OldTown,0,1,333800.0,180.33495407887628,0.9523809523809523,Moderate
2138,2575.0,2,1.6,11,2013,4,3,1,Fully Furnished,Lakeside,4,1,1234400.0,479.378640776699,1.25,Recent
2139,1180.0,3,2.6,80,1944,1,1,1,Semi-Furnished,OldTown,9,3,167700.0,142.11864406779662,1.1538461538461537,Very Old
2140,1066.0,2,1.6,14,2010,4,2,1,Unfurnished,Southside,8,1,674000.0,632.2701688555347,1.25,Recent
2141,1882.0,1,1.0,5,2019,4,1,0,Fully Furnished,OldTown,1,1,502400.0,266.9500531349628,1.0,New
2142,1825.0,4,2.5,54,1970,1,1,1,Fully Furnished,Northside,0,2,352400.0,193.0958904109589,1.6,Very Old
2143,1887.0,5,4.1,10,2014,3,0,3,Unfurnished,Downtown,0,2,700200.0,371.0651828298887,1.2195121951219514,Recent
2144,1922.0,3,2.2,22,2002,2,1,2,Fully Furnished,Suburb_B,3,3,316700.0,164.77627471383974,1.3636363636363635,Moderate
2145,1688.0,3,2.2,1,2023,5,0,1,Fully Furnished,Hillview,4,3,1062100.0,629.2061611374407,1.3636363636363635,New
2146,2545.0,1,1.0,8,2016,4,2,0,Semi-Furnished,Riverside,0,2,1068600.0,419.88212180746564,1.0,Recent
2147,1000.0,3,2.9,10,2014,4,2,0,Semi-Furnished,OldTown,2,2,298000.0,298.0,1.0344827586206897,Recent
2148,1386.0,4,3.9,2,2022,5,0,3,Semi-Furnished,Southside,7,5,754400.0,544.3001443001443,1.0256410256410258,New
2149,1748.0,2,1.7,39,1985,3,1,1,Semi-Furnished,Downtown,2,2,520000.0,297.48283752860414,1.1764705882352942,Old
2150,978.0,2,1.5,70,1954,1,0,1,Unfurnished,Lakeside,0,3,189900.0,194.17177914110428,1.3333333333333333,Very Old
2151,1712.0,4,2.8,22,2002,3,2,0,Unfurnished,Riverside,9,1,1126000.0,657.7102803738318,1.4285714285714286,Moderate
2152,4169.823805461494,3,2.5,77,1947,1,1,0,Unfurnished,Downtown,0,4,492800.0,187.305207145572,1.2,Very Old
2153,1810.0,1,1.3,12,2012,4,0,3,Semi-Furnished,Southside,7,1,1382331.3296163194,371.2707182320442,0.7692307692307692,Recent
2154,1915.0,3,2.3,19,2005,2,1,2,Fully Furnished,Hillview,0,2,634800.0,331.4882506527415,1.3043478260869565,Moderate
2155,1170.0,3,1.7,8,2016,4,2,0,Unfurnished,Southside,2,2,393100.0,335.982905982906,1.7647058823529411,Recent
2156,1492.0,3,2.6,37,1987,2,1,0,Fully Furnished,Suburb_B,3,3,303500.0,203.41823056300268,1.1538461538461537,Old
2157,1612.0,4,3.5,25,1999,3,1,0,Unfurnished,Lakeside,3,2,627000.0,388.95781637717124,1.1428571428571428,Moderate
2158,1641.0,4,2.7,37,1987,1,1,1,Fully Furnished,Hillview,3,3,451600.0,275.19804996953076,1.4814814814814814,Old
2159,2441.0,3,2.5,56,1968,1,1,1,Unfurnished,Riverside,0,1,339800.0,139.20524375256042,1.2,Very Old
2160,2079.0,5,4.1,32,1992,2,2,2,Unfurnished,Southside,3,2,492900.0,237.0851370851371,1.2195121951219514,Old
2161,1244.0,3,2.4,37,1987,2,2,0,Semi-Furnished,Southside,3,4,289800.0,232.95819935691318,1.25,Old
2162,1923.0,4,3.0,88,1936,1,2,1,Fully Furnished,Hillview,0,1,436400.0,226.93707748309933,1.3333333333333333,Very Old
2163,2049.0,3,2.7,17,2007,3,1,0,Fully Furnished,Greenfield,9,1,1007400.0,491.6544655929722,1.111111111111111,Moderate
2164,2370.0,4,3.1,21,2003,3,1,2,Semi-Furnished,Suburb_A,8,2,745400.0,314.51476793248946,1.2903225806451613,Moderate
2165,2590.0,5,3.6,48,1976,2,2,0,Fully Furnished,Greenfield,8,5,854779.0390673162,214.32432432432432,1.3888888888888888,Old
2166,1292.0,2,1.0,36,1988,1,2,0,Semi-Furnished,Greenfield,5,1,278800.0,215.78947368421052,2.0,Old
2167,1395.0,5,4.4,10,2014,4,2,1,Semi-Furnished,Suburb_A,0,1,436200.0,312.68817204301075,1.1363636363636362,Recent
2168,1171.0,4,3.4,22,2002,3,1,0,Semi-Furnished,Suburb_B,4,2,351500.0,300.17079419299745,1.1764705882352942,Moderate
2169,1683.0,4,3.2,28,1996,4,0,2,Semi-Furnished,Suburb_B,7,1,559000.0,332.14497920380273,1.25,Moderate
2170,2033.0,2,1.5,25,1999,3,1,1,Semi-Furnished,Downtown,0,2,667500.0,328.33251352680765,1.3333333333333333,Moderate
2171,2294.0,4,3.0,10,2014,5,2,1,Fully Furnished,Downtown,3,4,1197200.0,521.8831734960767,1.3333333333333333,Recent
2172,1762.0,4,2.9,86,1938,1,1,1,Unfurnished,Southside,1,1,255200.0,144.83541430192963,1.3793103448275863,Very Old
2173,1640.0,2,1.5,56,1968,1,0,2,Unfurnished,Hillview,0,3,280800.0,171.21951219512195,1.3333333333333333,Very Old
2174,1876.0,5,3.4,29,1995,4,0,1,Fully Furnished,Northside,1,2,610600.0,325.47974413646057,1.4705882352941178,Moderate
2175,1382.0,1,1.0,41,1983,1,1,1,Fully Furnished,Northside,9,5,271100.0,196.16497829232995,1.0,Old
2176,2845.0,2,1.5,81,1943,1,1,1,Unfurnished,Downtown,6,5,521900.0,183.44463971880492,1.3333333333333333,Very Old
2177,996.0,3,2.6,7,2017,4,2,1,Fully Furnished,Greenfield,0,2,289400.0,290.56224899598396,1.1538461538461537,Recent
2178,1892.0,3,2.4,14,2010,4,2,0,Fully Furnished,Hillview,4,2,924800.0,488.79492600422833,1.25,Recent
2179,2812.0,3,2.6,32,1992,2,3,0,Semi-Furnished,Riverside,0,3,695100.0,247.1906116642959,1.1538461538461537,Old
2180,1803.0,1,1.2,63,1961,1,1,1,Fully Furnished,Suburb_B,4,2,199400.0,110.59345535219079,0.8333333333333334,Very Old
2181,1705.0,5,4.3,1,2023,5,1,1,Fully Furnished,Northside,8,1,1552900.0,910.791788856305,1.1627906976744187,New
2182,1621.0,1,1.0,97,1927,1,1,1,Unfurnished,Southside,4,5,178500.0,110.11721159777915,1.0,Very Old
2183,1710.0,2,1.6,27,1997,3,2,0,Fully Furnished,Lakeside,6,2,758300.0,443.4502923976608,1.25,Moderate
2184,2486.0,1,1.0,21,2003,4,1,0,Unfurnished,OldTown,2,1,562500.0,226.2670957361223,1.0,Moderate
2185,1166.989006789903,3,2.6,17,2007,3,1,0,Fully Furnished,Riverside,3,4,709638.641475191,547.2622478386168,1.1538461538461537,Moderate
2186,2567.0,5,4.5,10,2014,4,2,0,Unfurnished,Riverside,5,2,1333500.0,519.4779898714453,1.1111111111111112,Recent
2187,1088.0,3,2.5,61,1963,1,1,1,Semi-Furnished,Hillview,7,1,339600.0,312.13235294117646,1.2,Very Old
2188,1667.0,4,3.8,91,1933,1,2,1,Fully Furnished,Hillview,5,1,550600.0,330.29394121175767,1.0526315789473684,Very Old
2189,1585.0,1,1.0,24,2000,3,2,1,Unfurnished,Suburb_B,9,1,493500.0,311.3564668769716,1.0,Moderate
2190,2094.0,3,2.1,91,1933,1,1,1,Unfurnished,Suburb_A,7,5,274100.0,130.89780324737345,1.4285714285714286,Very Old
2191,1001.0,3,2.7,67,1957,1,0,3,Fully Furnished,Northside,7,5,248800.0,248.55144855144854,1.111111111111111,Very Old
2192,2031.0,3,2.5,29,1995,3,2,2,Unfurnished,Suburb_A,7,2,575000.0,283.1117676021664,1.2,Moderate
2193,2812.0,2,2.0,40,1984,2,3,1,Semi-Furnished,Northside,0,4,482600.0,171.6216216216216,1.0,Old
2194,1118.0,3,2.4,26,1998,3,1,2,Unfurnished,OldTown,2,2,195700.0,175.04472271914133,1.25,Moderate
2195,1895.0,3,2.1,33,1991,2,1,1,Unfurnished,Southside,4,3,387900.0,204.69656992084433,1.4285714285714286,Old
2196,1469.0,4,3.1,3,2021,5,1,2,Fully Furnished,Greenfield,2,2,692800.0,471.6133424098026,1.2903225806451613,New
2197,2013.0,3,1.9,44,1980,2,1,2,Fully Furnished,Lakeside,7,2,678300.0,336.9597615499255,1.5789473684210527,Old
2198,1810.0,2,1.3,2,2022,5,2,2,Semi-Furnished,Suburb_B,0,1,606000.0,334.8066298342541,1.5384615384615383,New
2199,1479.0,3,2.7,66,1958,1,0,2,Unfurnished,Suburb_A,0,1,143900.0,97.29546991210277,1.111111111111111,Very Old
2200,2044.0,2,1.9,67,1957,1,0,2,Semi-Furnished,OldTown,8,1,343500.0,168.05283757338552,1.0526315789473684,Very Old
2201,2702.0,4,3.3,14,2010,4,3,1,Semi-Furnished,Suburb_A,0,1,612500.0,226.68393782383419,1.2121212121212122,Recent
2202,1705.0,3,1.9,19,2005,3,1,0,Fully Furnished,OldTown,0,5,400700.0,235.01466275659823,1.5789473684210527,Moderate
2203,2160.0,2,1.5,29,1995,3,0,1,Unfurnished,Lakeside,1,5,560900.0,259.6759259259259,1.3333333333333333,Moderate
2204,1153.0,5,3.6,36,1988,2,1,2,Semi-Furnished,Northside,6,4,342900.0,297.398091934085,1.3888888888888888,Old
2205,1322.0,3,2.8,17,2007,3,0,2,Unfurnished,Riverside,4,1,658500.0,498.1089258698941,1.0714285714285714,Moderate
2206,2036.0,2,1.4,35,1989,1,1,1,Unfurnished,OldTown,9,2,297900.0,146.3163064833006,1.4285714285714286,Old
2207,2542.0,3,2.1,17,2007,3,1,0,Fully Furnished,Greenfield,0,2,601900.0,236.7820613690008,1.4285714285714286,Moderate
2208,1978.0,2,1.6,3,2021,5,0,3,Fully Furnished,OldTown,8,2,1002700.0,506.92618806875635,1.25,New
2209,1643.0,4,3.0,0,2024,5,1,2,Unfurnished,Lakeside,0,1,1034300.0,629.5191722458917,1.3333333333333333,New
2210,1800.0,4,3.6,5,2019,4,1,2,Fully Furnished,Suburb_A,0,2,557400.0,309.6666666666667,1.1111111111111112,New
2211,1175.0,5,3.8,61,1963,1,0,1,Unfurnished,Greenfield,3,1,225800.0,192.17021276595744,1.3157894736842106,Very Old
2212,2102.0,3,2.0,92,1932,2,1,0,Unfurnished,Suburb_B,0,4,251800.0,119.790675547098,1.5,Very Old
2213,2241.0,3,1.8,25,1999,2,2,1,Semi-Furnished,Southside,1,3,355300.0,158.54529228023205,1.6666666666666665,Moderate
2214,1574.0,4,3.2,30,1994,2,2,1,Fully Furnished,Southside,1,2,434100.0,275.7941550190597,1.25,Moderate
2215,1565.0,2,1.4,8,2016,3,0,3,Fully Furnished,Southside,0,3,575100.0,367.47603833865816,1.4285714285714286,Recent
2216,1933.0,3,2.0,33,1991,2,2,0,Semi-Furnished,Southside,8,1,646100.0,334.2472840144853,1.5,Old
2217,1582.0,3,2.8,8,2016,4,1,1,Fully Furnished,Suburb_A,1,1,500000.0,316.05562579013906,1.0714285714285714,Recent
2218,1767.0,2,1.8,36,1988,2,0,3,Semi-Furnished,Suburb_B,9,2,372000.0,210.52631578947367,1.1111111111111112,Old
2219,2850.0,3,2.4,87,1937,1,2,1,Semi-Furnished,Riverside,8,3,642500.0,225.43859649122808,1.25,Very Old
2220,1676.0,4,3.6,11,2013,4,1,0,Semi-Furnished,Southside,0,1,470200.0,280.5489260143198,1.1111111111111112,Recent
2221,1621.0,4,3.4,56,1968,1,1,1,Semi-Furnished,Greenfield,3,2,249200.0,153.73226403454657,1.1764705882352942,Very Old
2222,1476.0,2,1.4,1,2023,5,1,0,Unfurnished,Southside,4,1,835400.0,565.9891598915989,1.4285714285714286,New
2223,2172.0,2,1.3,22,2002,3,2,2,Semi-Furnished,Downtown,7,1,1137600.0,523.756906077348,1.5384615384615383,Moderate
2224,1709.0,2,1.8,6,2018,3,1,1,Semi-Furnished,Hillview,8,1,1127200.0,659.5669982445875,1.1111111111111112,Recent
2225,1475.0,4,3.3,21,2003,3,1,0,Unfurnished,Hillview,5,3,517200.0,350.64406779661016,1.2121212121212122,Moderate
2226,2461.0,2,1.7,10,2014,4,1,1,Semi-Furnished,OldTown,0,2,444000.0,180.4144656643641,1.1764705882352942,Recent
2227,2510.0,4,2.9,22,2002,3,1,2,Unfurnished,Suburb_A,3,3,479800.0,191.15537848605578,1.3793103448275863,Moderate
2228,1500.0,2,1.8,25,1999,3,2,1,Fully Furnished,Suburb_A,8,1,595500.0,397.0,1.1111111111111112,Moderate
2229,867.0,3,2.2,18,2006,3,2,1,Unfurnished,Downtown,6,1,515700.0,594.8096885813148,1.3636363636363635,Moderate
2230,2304.0,3,2.4,39,1985,2,2,0,Semi-Furnished,Suburb_B,8,3,388600.0,168.66319444444446,1.25,Old
2231,1458.0,4,3.6,85,1939,2,1,1,Unfurnished,Greenfield,5,1,322200.0,220.98765432098764,1.1111111111111112,Very Old
2232,2195.0,2,1.4,24,2000,3,1,1,Unfurnished,OldTown,0,1,350700.0,159.7722095671982,1.4285714285714286,Moderate
2233,815.0,3,1.9,11,2013,5,1,1,Fully Furnished,Greenfield,9,2,447300.0,548.8343558282209,1.5789473684210527,Recent
2234,2246.0,2,1.3,16,2008,3,1,2,Semi-Furnished,Northside,8,3,828200.0,368.74443455031167,1.5384615384615383,Moderate
2235,1194.0,4,3.5,73,1951,1,1,0,Unfurnished,OldTown,0,3,130700.0,109.46398659966499,1.1428571428571428,Very Old
2236,2165.0,4,3.3,34,1990,3,2,0,Fully Furnished,OldTown,0,1,317400.0,146.60508083140877,1.2121212121212122,Old
2237,1807.0,2,1.6,27,1997,3,1,2,Unfurnished,Suburb_A,3,2,365900.0,202.49031543995574,1.25,Moderate
2238,1323.0,4,3.0,8,2016,4,1,1,Fully Furnished,Downtown,6,3,1040700.0,786.6213151927437,1.3333333333333333,Recent
2239,1596.0,3,2.5,27,1997,2,2,0,Unfurnished,Hillview,1,2,392000.0,245.6140350877193,1.2,Moderate
2240,2143.0,2,1.3,16,2008,3,2,0,Fully Furnished,Greenfield,0,1,435400.0,203.17312179188053,1.5384615384615383,Moderate
2241,1853.0,3,2.5,89,1935,1,1,2,Semi-Furnished,Hillview,3,3,295500.0,159.47112790070156,1.2,Very Old
2242,2092.0,2,1.4,78,1946,1,1,0,Fully Furnished,Greenfield,1,3,315500.0,150.81261950286807,1.4285714285714286,Very Old
2243,2788.0,4,2.9,4,2020,5,3,0,Fully Furnished,OldTown,1,1,912400.0,327.2596843615495,1.3793103448275863,New
2244,1018.0,4,3.0,31,1993,2,1,0,Semi-Furnished,Suburb_A,5,3,277300.0,272.3968565815324,1.3333333333333333,Old
2245,2609.0,2,1.5,13,2011,4,3,2,Semi-Furnished,Downtown,8,2,1504600.0,576.6960521272518,1.3333333333333333,Recent
2246,1852.0,3,2.4,24,2000,3,0,2,Fully Furnished,Southside,4,3,482300.0,260.42116630669545,1.25,Moderate
2247,1351.0,4,3.3,77,1947,1,1,1,Unfurnished,OldTown,5,1,263200.0,194.81865284974094,1.2121212121212122,Very Old
2248,1135.0,5,2.9,31,1993,3,1,1,Fully Furnished,OldTown,5,1,361400.0,318.41409691629957,1.7241379310344829,Old
2249,1705.0,3,2.2,20,2004,3,2,0,Unfurnished,OldTown,4,2,293800.0,172.316715542522,1.3636363636363635,Moderate
2250,2261.0,5,3.9,12,2012,4,2,0,Semi-Furnished,Southside,0,2,642000.0,283.94515701017247,1.2820512820512822,Recent
2251,1736.0,3,2.9,63,1961,1,0,2,Semi-Furnished,Greenfield,1,2,255700.0,147.2926267281106,1.0344827586206897,Very Old
2252,2556.0,3,2.1,37,1987,2,3,0,Fully Furnished,Suburb_A,0,3,500700.0,195.89201877934272,1.4285714285714286,Old
2253,1074.0,4,3.2,28,1996,2,1,1,Semi-Furnished,Riverside,8,2,446300.0,415.54934823091247,1.25,Moderate
2254,1794.0,3,2.8,12,2012,4,0,1,Semi-Furnished,Northside,7,3,579200.0,322.85395763656635,1.0714285714285714,Recent
2255,1174.0,3,2.0,20,2004,2,1,0,Fully Furnished,OldTown,4,1,240000.0,204.42930153321976,1.5,Moderate
2256,1982.0,3,2.5,92,1932,2,1,1,Fully Furnished,Riverside,8,3,549100.0,277.0433905146317,1.2,Very Old
2257,2243.0,4,3.0,31,1993,2,1,1,Fully Furnished,OldTown,8,2,442100.0,197.1020954079358,1.3333333333333333,Old
2258,1590.0,4,3.0,24,2000,3,2,1,Fully Furnished,Southside,9,1,861800.0,542.0125786163522,1.3333333333333333,Moderate
2259,600.0,3,2.2,31,1993,2,1,0,Fully Furnished,Hillview,0,1,245800.0,409.6666666666667,1.3636363636363635,Old
2260,1899.0,3,2.2,59,1965,1,2,0,Fully Furnished,Northside,6,1,566400.0,298.26224328594,1.3636363636363635,Very Old
2261,2018.0,3,3.2,20,2004,3,1,1,Semi-Furnished,Downtown,4,2,692500.0,343.1615460852329,0.9375,Moderate
2262,2002.0,3,2.7,10,2014,5,0,2,Semi-Furnished,Hillview,6,2,948000.0,473.5264735264735,1.111111111111111,Recent
2263,2418.0,2,1.9,35,1989,2,1,0,Semi-Furnished,Riverside,0,5,536300.0,221.7948717948718,1.0526315789473684,Old
2264,1264.0,4,3.3,40,1984,2,0,3,Fully Furnished,Suburb_B,5,4,259500.0,205.3006329113924,1.2121212121212122,Old
2265,2140.0,3,1.9,47,1977,2,1,1,Semi-Furnished,Lakeside,2,4,567300.0,265.0934579439252,1.5789473684210527,Old
2266,2396.0,3,2.5,78,1946,1,1,2,Semi-Furnished,Southside,7,2,426200.0,177.8797996661102,1.2,Very Old
2267,911.0,2,1.9,22,2002,3,1,0,Semi-Furnished,OldTown,7,4,229800.0,252.2502744237102,1.0526315789473684,Moderate
2268,1960.0,2,1.3,4,2020,5,0,3,Unfurnished,Southside,0,1,838300.0,427.7040816326531,1.5384615384615383,New
2269,1548.0,5,4.3,92,1932,1,1,0,Semi-Furnished,Hillview,0,2,296600.0,191.60206718346254,1.1627906976744187,Very Old
2270,1759.0,3,2.6,26,1998,4,0,2,Fully Furnished,Downtown,6,2,894100.0,508.3001705514497,1.1538461538461537,Moderate
2271,1974.0,2,2.2,37,1987,2,1,2,Semi-Furnished,Hillview,4,1,599400.0,303.64741641337383,0.9090909090909091,Old
2272,1556.0,3,2.3,40,1984,1,2,0,Fully Furnished,Greenfield,4,1,322700.0,207.39074550128535,1.3043478260869565,Old
2273,1462.0,3,2.1,33,1991,1,2,1,Unfurnished,Hillview,6,2,357700.0,244.66484268125856,1.4285714285714286,Old
2274,1817.0,1,1.0,12,2012,4,0,2,Unfurnished,Suburb_B,8,1,710900.0,391.24931205283434,1.0,Recent
2275,1256.0,3,2.8,55,1969,1,1,1,Semi-Furnished,Northside,0,3,183300.0,145.93949044585986,1.0714285714285714,Very Old
2276,1257.0,3,1.9,64,1960,1,1,0,Unfurnished,Southside,4,5,185100.0,147.25536992840097,1.5789473684210527,Very Old
2277,2140.0,3,1.8,33,1991,2,2,0,Semi-Furnished,Southside,7,1,715000.0,334.1121495327103,1.6666666666666665,Old
2278,1226.0,3,2.4,29,1995,3,1,0,Semi-Furnished,Riverside,8,2,602200.0,491.1908646003263,1.25,Moderate
2279,2133.0,3,2.3,6,2018,4,0,1,Fully Furnished,Lakeside,0,3,1147700.0,538.0684481950304,1.3043478260869565,Recent
2280,2031.0,5,4.0,4,2020,5,1,0,Semi-Furnished,Lakeside,0,1,981700.0,483.3579517479074,1.25,New
2281,937.0,3,2.7,20,2004,3,1,0,Unfurnished,Suburb_B,0,5,180000.0,192.10245464247598,1.111111111111111,Moderate
2282,1461.0,2,1.4,18,2006,3,2,0,Unfurnished,Suburb_A,9,4,283600.0,194.113620807666,1.4285714285714286,Moderate
2283,2397.0,2,1.0,91,1933,1,2,2,Semi-Furnished,OldTown,2,1,254700.0,106.25782227784731,2.0,Very Old
2284,1309.0,3,3.0,60,1964,2,0,2,Semi-Furnished,Greenfield,2,1,217600.0,166.23376623376623,1.0,Very Old
2285,1568.0,4,2.9,39,1985,1,2,1,Semi-Furnished,Lakeside,0,5,343600.0,219.1326530612245,1.3793103448275863,Old
2286,2031.0,2,1.3,31,1993,2,0,2,Unfurnished,Downtown,0,5,476400.0,234.5642540620384,1.5384615384615383,Old
2287,2192.0,4,3.5,9,2015,4,2,0,Semi-Furnished,Southside,5,2,954900.0,435.6295620437956,1.1428571428571428,Recent
2288,1674.0,1,1.0,96,1928,1,2,1,Semi-Furnished,Downtown,4,1,423600.0,253.04659498207886,1.0,Very Old
2289,1501.0,3,2.4,22,2002,3,1,0,Semi-Furnished,OldTown,4,3,317300.0,211.39240506329114,1.25,Moderate
2290,2511.0,4,3.3,6,2018,4,2,1,Unfurnished,Riverside,0,1,1021600.0,406.8498606133015,1.2121212121212122,Recent
2291,2669.0,3,2.7,29,1995,3,2,1,Unfurnished,Riverside,1,5,668700.0,250.54327463469465,1.111111111111111,Moderate
2292,2289.0,3,2.3,76,1948,1,0,1,Fully Furnished,Northside,7,3,384200.0,167.84622105723022,1.3043478260869565,Very Old
2293,1843.0,2,2.1,79,1945,1,0,2,Fully Furnished,Suburb_A,0,3,246500.0,133.74932175800325,0.9523809523809523,Very Old
2294,1396.0,4,2.6,0,2024,4,0,3,Unfurnished,Lakeside,8,1,1407200.0,1008.0229226361032,1.5384615384615383,New
2295,1385.0,2,1.8,79,1945,1,1,1,Unfurnished,Hillview,0,3,283000.0,204.33212996389892,1.1111111111111112,Very Old
2296,2061.0,4,2.9,16,2008,3,1,1,Semi-Furnished,Hillview,0,1,705800.0,342.45511887433287,1.3793103448275863,Moderate
2297,2009.0,2,2.0,2,2022,5,2,0,Semi-Furnished,Southside,3,1,2424646.857875961,568.1433549029368,1.0,New
2298,2501.0,4,3.2,72,1952,1,2,0,Unfurnished,Suburb_B,9,2,413300.0,165.25389844062374,1.25,Very Old
2299,2125.0,3,2.2,75,1949,1,1,2,Unfurnished,Southside,1,2,306500.0,144.23529411764707,1.3636363636363635,Very Old
2300,1048.0,4,3.4,36,1988,2,1,1,Unfurnished,Hillview,5,3,340800.0,325.19083969465646,1.1764705882352942,Old
2301,2326.0,3,2.7,34,1990,3,1,2,Fully Furnished,Southside,4,4,1094739.2659788455,266.938950988822,1.111111111111111,Old
2302,1301.0,5,4.2,65,1959,1,1,0,Unfurnished,Southside,0,2,228800.0,175.86471944657956,1.1904761904761905,Very Old
2303,1608.0,2,1.3,60,1964,1,1,1,Fully Furnished,Lakeside,0,2,298100.0,185.3855721393035,1.5384615384615383,Very Old
2304,1925.0,2,1.5,79,1945,1,2,0,Unfurnished,OldTown,9,2,267600.0,139.01298701298703,1.3333333333333333,Very Old
2305,2798.0,3,2.4,33,1991,3,2,1,Fully Furnished,Riverside,0,2,768700.0,274.73195139385274,1.25,Old
2306,3355.0,3,2.4,94,1930,1,2,0,Semi-Furnished,Southside,5,3,543200.0,161.90760059612518,1.25,Very Old
2307,2103.0,2,1.8,99,1925,1,2,0,Semi-Furnished,Southside,9,2,373600.0,177.65097479790776,1.1111111111111112,Very Old
2308,1708.0,5,3.4,6,2018,4,0,2,Unfurnished,Suburb_B,0,5,463700.0,271.4871194379391,1.4705882352941178,Recent
2309,2067.0,5,4.1,72,1952,1,1,1,Semi-Furnished,Hillview,2,3,427100.0,206.62796323173683,1.2195121951219514,Very Old
2310,2244.0,3,2.3,30,1994,2,1,1,Fully Furnished,Southside,0,1,491500.0,219.02852049910874,1.3043478260869565,Moderate
2311,1640.0,5,3.7,23,2001,3,2,1,Unfurnished,Northside,0,1,489400.0,298.4146341463415,1.3513513513513513,Moderate
2312,2698.0,3,2.2,37,1987,2,3,2,Semi-Furnished,OldTown,0,2,375300.0,139.10303928836174,1.3636363636363635,Old
2313,1915.0,2,1.5,3,2021,5,2,1,Semi-Furnished,Southside,5,2,959700.0,501.14882506527414,1.3333333333333333,New
2314,2049.0,4,2.1,30,1994,2,1,1,Unfurnished,OldTown,6,2,356000.0,173.74328940946802,1.9047619047619047,Moderate
2315,2133.0,3,2.2,76,1948,1,0,1,Semi-Furnished,Suburb_B,5,1,281300.0,131.87998124706985,1.3636363636363635,Very Old
2316,2011.0,5,3.7,12,2012,5,2,1,Unfurnished,Downtown,8,5,1185300.0,589.4082545997016,1.3513513513513513,Recent
2317,2219.0,2,1.8,25,1999,3,1,0,Semi-Furnished,Suburb_B,0,1,389200.0,175.39432176656152,1.1111111111111112,Moderate
2318,1491.0,3,2.2,88,1936,1,0,2,Unfurnished,Suburb_B,0,3,183200.0,122.87055667337357,1.3636363636363635,Very Old
2319,1521.0,2,1.5,25,1999,2,2,0,Unfurnished,Hillview,1,1,367800.0,241.81459566074952,1.3333333333333333,Moderate
2320,1250.0,2,2.1,21,2003,3,1,1,Semi-Furnished,Suburb_B,0,2,198000.0,158.4,0.9523809523809523,Moderate
2321,2020.0,1,1.1,26,1998,3,0,2,Unfurnished,Suburb_A,0,2,330400.0,163.56435643564356,0.9090909090909091,Moderate
2322,2189.0,5,4.3,31,1993,2,2,1,Semi-Furnished,Northside,3,2,635900.0,290.49794426678847,1.1627906976744187,Old
2323,2029.0,4,3.1,38,1986,2,1,1,Unfurnished,Hillview,7,2,659200.0,324.8891079349433,1.2903225806451613,Old
2324,2637.0,4,3.4,63,1961,1,2,0,Unfurnished,Lakeside,9,3,594400.0,225.4076602199469,1.1764705882352942,Very Old
2325,1797.0,3,2.3,27,1997,2,2,1,Semi-Furnished,Suburb_B,0,2,239200.0,133.11074012242628,1.3043478260869565,Moderate
2326,2134.0,3,2.3,66,1958,1,2,1,Semi-Furnished,Greenfield,7,3,301000.0,141.04967197750702,1.3043478260869565,Very Old
2327,1254.0,2,1.7,32,1992,2,0,2,Unfurnished,Greenfield,7,4,257500.0,205.34290271132377,1.1764705882352942,Old
2328,1606.0,2,1.4,20,2004,2,1,0,Fully Furnished,Riverside,1,4,660850.3867307421,227.08592777085929,1.4285714285714286,Moderate
2329,2148.0,3,2.8,39,1985,2,2,0,Semi-Furnished,Southside,0,3,403300.0,187.756052141527,1.0714285714285714,Old
2330,2225.0,4,3.2,48,1976,1,1,2,Semi-Furnished,Suburb_A,9,1,525200.0,236.04494382022472,1.25,Old
2331,1653.0,3,2.6,33,1991,2,1,1,Fully Furnished,Suburb_A,5,5,378400.0,228.91712038717483,1.1538461538461537,Old
2332,1764.0,2,2.0,3,2021,5,0,1,Unfurnished,OldTown,9,5,594700.0,337.13151927437644,1.0,New
2333,1041.0,1,1.1,10,2014,4,2,0,Fully Furnished,Riverside,3,3,518800.0,498.3669548511047,0.9090909090909091,Recent
2334,1621.0,2,1.2,17,2007,3,2,0,Fully Furnished,Greenfield,1,2,789981.9531605821,264.03454657618755,1.6666666666666667,Moderate
2335,2245.0,3,2.5,16,2008,3,0,1,Unfurnished,Suburb_B,0,1,382300.0,170.28953229398664,1.2,Moderate
2336,2088.0,5,4.3,40,1984,2,2,0,Fully Furnished,Northside,9,3,578900.0,277.2509578544061,1.1627906976744187,Old
2337,2050.0,3,2.7,0,2024,5,2,1,Semi-Furnished,Southside,0,4,744200.0,363.0243902439024,1.111111111111111,New
2338,3494.118050508867,4,2.9,55,1969,1,1,2,Unfurnished,Northside,0,3,305300.0,167.2876712328767,1.3793103448275863,Very Old
2339,1804.0,3,2.2,15,2009,3,1,0,Unfurnished,Greenfield,3,3,401400.0,222.50554323725055,1.3636363636363635,Recent
2340,1470.0,3,2.7,18,2006,3,0,3,Unfurnished,Greenfield,1,1,356600.0,242.58503401360545,1.111111111111111,Moderate
2341,2149.0,2,1.4,31,1993,2,2,0,Fully Furnished,Downtown,0,2,604700.0,281.38669148441136,1.4285714285714286,Old
2342,2010.0,4,3.1,12,2012,4,1,2,Fully Furnished,Southside,5,3,910800.0,453.13432835820896,1.2903225806451613,Recent
2343,2046.0,4,3.7,78,1946,1,1,0,Semi-Furnished,OldTown,1,1,265800.0,129.91202346041055,1.081081081081081,Very Old
2344,1537.0,2,1.6,4,2020,5,1,2,Fully Furnished,Suburb_A,2,3,551400.0,358.750813272609,1.25,New
2345,723.0,3,2.2,26,1998,4,1,0,Semi-Furnished,OldTown,0,3,181800.0,251.45228215767634,1.3636363636363635,Moderate
2346,2349.0,3,2.1,72,1952,1,2,2,Semi-Furnished,Suburb_A,4,2,389700.0,165.90038314176246,1.4285714285714286,Very Old
2347,1561.0,3,2.5,37,1987,2,1,0,Semi-Furnished,Downtown,0,1,465700.0,298.334401024984,1.2,Old
2348,1369.0,5,3.6,17,2007,3,2,0,Fully Furnished,OldTown,0,4,290400.0,212.12563915266617,1.3888888888888888,Moderate
2349,2147.0,3,2.3,25,1999,3,1,1,Semi-Furnished,Riverside,6,1,907800.0,422.8225430833721,1.3043478260869565,Moderate
2350,1604.0,3,2.5,46,1978,2,0,1,Semi-Furnished,Southside,0,2,253300.0,157.91770573566086,1.2,Old
2351,2330.0,2,2.0,95,1929,1,2,1,Fully Furnished,Hillview,0,3,473000.0,203.00429184549355,1.0,Very Old
2352,2109.0,2,1.8,80,1944,1,1,2,Semi-Furnished,Southside,4,4,352200.0,166.9985775248933,1.1111111111111112,Very Old
2353,2142.0,2,1.4,20,2004,3,1,1,Semi-Furnished,Southside,0,4,428200.0,199.906629318394,1.4285714285714286,Moderate
2354,1117.0,1,1.2,99,1925,1,2,1,Unfurnished,Downtown,0,2,197600.0,176.90241718889882,0.8333333333333334,Very Old
2355,2406.0,4,3.1,0,2024,5,0,2,Unfurnished,Northside,4,2,1195900.0,497.04904405652536,1.2903225806451613,New
2356,1931.0,4,2.8,1,2023,5,1,1,Unfurnished,Greenfield,6,4,789100.0,408.64836872087,1.4285714285714286,New
2357,1615.0,2,1.5,67,1957,1,1,1,Semi-Furnished,Lakeside,6,2,340400.0,210.77399380804954,1.3333333333333333,Very Old
2358,1872.0,4,3.6,11,2013,4,1,2,Fully Furnished,Hillview,3,2,861900.0,460.4166666666667,1.1111111111111112,Recent
2359,912.0,2,1.6,3,2021,5,2,0,Fully Furnished,Suburb_B,2,2,329700.0,361.5131578947368,1.25,New
2360,2004.0,3,2.4,14,2010,4,2,1,Unfurnished,Northside,7,2,941100.0,469.61077844311376,1.25,Recent
2361,1285.0,2,2.1,25,1999,3,1,0,Fully Furnished,Suburb_A,0,2,229100.0,178.28793774319067,0.9523809523809523,Moderate
2362,1124.0,3,2.0,50,1974,1,2,0,Semi-Furnished,Southside,0,2,276355.38984541234,131.58362989323842,1.5,Old
2363,1039.0,2,1.2,37,1987,2,2,0,Fully Furnished,Downtown,5,2,1016318.4142235412,410.9720885466795,1.6666666666666667,Old
2364,3735.9337675664856,3,1.9,14,2010,4,1,0,Fully Furnished,Downtown,2,5,916700.0,389.09168081494056,1.5789473684210527,Recent
2365,1485.0,3,2.5,30,1994,2,1,0,Unfurnished,Southside,6,2,354300.0,238.58585858585857,1.2,Moderate
2366,2567.0,5,4.0,86,1938,1,1,0,Fully Furnished,Suburb_A,0,1,350600.0,136.57966497857421,1.25,Very Old
2367,1532.0,2,2.1,66,1958,2,2,2,Semi-Furnished,Hillview,1,2,364400.0,237.8590078328982,0.9523809523809523,Very Old
2368,946.0,2,1.7,19,2005,3,2,0,Fully Furnished,Hillview,8,2,476600.0,503.80549682875267,1.1764705882352942,Moderate
2369,1242.0,2,1.5,96,1928,1,1,2,Semi-Furnished,Northside,2,5,243500.0,196.0547504025765,1.3333333333333333,Very Old
2370,2418.0,3,2.4,46,1978,2,2,0,Unfurnished,Southside,4,3,438200.0,181.22415219189412,1.25,Old
2371,1722.0,2,1.6,3,2021,5,1,0,Semi-Furnished,Riverside,0,4,949400.0,551.335656213705,1.25,New
2372,1526.0,4,2.7,1,2023,5,1,1,Unfurnished,OldTown,0,4,484900.0,317.7588466579292,1.4814814814814814,New
2373,1880.0,3,3.2,9,2015,4,2,1,Fully Furnished,Riverside,0,5,1082900.0,576.0106382978723,0.9375,Recent
2374,2051.0,3,2.6,50,1974,1,0,3,Semi-Furnished,Suburb_B,2,1,306000.0,149.1955143832277,1.1538461538461537,Old
2375,2359.0,3,2.5,10,2014,4,0,2,Unfurnished,Riverside,9,2,1192500.0,505.51080966511233,1.2,Recent
2376,2524.0,2,1.8,30,1994,2,3,0,Unfurnished,Downtown,8,2,919300.0,364.2234548335975,1.1111111111111112,Moderate
2377,1620.0,2,1.8,5,2019,4,1,1,Fully Furnished,Northside,5,2,746200.0,460.61728395061726,1.1111111111111112,New
2378,1137.0,3,2.4,85,1939,1,1,1,Fully Furnished,Lakeside,8,3,317100.0,278.8918205804749,1.25,Very Old
2379,1593.0,3,2.2,20,2004,3,1,0,Fully Furnished,Greenfield,4,2,382700.0,240.23854362837415,1.3636363636363635,Moderate
2380,1930.0,2,1.8,83,1941,1,2,2,Fully Furnished,Suburb_B,1,3,223200.0,115.64766839378238,1.1111111111111112,Very Old
2381,1318.0,2,1.7,89,1935,2,2,1,Fully Furnished,Lakeside,0,2,404200.0,306.67678300455236,1.1764705882352942,Very Old
2382,1321.0,5,3.8,0,2024,5,1,0,Semi-Furnished,Southside,5,2,693900.0,525.2838758516275,1.3157894736842106,New
2383,1972.0,1,1.2,27,1997,3,1,2,Semi-Furnished,Riverside,0,2,499800.0,253.44827586206895,0.8333333333333334,Moderate
2384,1776.0,4,3.3,1,2023,5,2,2,Unfurnished,Greenfield,2,4,686600.0,386.5990990990991,1.2121212121212122,New
2385,1816.0,4,3.4,83,1941,1,1,1,Fully Furnished,Lakeside,7,3,480600.0,264.647577092511,1.1764705882352942,Very Old
2386,1421.0,2,2.0,31,1993,2,1,0,Unfurnished,Suburb_A,0,5,231000.0,162.5615763546798,1.0,Old
2387,1685.0,2,1.6,4,2020,5,1,2,Unfurnished,Suburb_B,0,4,472200.0,280.2373887240356,1.25,New
2388,1338.0,2,1.7,6,2018,4,1,0,Unfurnished,OldTown,0,2,319700.0,238.93871449925263,1.1764705882352942,Recent
2389,2245.0,3,2.6,23,2001,4,1,0,Unfurnished,Suburb_B,4,1,682000.0,303.78619153674833,1.1538461538461537,Moderate
2390,2318.0,3,2.2,89,1935,1,1,0,Unfurnished,Greenfield,0,3,305800.0,131.92407247627264,1.3636363636363635,Very Old
2391,877.0,4,3.2,43,1981,2,1,1,Unfurnished,Lakeside,3,3,263500.0,300.4561003420753,1.25,Old
2392,1335.0,5,4.0,75,1949,1,2,2,Semi-Furnished,Greenfield,0,2,226900.0,169.9625468164794,1.25,Very Old
2393,1052.0,3,2.1,22,2002,3,2,1,Semi-Furnished,Southside,3,1,321200.0,305.3231939163498,1.4285714285714286,Moderate
2394,1475.0,2,2.3,2,2022,5,1,2,Unfurnished,Northside,0,2,1025196.6530637346,390.77966101694915,0.8695652173913044,New
2395,1758.0,2,1.2,95,1929,1,2,0,Semi-Furnished,Greenfield,9,1,363600.0,206.8259385665529,1.6666666666666667,Very Old
2396,1075.0,4,2.8,0,2024,4,0,1,Fully Furnished,Hillview,3,5,615000.0,572.0930232558139,1.4285714285714286,New
2397,1339.0,2,2.0,90,1934,1,1,1,Unfurnished,Downtown,6,3,282800.0,211.20238984316654,1.0,Very Old
2398,1298.0,2,1.8,22,2002,2,2,2,Semi-Furnished,Riverside,6,1,466900.0,359.70724191063175,1.1111111111111112,Moderate
2399,1904.0,4,2.9,0,2024,5,1,1,Unfurnished,OldTown,3,1,703000.0,369.2226890756302,1.3793103448275863,New
2400,1835.0,3,2.6,43,1981,2,1,0,Fully Furnished,Downtown,0,3,403800.0,220.05449591280654,1.1538461538461537,Old
2401,1439.0,5,4.4,96,1928,1,1,0,Semi-Furnished,Hillview,3,3,364700.0,253.43988881167476,1.1363636363636362,Very Old
2402,1888.0,3,2.4,93,1931,1,2,0,Fully Furnished,Suburb_A,5,2,298900.0,158.3156779661017,1.25,Very Old
2403,1527.0,2,2.4,9,2015,4,1,0,Unfurnished,Northside,2,3,598900.0,392.2069417157826,0.8333333333333334,Recent
2404,1664.0,5,3.5,10,2014,4,2,0,Fully Furnished,OldTown,0,3,432700.0,260.0360576923077,1.4285714285714286,Recent
2405,2637.0,2,1.8,34,1990,1,2,2,Unfurnished,Northside,0,2,364500.0,138.22525597269623,1.1111111111111112,Old
2406,2470.0,3,2.7,38,1986,2,2,1,Fully Furnished,Northside,1,5,645400.0,261.2955465587045,1.111111111111111,Old
2407,1150.0,3,2.7,52,1972,1,1,1,Fully Furnished,Suburb_A,0,2,172900.0,150.34782608695653,1.111111111111111,Very Old
2408,2215.0,2,1.5,10,2014,5,0,3,Fully Furnished,Suburb_A,8,1,1351200.0,610.0225733634312,1.3333333333333333,Recent
2409,2206.0,3,2.3,92,1932,1,1,0,Semi-Furnished,Northside,0,2,318900.0,144.56029011786038,1.3043478260869565,Very Old
2410,1226.0,2,1.7,38,1986,2,1,1,Semi-Furnished,Suburb_A,1,1,217600.0,177.48776508972267,1.1764705882352942,Old
2411,2209.0,3,2.6,72,1952,2,2,2,Fully Furnished,Riverside,6,2,777900.0,352.15029425079223,1.1538461538461537,Very Old
2412,2569.0,3,2.6,32,1992,2,1,1,Semi-Furnished,Suburb_A,7,3,552500.0,215.0642273258077,1.1538461538461537,Old
2413,1239.0,4,3.5,24,2000,4,2,2,Fully Furnished,Downtown,3,1,802300.0,647.5383373688459,1.1428571428571428,Moderate
2414,1341.0,4,2.9,95,1929,2,1,2,Unfurnished,Southside,0,4,336600.0,251.00671140939596,1.3793103448275863,Very Old
2415,2309.0,2,1.5,35,1989,2,2,0,Fully Furnished,Greenfield,0,3,402300.0,174.23126894759636,1.3333333333333333,Old
2416,1936.0,3,2.1,75,1949,1,1,0,Semi-Furnished,Lakeside,2,1,369300.0,190.75413223140495,1.4285714285714286,Very Old
2417,2076.0,3,2.3,91,1933,1,1,1,Semi-Furnished,Suburb_B,1,2,219600.0,105.78034682080924,1.3043478260869565,Very Old
2418,1970.0,2,1.9,40,1984,2,2,1,Unfurnished,OldTown,1,2,240600.0,122.13197969543147,1.0526315789473684,Old
2419,1995.0,4,3.2,33,1991,2,1,0,Unfurnished,Lakeside,0,1,571700.0,286.56641604010025,1.25,Old
2420,1137.0,4,4.0,0,2024,5,0,3,Unfurnished,Downtown,8,1,1297600.0,1141.2489006156552,1.0,New
2421,2324.0,2,1.7,2,2022,5,1,1,Fully Furnished,Northside,0,1,1193100.0,513.3820998278829,1.1764705882352942,New
2422,2385.0,3,2.4,11,2013,4,1,2,Unfurnished,Lakeside,2,2,960900.0,402.8930817610063,1.25,Recent
2423,1685.0,2,1.6,11,2013,4,2,0,Unfurnished,Suburb_B,9,1,773100.0,458.81305637982194,1.25,Recent
2424,1778.0,3,2.2,15,2009,3,2,0,Unfurnished,Hillview,5,1,820100.0,461.2485939257593,1.3636363636363635,Recent
2425,1034.0,2,1.6,18,2006,3,0,3,Semi-Furnished,OldTown,1,4,219400.0,212.18568665377177,1.25,Moderate
2426,2057.0,5,4.3,21,2003,3,1,1,Unfurnished,Suburb_A,0,1,444500.0,216.09139523578025,1.1627906976744187,Moderate
2427,2086.0,4,3.2,25,1999,3,1,1,Semi-Furnished,Suburb_B,9,2,537900.0,257.8619367209971,1.25,Moderate
2428,1769.0,3,2.2,5,2019,4,2,2,Semi-Furnished,Greenfield,0,1,499900.0,282.5890333521764,1.3636363636363635,New
2429,2362.0,3,2.1,2,2022,5,2,1,Semi-Furnished,Suburb_A,5,1,1204900.0,510.1185436071126,1.4285714285714286,New
2430,1633.0,5,3.9,40,1984,2,2,1,Semi-Furnished,Lakeside,8,3,645200.0,395.10104102878137,1.2820512820512822,Old
2431,2082.0,3,2.4,32,1992,2,1,0,Semi-Furnished,Northside,0,1,368800.0,177.1373679154659,1.25,Old
2432,1290.0,2,2.0,26,1998,3,0,2,Semi-Furnished,Greenfield,6,1,340600.0,264.031007751938,1.0,Moderate
2433,1788.0,3,2.0,38,1986,2,1,1,Unfurnished,Suburb_B,9,2,374700.0,209.56375838926175,1.5,Old
2434,1713.0,4,3.1,68,1956,1,1,2,Semi-Furnished,Suburb_A,5,1,370100.0,216.05370694687682,1.2903225806451613,Very Old
2435,1913.0,3,2.4,25,1999,3,2,2,Semi-Furnished,Southside,2,2,494800.0,258.65133298484056,1.25,Moderate
2436,1615.0,3,1.8,38,1986,2,1,1,Fully Furnished,Northside,8,1,610700.0,378.14241486068113,1.6666666666666665,Old
2437,1734.0,4,2.9,91,1933,1,2,1,Unfurnished,Northside,4,2,338900.0,195.44405997693195,1.3793103448275863,Very Old
2438,2213.0,4,3.0,70,1954,1,1,0,Semi-Furnished,Northside,6,1,462500.0,208.99231812019883,1.3333333333333333,Very Old
2439,1582.0,5,3.8,25,1999,3,2,0,Fully Furnished,Southside,4,5,529100.0,334.45006321112515,1.3157894736842106,Moderate
2440,997.0,2,1.7,38,1986,2,0,1,Unfurnished,Suburb_B,0,2,147900.0,148.34503510531596,1.1764705882352942,Old
2441,2675.0,3,2.4,10,2014,5,1,0,Fully Furnished,Downtown,0,2,2406643.6949471305,474.8785046728972,1.25,Recent
2442,2491.0,4,3.0,33,1991,2,0,1,Fully Furnished,Northside,0,3,596500.0,239.46206342834202,1.3333333333333333,Old
2443,1154.0,4,3.3,96,1928,1,2,0,Semi-Furnished,Greenfield,0,3,183500.0,159.01213171577123,1.2121212121212122,Very Old
2444,2145.0,3,2.9,31,1993,2,0,2,Semi-Furnished,Suburb_A,0,3,328700.0,153.24009324009324,1.0344827586206897,Old
2445,1549.0,2,2.1,86,1938,1,2,1,Fully Furnished,Hillview,2,3,345300.0,222.91801162040025,0.9523809523809523,Very Old
2446,1932.0,4,2.6,24,2000,3,1,1,Semi-Furnished,Northside,0,2,542500.0,280.7971014492754,1.5384615384615383,Moderate
2447,1947.0,4,3.4,99,1925,1,1,1,Unfurnished,OldTown,8,2,239100.0,122.80431432973806,1.1764705882352942,Very Old
2448,1683.0,2,1.5,34,1990,2,2,0,Fully Furnished,Hillview,6,4,471500.0,280.154486036839,1.3333333333333333,Old
2449,1408.0,3,2.4,2,2022,5,1,2,Fully Furnished,Hillview,4,4,770200.0,547.0170454545455,1.25,New
2450,1455.0,2,1.5,35,1989,2,1,0,Unfurnished,OldTown,3,1,224000.0,153.95189003436425,1.3333333333333333,Old
2451,1342.0,3,2.4,16,2008,3,1,2,Semi-Furnished,Northside,0,2,427600.0,318.628912071535,1.25,Moderate
2452,1384.0,1,1.0,1,2023,5,2,0,Semi-Furnished,OldTown,3,3,411500.0,297.3265895953757,1.0,New
2453,1766.0,3,2.2,67,1957,1,1,1,Fully Furnished,Downtown,5,1,574900.0,325.53793884484713,1.3636363636363635,Very Old
2454,1442.0,3,2.1,16,2008,2,1,0,Semi-Furnished,Suburb_A,7,5,292400.0,202.7739251040222,1.4285714285714286,Moderate
2455,2141.0,3,2.3,62,1962,1,1,0,Semi-Furnished,Hillview,0,2,368900.0,172.302662307333,1.3043478260869565,Very Old
2456,2544.0,3,2.5,17,2007,3,3,1,Unfurnished,OldTown,6,3,582100.0,228.81289308176102,1.2,Moderate
2457,1510.0,4,3.4,11,2013,4,1,1,Semi-Furnished,Riverside,6,1,1244100.0,823.9072847682119,1.1764705882352942,Recent
2458,1920.0,2,1.9,95,1929,1,1,0,Semi-Furnished,Riverside,4,1,463300.0,241.30208333333334,1.0526315789473684,Very Old
2459,2050.0,2,1.5,21,2003,2,2,1,Unfurnished,Suburb_A,0,1,263600.0,128.58536585365854,1.3333333333333333,Moderate
2460,2036.0,4,3.3,36,1988,2,1,0,Unfurnished,Southside,3,1,479900.0,235.7072691552063,1.2121212121212122,Old
2461,1838.0,2,1.9,36,1988,1,2,0,Fully Furnished,Downtown,3,2,547300.0,297.76931447225246,1.0526315789473684,Old
2462,2171.0,5,4.3,33,1991,2,2,2,Unfurnished,Southside,3,4,435800.0,200.73698756333488,1.1627906976744187,Old
2463,2041.0,4,3.2,84,1940,1,2,2,Semi-Furnished,Northside,2,2,316500.0,155.07104360607545,1.25,Very Old
2464,1181.0,3,2.3,40,1984,1,0,2,Semi-Furnished,Greenfield,0,1,151800.0,128.5351397121084,1.3043478260869565,Old
2465,2235.0,5,4.1,24,2000,3,1,0,Semi-Furnished,Northside,0,1,561800.0,251.36465324384787,1.2195121951219514,Moderate
2466,2244.0,2,1.3,74,1950,1,2,0,Semi-Furnished,Suburb_A,0,3,226300.0,100.84670231729055,1.5384615384615383,Very Old
2467,1418.0,3,2.3,10,2014,5,0,3,Fully Furnished,Southside,0,2,550900.0,388.5049365303244,1.3043478260869565,Recent
2468,1819.0,3,2.6,32,1992,2,0,2,Semi-Furnished,Lakeside,0,5,456700.0,251.07201759208357,1.1538461538461537,Old
2469,2142.0,3,2.6,90,1934,1,2,2,Semi-Furnished,Suburb_A,0,3,281100.0,131.23249299719888,1.1538461538461537,Very Old
2470,1695.0,5,3.9,37,1987,2,1,0,Fully Furnished,Southside,0,4,387500.0,228.61356932153393,1.2820512820512822,Old
2471,2336.0,2,1.7,66,1958,1,1,2,Semi-Furnished,Greenfield,6,1,472300.0,202.1832191780822,1.1764705882352942,Very Old
2472,2982.0,3,2.2,39,1985,1,1,0,Unfurnished,Northside,7,3,545600.0,182.9644533869886,1.3636363636363635,Old
2473,1407.0,3,2.6,70,1954,1,2,0,Unfurnished,Suburb_B,1,1,161000.0,114.42786069651741,1.1538461538461537,Very Old
2474,1109.0,3,2.4,89,1935,1,1,1,Semi-Furnished,Downtown,0,2,235000.0,211.90261496844005,1.25,Very Old
2475,1952.0,2,1.5,16,2008,3,2,2,Unfurnished,Riverside,7,2,672800.0,344.672131147541,1.3333333333333333,Moderate
2476,2161.0,3,2.3,10,2014,4,1,2,Semi-Furnished,Riverside,5,2,1189300.0,550.3470615455808,1.3043478260869565,Recent
2477,1685.0,4,3.2,29,1995,3,1,1,Fully Furnished,Hillview,0,1,554200.0,328.90207715133533,1.25,Moderate
2478,2527.0,2,1.5,45,1979,3,3,1,Semi-Furnished,Lakeside,6,2,754400.0,298.53581321725363,1.3333333333333333,Old
2479,1131.0,4,3.4,13,2011,4,1,1,Fully Furnished,Lakeside,1,1,602600.0,532.8028293545535,1.1764705882352942,Recent
2480,2146.0,3,2.3,0,2024,5,1,1,Unfurnished,Northside,4,1,921900.0,429.58993476234855,1.3043478260869565,New
2481,1497.0,4,3.7,20,2004,3,1,2,Unfurnished,Downtown,9,3,768700.0,513.4936539746159,1.081081081081081,Moderate
2482,2660.0,4,3.6,94,1930,1,3,1,Semi-Furnished,OldTown,0,5,327400.0,123.0827067669173,1.1111111111111112,Very Old
2483,2796.0,2,1.3,44,1980,2,2,1,Semi-Furnished,OldTown,9,3,437100.0,156.3304721030043,1.5384615384615383,Old
2484,1417.0,3,2.4,24,2000,4,1,1,Semi-Furnished,OldTown,0,2,305600.0,215.666901905434,1.25,Moderate
2485,1525.0,4,3.0,11,2013,4,1,1,Fully Furnished,Suburb_B,3,1,487700.0,319.8032786885246,1.3333333333333333,Recent
2486,2230.0,3,2.3,21,2003,3,2,2,Unfurnished,Southside,2,1,509700.0,228.56502242152467,1.3043478260869565,Moderate
2487,1606.0,5,4.6,10,2014,4,1,0,Semi-Furnished,OldTown,7,1,575600.0,358.40597758405977,1.0869565217391306,Recent
2488,1777.0,3,2.3,6,2018,4,1,0,Fully Furnished,Suburb_A,0,5,975368.772453954,295.38548114800227,1.3043478260869565,Recent
2489,1813.0,2,1.7,82,1942,1,2,1,Unfurnished,OldTown,5,2,248900.0,137.28626585769442,1.1764705882352942,Very Old
2490,840.0,3,2.6,99,1925,2,1,0,Fully Furnished,OldTown,6,4,160200.0,190.71428571428572,1.1538461538461537,Very Old
2491,1793.0,5,3.7,9,2015,4,1,1,Unfurnished,Suburb_B,2,3,538000.0,300.0557724484105,1.3513513513513513,Recent
2492,1455.0,3,2.1,2,2022,5,1,2,Semi-Furnished,Riverside,0,3,867400.0,596.1512027491409,1.4285714285714286,New
2493,1553.0,4,2.8,19,2005,3,2,1,Semi-Furnished,Northside,0,5,404100.0,260.20605280103024,1.4285714285714286,Moderate
2494,2522.0,4,2.9,27,1997,3,2,2,Fully Furnished,Northside,5,1,3052628.3597439947,493.5765265662173,1.3793103448275863,Moderate
2495,1172.0,3,1.5,12,2012,4,0,1,Semi-Furnished,Southside,8,2,560800.0,478.49829351535834,2.0,Recent
2496,2207.0,2,1.8,18,2006,2,2,2,Unfurnished,Northside,2,4,527800.0,239.1481649297689,1.1111111111111112,Moderate
2497,1661.0,4,3.8,11,2013,4,0,2,Semi-Furnished,Southside,4,2,690300.0,415.5930162552679,1.0526315789473684,Recent
2498,1660.0,3,2.4,58,1966,1,2,0,Unfurnished,Hillview,0,1,307500.0,185.24096385542168,1.25,Very Old
2499,2195.0,4,2.8,47,1977,2,0,1,Semi-Furnished,Downtown,2,1,654400.0,298.13211845102506,1.4285714285714286,Old
2500,1970.0,3,2.2,38,1986,2,1,2,Unfurnished,OldTown,1,3,321800.0,163.3502538071066,1.3636363636363635,Old
2501,2085.0,3,2.3,23,2001,3,0,2,Unfurnished,Northside,5,1,696200.0,333.90887290167865,1.3043478260869565,Moderate
2502,2284.0,4,2.9,83,1941,1,1,1,Semi-Furnished,OldTown,9,5,303100.0,132.70577933450087,1.3793103448275863,Very Old
2503,1634.0,3,2.7,94,1930,1,1,2,Semi-Furnished,Downtown,7,1,654100.0,400.30599755201956,1.111111111111111,Very Old
2504,1494.0,3,2.6,10,2014,4,0,1,Unfurnished,Hillview,0,3,376000.0,251.67336010709505,1.1538461538461537,Recent
2505,1257.0,3,2.1,13,2011,4,1,1,Fully Furnished,Northside,4,3,565300.0,449.72155926809864,1.4285714285714286,Recent
2506,1387.0,3,2.6,31,1993,2,2,1,Unfurnished,Northside,0,2,331600.0,239.07714491708722,1.1538461538461537,Old
2507,3275.0,4,3.7,5,2019,4,2,0,Semi-Furnished,Greenfield,0,2,761100.0,232.3969465648855,1.081081081081081,New
2508,2422.0,4,3.8,26,1998,4,2,1,Unfurnished,Greenfield,0,4,576100.0,237.8612716763006,1.0526315789473684,Moderate
2509,1124.0,3,3.3,35,1989,2,2,0,Fully Furnished,Riverside,1,3,347000.0,308.7188612099644,0.9090909090909092,Old
2510,1139.0,3,2.1,31,1993,2,2,1,Unfurnished,Greenfield,5,3,261200.0,229.32396839332748,1.4285714285714286,Old
2511,2041.0,3,3.2,19,2005,4,2,0,Semi-Furnished,Southside,3,1,779300.0,381.82263596276334,0.9375,Moderate
2512,2074.0,2,1.5,32,1992,2,1,0,Unfurnished,Lakeside,9,1,800200.0,385.824493731919,1.3333333333333333,Old
2513,2074.0,2,1.4,92,1932,1,2,1,Semi-Furnished,Southside,0,1,312200.0,150.53037608486017,1.4285714285714286,Very Old
2514,1673.0,5,4.1,12,2012,4,2,0,Fully Furnished,Lakeside,1,1,845300.0,505.26001195457263,1.2195121951219514,Recent
2515,1737.0,4,3.0,39,1985,2,2,0,Unfurnished,Downtown,1,3,515400.0,296.71848013816924,1.3333333333333333,Old
2516,1964.0,3,2.5,2,2022,5,0,3,Unfurnished,Suburb_A,0,2,707800.0,360.3869653767821,1.2,New
2517,1843.0,3,2.0,3,2021,5,2,2,Unfurnished,Northside,9,3,923200.0,500.92240911557246,1.5,New
2518,690.0,1,1.0,33,1991,2,2,2,Semi-Furnished,Suburb_A,1,1,139100.0,201.59420289855072,1.0,Old
2519,1685.0,3,2.8,6,2018,4,2,1,Semi-Furnished,Southside,9,2,785300.0,466.053412462908,1.0714285714285714,Recent
2520,1374.0,3,2.4,1,2023,5,0,2,Semi-Furnished,Suburb_A,1,4,485700.0,353.49344978165936,1.25,New
2521,1888.0,3,2.4,10,2014,4,1,2,Semi-Furnished,Northside,0,5,743600.0,393.85593220338984,1.25,Recent
2522,3293.0,4,3.3,34,1990,2,2,1,Fully Furnished,Suburb_B,0,5,567100.0,172.21378682052838,1.2121212121212122,Old
2523,1984.0,2,2.0,45,1979,3,1,0,Fully Furnished,Suburb_A,8,4,440100.0,221.82459677419354,1.0,Old
2524,1643.0,2,1.1,12,2012,4,1,0,Unfurnished,Greenfield,0,3,411300.0,250.33475349969567,1.8181818181818181,Recent
2525,2261.0,5,4.2,40,1984,2,2,1,Semi-Furnished,Northside,9,5,568600.0,251.48164528969482,1.1904761904761905,Old
2526,2041.0,3,2.3,10,2014,5,0,2,Unfurnished,Hillview,2,3,656000.0,321.4110730034297,1.3043478260869565,Recent
2527,2010.0,3,2.4,37,1987,3,1,1,Fully Furnished,Greenfield,0,5,552100.0,274.67661691542287,1.25,Old
2528,2103.0,2,1.9,24,2000,2,1,1,Unfurnished,Suburb_B,4,1,351500.0,167.14217784117926,1.0526315789473684,Moderate
2529,2828.0,1,1.0,39,1985,2,1,0,Semi-Furnished,Suburb_B,0,5,451300.0,159.58274398868457,1.0,Old
2530,1235.0,4,2.9,99,1925,1,1,0,Unfurnished,OldTown,0,2,153400.0,124.21052631578948,1.3793103448275863,Very Old
2531,2037.0,3,1.8,88,1936,1,1,1,Semi-Furnished,Greenfield,7,1,440900.0,216.44575355915563,1.6666666666666665,Very Old
2532,1337.0,3,2.2,0,2024,5,0,1,Unfurnished,Lakeside,2,1,795900.0,595.2879581151833,1.3636363636363635,New
2533,3458.987852374016,2,2.0,79,1945,2,1,0,Semi-Furnished,Hillview,3,4,549800.0,264.5813282001925,1.0,Very Old
2534,1341.0,4,3.2,3,2021,5,2,2,Semi-Furnished,Northside,0,2,730100.0,544.4444444444445,1.25,New
2535,1591.0,2,1.2,91,1933,1,1,0,Fully Furnished,Suburb_B,0,5,190100.0,119.48460087994972,1.6666666666666667,Very Old
2536,1652.0,2,1.5,16,2008,3,1,1,Semi-Furnished,Suburb_B,1,1,338000.0,204.6004842615012,1.3333333333333333,Moderate
2537,2288.0,3,2.0,22,2002,3,0,2,Unfurnished,Hillview,3,2,613500.0,268.1381118881119,1.5,Moderate
2538,2259.0,2,1.3,5,2019,5,2,2,Fully Furnished,OldTown,6,2,832900.0,368.7029659141213,1.5384615384615383,New
2539,1177.0,2,1.7,6,2018,4,2,0,Unfurnished,Lakeside,3,2,511900.0,434.9192863211555,1.1764705882352942,Recent
2540,1827.0,3,2.0,49,1975,2,1,0,Fully Furnished,Downtown,7,3,632300.0,346.0864805692392,1.5,Old
2541,1445.0,3,2.7,89,1935,1,1,0,Unfurnished,Suburb_B,0,3,154700.0,107.05882352941177,1.111111111111111,Very Old
2542,1171.0,4,3.2,36,1988,2,1,2,Unfurnished,OldTown,0,1,214800.0,183.4329632792485,1.25,Old
2543,1691.0,3,2.4,48,1976,2,2,0,Semi-Furnished,Riverside,0,1,431500.0,255.1744529863986,1.25,Old
2544,1646.0,2,1.5,56,1968,1,1,0,Fully Furnished,Northside,6,1,430700.0,261.6646415552855,1.3333333333333333,Very Old
2545,3013.0,3,2.6,15,2009,4,2,1,Semi-Furnished,Hillview,6,4,1221200.0,405.3103219382675,1.1538461538461537,Recent
2546,2016.0,5,4.2,2,2022,5,2,1,Fully Furnished,Southside,0,2,1028500.0,510.1686507936508,1.1904761904761905,New
2547,1111.0,3,2.5,0,2024,5,2,2,Semi-Furnished,Riverside,0,2,571300.0,514.2214221422142,1.2,New
2548,1518.0,4,3.4,21,2003,3,0,2,Fully Furnished,Riverside,5,2,796200.0,524.505928853755,1.1764705882352942,Moderate
2549,3858.181935210129,1,1.0,14,2010,4,2,1,Semi-Furnished,Southside,8,4,714600.0,309.2167892687148,1.0,Recent
2550,2844.0,3,2.6,3,2021,5,1,2,Fully Furnished,Lakeside,6,1,6038737.576282504,917.5457102672293,1.1538461538461537,New
2551,1007.0,1,1.0,10,2014,4,2,1,Fully Furnished,Greenfield,0,1,313200.0,311.02284011916583,1.0,Recent
2552,860.0,3,2.4,7,2017,3,1,0,Fully Furnished,Greenfield,4,3,241300.0,280.5813953488372,1.25,Recent
2553,2735.0,5,3.9,84,1940,1,1,2,Semi-Furnished,Southside,6,5,415400.0,151.88299817184642,1.2820512820512822,Very Old
2554,1995.0,5,3.9,8,2016,4,1,1,Semi-Furnished,Greenfield,0,3,679000.0,340.35087719298247,1.2820512820512822,Recent
2555,1366.0,3,2.2,32,1992,2,1,1,Fully Furnished,Lakeside,3,1,525400.0,384.6266471449488,1.3636363636363635,Old
2556,2067.0,3,2.5,35,1989,2,0,3,Semi-Furnished,Northside,0,2,465100.0,225.01209482341557,1.2,Old
2557,600.0,5,4.4,32,1992,2,1,1,Unfurnished,Suburb_A,0,5,164100.0,273.5,1.1363636363636362,Old
2558,1802.0,3,2.8,5,2019,4,1,0,Fully Furnished,OldTown,9,2,784100.0,435.1276359600444,1.0714285714285714,New
2559,1964.0,2,1.2,19,2005,3,1,1,Unfurnished,Southside,8,2,631200.0,321.38492871690426,1.6666666666666667,Moderate
2560,2262.0,3,2.8,2,2022,5,2,2,Semi-Furnished,OldTown,2,2,845100.0,373.60742705570294,1.0714285714285714,New
2561,1293.0,2,1.5,23,2001,3,1,1,Fully Furnished,Suburb_B,0,5,235000.0,181.7478731631864,1.3333333333333333,Moderate
2562,1843.0,3,2.6,11,2013,5,1,0,Semi-Furnished,Lakeside,6,3,940900.0,510.5263157894737,1.1538461538461537,Recent
2563,1337.0,3,2.1,33,1991,2,0,3,Semi-Furnished,OldTown,0,3,194100.0,145.17576664173524,1.4285714285714286,Old
2564,1928.0,3,2.4,43,1981,2,1,0,Unfurnished,Southside,0,1,326700.0,169.45020746887965,1.25,Old
2565,1352.0,3,2.5,32,1992,1,1,0,Fully Furnished,Northside,1,2,283500.0,209.68934911242604,1.2,Old
2566,1596.0,2,1.2,26,1998,3,1,0,Unfurnished,Greenfield,3,2,336000.0,210.52631578947367,1.6666666666666667,Moderate
2567,1302.0,3,2.6,23,2001,3,1,0,Semi-Furnished,Riverside,0,1,387600.0,297.6958525345622,1.1538461538461537,Moderate
2568,2126.0,4,3.6,71,1953,2,0,3,Semi-Furnished,Riverside,4,4,516300.0,242.85042333019754,1.1111111111111112,Very Old
2569,2229.0,3,2.3,13,2011,5,2,1,Fully Furnished,Suburb_B,0,2,636600.0,285.5989232839838,1.3043478260869565,Recent
2570,1683.0,3,2.8,51,1973,1,1,2,Fully Furnished,OldTown,8,1,293800.0,174.56922162804517,1.0714285714285714,Very Old
2571,1819.0,5,3.9,55,1969,1,1,2,Semi-Furnished,Hillview,8,5,309900.0,170.3683342495877,1.2820512820512822,Very Old
2572,1076.0,5,4.3,25,1999,3,0,1,Semi-Furnished,Southside,6,1,511300.0,475.18587360594796,1.1627906976744187,Moderate
2573,1650.0,2,1.0,17,2007,3,2,1,Unfurnished,Hillview,2,3,360100.0,218.24242424242425,2.0,Moderate
2574,1775.0,1,1.5,28,1996,3,0,1,Unfurnished,Southside,0,3,342400.0,192.90140845070422,0.6666666666666666,Moderate
2575,3110.0,5,4.4,5,2019,4,3,2,Fully Furnished,Southside,6,5,1209000.0,388.7459807073955,1.1363636363636362,New
2576,1244.0,4,3.1,2,2022,5,1,1,Semi-Furnished,Northside,9,4,816300.0,656.1897106109325,1.2903225806451613,New
2577,2532.0,5,3.4,6,2018,4,3,1,Fully Furnished,Suburb_B,0,3,697400.0,275.434439178515,1.4705882352941178,Recent
2578,2298.0,4,3.3,11,2013,4,2,1,Semi-Furnished,Riverside,2,2,1142100.0,496.99738903394257,1.2121212121212122,Recent
2579,1940.0,3,2.0,30,1994,2,2,0,Unfurnished,Suburb_B,0,2,311400.0,160.51546391752578,1.5,Moderate
2580,2679.0,3,2.5,72,1952,1,2,1,Semi-Furnished,Suburb_B,1,5,254500.0,94.99813363195221,1.2,Very Old
2581,1986.0,1,1.0,14,2010,4,1,1,Unfurnished,Downtown,2,1,813200.0,409.4662638469285,1.0,Recent
2582,1995.0,2,1.3,88,1936,2,1,1,Unfurnished,Southside,9,3,461500.0,231.328320802005,1.5384615384615383,Very Old
2583,1773.0,3,2.7,91,1933,1,2,0,Semi-Furnished,Hillview,0,1,290600.0,163.90298928369995,1.111111111111111,Very Old
2584,2412.0,3,2.6,92,1932,1,1,1,Fully Furnished,Northside,3,1,517000.0,214.34494195688225,1.1538461538461537,Very Old
2585,2348.0,3,2.7,70,1954,1,1,2,Semi-Furnished,Lakeside,9,1,920300.0,391.95059625212946,1.111111111111111,Very Old
2586,1487.0,4,3.2,21,2003,2,0,2,Fully Furnished,Southside,3,1,427800.0,287.69334229993274,1.25,Moderate
2587,1140.0,2,1.2,4,2020,5,1,0,Semi-Furnished,Suburb_A,8,5,759081.5117440536,438.1578947368421,1.6666666666666667,New
2588,1699.0,3,2.7,34,1990,2,1,0,Unfurnished,Southside,0,4,291900.0,171.80694526191877,1.111111111111111,Old
2589,1400.0,2,1.5,33,1991,3,1,1,Semi-Furnished,Riverside,9,2,425700.0,304.07142857142856,1.3333333333333333,Old
2590,1768.0,3,2.0,72,1952,1,1,1,Unfurnished,Hillview,0,3,324200.0,183.3710407239819,1.5,Very Old
2591,2419.0,4,3.6,99,1925,1,0,2,Unfurnished,Greenfield,9,2,446800.0,184.7044233154196,1.1111111111111112,Very Old
2592,1571.0,3,3.0,30,1994,1,1,0,Unfurnished,Greenfield,0,4,236600.0,150.60471037555698,1.0,Moderate
2593,1779.0,5,4.0,20,2004,3,1,2,Fully Furnished,Riverside,2,4,610000.0,342.8892636312535,1.25,Moderate
2594,1829.0,2,2.2,11,2013,4,1,1,Unfurnished,Southside,0,1,443200.0,242.31820667031164,0.9090909090909091,Recent
2595,2224.0,3,2.4,0,2024,5,0,2,Semi-Furnished,Southside,2,2,1044400.0,469.6043165467626,1.25,New
2596,677.0,3,2.3,30,1994,2,0,2,Fully Furnished,Lakeside,0,3,245200.0,362.18611521418023,1.3043478260869565,Moderate
2597,1497.0,3,2.2,33,1991,2,0,1,Unfurnished,Riverside,9,5,428300.0,286.1055444221777,1.3636363636363635,Old
2598,1906.0,4,3.7,67,1957,2,2,0,Unfurnished,Southside,0,3,343400.0,180.1678908709339,1.081081081081081,Very Old
2599,2400.0,3,2.2,30,1994,3,1,1,Semi-Furnished,Hillview,5,4,819300.0,341.375,1.3636363636363635,Moderate
2600,1554.0,4,3.4,84,1940,1,0,3,Unfurnished,Greenfield,0,4,223700.0,143.95109395109395,1.1764705882352942,Very Old
2601,862.0,2,1.4,37,1987,3,1,1,Fully Furnished,Suburb_A,7,2,257200.0,298.3758700696056,1.4285714285714286,Old
2602,2110.0,4,3.1,70,1954,1,1,0,Semi-Furnished,Southside,3,4,283100.0,134.17061611374407,1.2903225806451613,Very Old
2603,1482.0,2,1.9,8,2016,4,1,1,Fully Furnished,Suburb_B,9,2,636900.0,429.7570850202429,1.0526315789473684,Recent
2604,1205.0,4,3.1,73,1951,1,1,1,Semi-Furnished,OldTown,2,2,151000.0,125.31120331950207,1.2903225806451613,Very Old
2605,1488.0,3,2.3,40,1984,3,1,0,Semi-Furnished,Greenfield,0,3,249000.0,167.33870967741936,1.3043478260869565,Old
2606,1708.0,3,2.7,10,2014,4,1,0,Fully Furnished,Downtown,1,1,971500.0,568.7939110070257,1.111111111111111,Recent
2607,1498.0,3,2.9,11,2013,4,0,1,Semi-Furnished,Riverside,6,2,835400.0,557.6769025367156,1.0344827586206897,Recent
2608,697.0,5,4.2,86,1938,1,2,1,Fully Furnished,Lakeside,5,3,279400.0,400.86083213773315,1.1904761904761905,Very Old
2609,2249.0,1,1.0,1,2023,5,2,0,Fully Furnished,Suburb_B,7,2,833000.0,370.3868385949311,1.0,New
2610,2437.0,3,2.2,27,1997,3,2,0,Semi-Furnished,Riverside,0,5,826200.0,339.02338941321295,1.3636363636363635,Moderate
2611,2126.0,4,3.2,18,2006,3,0,1,Semi-Furnished,Southside,4,5,650500.0,305.9736594543744,1.25,Moderate
2612,1231.0,3,2.5,40,1984,2,2,1,Semi-Furnished,Southside,9,2,336500.0,273.3549959382616,1.2,Old
2613,1699.0,2,1.3,70,1954,2,2,0,Fully Furnished,Southside,0,2,295800.0,174.102413184226,1.5384615384615383,Very Old
2614,1797.0,3,2.6,21,2003,3,2,1,Semi-Furnished,Greenfield,0,3,385200.0,214.35726210350583,1.1538461538461537,Moderate
2615,2099.0,3,2.4,25,1999,3,1,2,Fully Furnished,OldTown,6,2,483200.0,230.20485945688424,1.25,Moderate
2616,2134.0,5,3.5,96,1928,1,2,2,Semi-Furnished,Northside,0,1,441400.0,206.84161199625117,1.4285714285714286,Very Old
2617,1433.0,4,2.9,60,1964,1,0,2,Unfurnished,Suburb_A,5,3,203700.0,142.1493370551291,1.3793103448275863,Very Old
2618,1841.0,3,2.2,81,1943,1,1,2,Fully Furnished,Riverside,3,3,369500.0,200.70613796849537,1.3636363636363635,Very Old
2619,2029.0,5,4.0,26,1998,2,1,1,Semi-Furnished,Downtown,9,1,1316600.0,648.8910793494332,1.25,Moderate
2620,2528.0,3,3.0,13,2011,5,1,2,Fully Furnished,Suburb_B,8,4,804800.0,318.3544303797468,1.0,Recent
2621,2152.0,2,1.7,24,2000,3,2,1,Semi-Furnished,OldTown,5,3,442800.0,205.76208178438662,1.1764705882352942,Moderate
2622,2195.0,2,1.3,48,1976,3,1,1,Semi-Furnished,Greenfield,0,1,397800.0,181.23006833712984,1.5384615384615383,Old
2623,1842.0,3,2.5,6,2018,3,1,1,Unfurnished,OldTown,0,3,368600.0,200.1085776330076,1.2,Recent
2624,2505.0,2,1.5,16,2008,3,2,1,Semi-Furnished,Hillview,8,1,1156800.0,461.79640718562877,1.3333333333333333,Moderate
2625,2005.0,5,4.1,2,2022,5,1,1,Semi-Furnished,Lakeside,4,1,1566400.0,781.2468827930174,1.2195121951219514,New
2626,1369.0,4,3.4,26,1998,2,1,0,Semi-Furnished,Southside,7,4,313300.0,228.85317750182614,1.1764705882352942,Moderate
2627,2502.0,2,2.0,68,1956,1,1,0,Fully Furnished,Northside,2,5,410400.0,164.02877697841726,1.0,Very Old
2628,2149.0,3,2.4,1,2023,5,2,1,Unfurnished,Lakeside,0,1,1131200.0,526.3843648208469,1.25,New
2629,1578.0,4,3.7,40,1984,2,0,2,Semi-Furnished,Northside,1,5,393000.0,249.0494296577947,1.081081081081081,Old
2630,1560.0,5,4.3,87,1937,1,1,1,Fully Furnished,Riverside,0,1,329100.0,210.96153846153845,1.1627906976744187,Very Old
2631,1948.0,4,3.0,14,2010,4,2,1,Semi-Furnished,Lakeside,7,1,1297400.0,666.0164271047228,1.3333333333333333,Recent
2632,2032.0,3,3.1,43,1981,3,2,1,Semi-Furnished,Downtown,6,1,893800.0,439.8622047244094,0.9677419354838709,Old
2633,1899.0,4,3.3,95,1929,1,2,0,Fully Furnished,Hillview,0,1,388000.0,204.31806213796736,1.2121212121212122,Very Old
2634,1956.0,3,2.1,93,1931,1,0,2,Semi-Furnished,Suburb_B,4,2,221600.0,113.29243353783231,1.4285714285714286,Very Old
2635,2650.0,3,2.9,13,2011,4,2,1,Semi-Furnished,Southside,8,5,791600.0,298.7169811320755,1.0344827586206897,Recent
2636,2336.0,2,2.2,5,2019,4,1,2,Semi-Furnished,Suburb_A,5,1,750100.0,321.10445205479454,0.9090909090909091,New
2637,1895.0,2,1.6,8,2016,4,2,0,Fully Furnished,Hillview,3,2,758100.0,400.0527704485488,1.25,Recent
2638,2271.0,3,2.2,45,1979,2,2,1,Unfurnished,Downtown,0,3,480200.0,211.4487010127697,1.3636363636363635,Old
2639,1284.0,2,1.5,49,1975,2,2,0,Fully Furnished,Northside,8,2,446600.0,347.81931464174454,1.3333333333333333,Old
2640,1999.0,1,1.0,40,1984,2,0,3,Semi-Furnished,Lakeside,2,3,444400.0,222.3111555777889,1.0,Old
2641,2705.0,4,3.6,20,2004,3,3,0,Unfurnished,Greenfield,8,2,754400.0,278.8909426987061,1.1111111111111112,Moderate
2642,1691.0,1,1.0,10,2014,4,2,1,Fully Furnished,Southside,7,1,975000.0,576.581904198699,1.0,Recent
2643,1376.0,3,2.4,35,1989,2,2,0,Fully Furnished,Northside,7,3,446400.0,324.4186046511628,1.25,Old
2644,1474.0,3,2.8,29,1995,2,0,1,Fully Furnished,Northside,9,1,714300.0,484.5997286295794,1.0714285714285714,Moderate
2645,1255.0,5,3.9,50,1974,1,2,1,Fully Furnished,Greenfield,6,1,339300.0,270.3585657370518,1.2820512820512822,Old
2646,1408.0,3,2.7,26,1998,3,0,3,Fully Furnished,Riverside,0,2,456700.0,324.36079545454544,1.111111111111111,Moderate
2647,1615.0,2,1.5,20,2004,2,1,0,Semi-Furnished,Riverside,0,2,341100.0,211.20743034055727,1.3333333333333333,Moderate
2648,1097.0,3,2.5,17,2007,3,1,1,Semi-Furnished,Greenfield,0,3,266900.0,243.29990884229719,1.2,Moderate
2649,1808.0,4,3.2,12,2012,3,0,1,Semi-Furnished,OldTown,0,2,349500.0,193.30752212389382,1.25,Recent
2650,2251.0,5,4.0,15,2009,4,0,1,Fully Furnished,Greenfield,0,2,699600.0,310.7952021323856,1.25,Recent
2651,1346.0,3,2.3,5,2019,4,2,1,Unfurnished,Southside,3,2,516300.0,383.5809806835067,1.3043478260869565,New
2652,2560.0,3,2.8,20,2004,2,0,2,Fully Furnished,Riverside,0,2,651200.0,254.375,1.0714285714285714,Moderate
2653,2055.0,5,3.8,1,2023,4,0,2,Semi-Furnished,Riverside,2,5,943800.0,459.2700729927007,1.3157894736842106,New
2654,2315.0,2,1.4,11,2013,4,2,1,Fully Furnished,OldTown,8,5,629400.0,271.87904967602594,1.4285714285714286,Recent
2655,1471.0,3,3.0,53,1971,1,2,1,Fully Furnished,Northside,6,2,339700.0,230.93133922501698,1.0,Very Old
2656,2227.0,3,2.7,19,2005,3,1,0,Semi-Furnished,Greenfield,9,1,976800.0,438.61697350696005,1.111111111111111,Moderate
2657,1254.0,1,1.0,40,1984,3,0,3,Semi-Furnished,Suburb_B,0,2,154800.0,123.44497607655502,1.0,Old
2658,2245.0,3,2.2,48,1976,2,0,1,Semi-Furnished,Southside,3,1,498000.0,221.82628062360803,1.3636363636363635,Old
2659,1886.0,2,1.1,35,1989,2,2,1,Semi-Furnished,Downtown,0,2,528400.0,280.16967126193003,1.8181818181818181,Old
2660,2077.0,3,2.1,92,1932,1,1,0,Unfurnished,Lakeside,3,1,491800.0,236.783822821377,1.4285714285714286,Very Old
2661,1212.0,5,3.1,0,2024,5,1,1,Semi-Furnished,Hillview,4,3,785000.0,647.6897689768977,1.6129032258064515,New
2662,1352.0,2,1.6,52,1972,1,2,0,Semi-Furnished,Northside,0,1,234700.0,173.59467455621302,1.25,Very Old
2663,2099.0,4,2.9,92,1932,1,1,0,Fully Furnished,Lakeside,0,5,377500.0,179.8475464506908,1.3793103448275863,Very Old
2664,1326.0,2,1.6,74,1950,1,0,3,Fully Furnished,Downtown,6,1,457700.0,345.1734539969834,1.25,Very Old
2665,2032.0,3,1.9,9,2015,4,2,0,Semi-Furnished,Riverside,6,3,988200.0,486.31889763779526,1.5789473684210527,Recent
2666,1116.0,2,1.6,19,2005,3,1,1,Semi-Furnished,Suburb_A,4,5,298200.0,267.2043010752688,1.25,Moderate
2667,2224.0,5,3.9,10,2014,5,1,0,Semi-Furnished,Riverside,0,1,802600.0,360.88129496402877,1.2820512820512822,Recent
2668,1184.0,4,3.7,36,1988,2,2,1,Fully Furnished,Greenfield,2,5,259700.0,219.34121621621622,1.081081081081081,Old
2669,2076.0,3,2.8,47,1977,2,2,1,Unfurnished,Northside,0,2,445700.0,214.6917148362235,1.0714285714285714,Old
2670,2113.0,4,3.4,19,2005,3,1,2,Unfurnished,Suburb_B,9,5,379100.0,179.41315664931378,1.1764705882352942,Moderate
2671,1452.0,3,2.3,32,1992,2,1,0,Semi-Furnished,Suburb_B,8,5,295300.0,203.37465564738292,1.3043478260869565,Old
2672,2091.0,5,4.6,43,1981,2,2,1,Unfurnished,Riverside,0,1,458900.0,219.46437111429938,1.0869565217391306,Old
2673,1930.0,4,2.7,25,1999,3,1,0,Unfurnished,Greenfield,0,4,399600.0,207.04663212435233,1.4814814814814814,Moderate
2674,1531.0,5,3.6,73,1951,1,1,1,Unfurnished,Hillview,4,1,459700.0,300.26126714565646,1.3888888888888888,Very Old
2675,1296.0,3,2.4,58,1966,1,1,1,Semi-Furnished,Lakeside,0,1,266800.0,205.8641975308642,1.25,Very Old
2676,819.0,2,2.3,3,2021,5,1,0,Unfurnished,Riverside,9,1,990200.0,1209.035409035409,0.8695652173913044,New
2677,1975.0,3,2.3,37,1987,2,2,1,Fully Furnished,OldTown,6,1,483800.0,244.9620253164557,1.3043478260869565,Old
2678,1018.0,2,1.5,14,2010,4,1,0,Semi-Furnished,Riverside,0,3,388200.0,381.33595284872297,1.3333333333333333,Recent
2679,1848.0,3,2.0,33,1991,2,2,0,Unfurnished,Suburb_B,0,2,297400.0,160.93073593073592,1.5,Old
2680,1668.0,3,2.7,92,1932,1,2,0,Unfurnished,Greenfield,7,3,250600.0,150.2398081534772,1.111111111111111,Very Old
2681,2140.0,3,2.7,77,1947,2,2,1,Fully Furnished,Suburb_A,2,2,402100.0,187.89719626168224,1.111111111111111,Very Old
2682,1649.0,1,1.0,24,2000,3,2,1,Unfurnished,Riverside,5,5,538000.0,326.25833838690113,1.0,Moderate
2683,1635.0,2,1.4,17,2007,2,2,0,Semi-Furnished,OldTown,0,1,281600.0,172.23241590214067,1.4285714285714286,Moderate
2684,2166.0,3,2.2,13,2011,3,1,1,Fully Furnished,Riverside,0,1,643600.0,297.13758079409047,1.3636363636363635,Recent
2685,1968.0,5,3.6,32,1992,2,0,2,Semi-Furnished,Southside,5,3,462100.0,234.8069105691057,1.3888888888888888,Old
2686,1958.0,3,2.4,6,2018,4,2,0,Unfurnished,Greenfield,2,4,585800.0,299.1828396322778,1.25,Recent
2687,2035.0,3,2.1,33,1991,2,1,1,Unfurnished,Suburb_A,0,3,307000.0,150.85995085995086,1.4285714285714286,Old
2688,1032.0,4,2.8,0,2024,5,0,2,Unfurnished,Lakeside,0,2,614100.0,595.0581395348837,1.4285714285714286,New
2689,2178.0,3,2.3,19,2005,3,0,2,Fully Furnished,Riverside,4,1,1098200.0,504.2240587695133,1.3043478260869565,Moderate
2690,2106.0,2,1.5,13,2011,4,0,1,Fully Furnished,Northside,6,1,1034700.0,491.3105413105413,1.3333333333333333,Recent
2691,1292.0,3,2.2,94,1930,1,2,2,Fully Furnished,Greenfield,0,2,197400.0,152.78637770897834,1.3636363636363635,Very Old
2692,1678.0,2,1.7,50,1974,2,2,0,Fully Furnished,Northside,6,2,393100.0,234.26698450536352,1.1764705882352942,Old
2693,1780.0,5,4.0,20,2004,3,1,0,Semi-Furnished,Southside,0,2,431100.0,242.19101123595505,1.25,Moderate
2694,1733.0,2,1.5,5,2019,4,2,1,Semi-Furnished,Greenfield,1,2,436600.0,251.933064050779,1.3333333333333333,New
2695,1967.0,3,2.5,31,1993,2,1,1,Fully Furnished,Suburb_A,6,3,430600.0,218.91204880528724,1.2,Old
2696,2516.0,1,1.0,12,2012,4,2,1,Unfurnished,Suburb_A,5,3,611900.0,243.2034976152623,1.0,Recent
2697,2341.0,2,1.6,32,1992,2,1,2,Semi-Furnished,Suburb_A,0,1,327600.0,139.9401964972234,1.25,Old
2698,1144.0,4,3.2,69,1955,1,2,0,Unfurnished,Lakeside,0,2,288900.0,252.53496503496504,1.25,Very Old
2699,2111.0,2,1.1,37,1987,2,1,1,Semi-Furnished,Downtown,0,1,520200.0,246.42349597347228,1.8181818181818181,Old
2700,2464.0,2,1.9,38,1986,2,1,0,Semi-Furnished,Greenfield,7,1,695200.0,282.14285714285717,1.0526315789473684,Old
2701,1993.0,3,2.1,32,1992,2,2,1,Semi-Furnished,Suburb_A,0,3,309100.0,155.09282488710485,1.4285714285714286,Old
2702,2345.0,1,1.0,86,1938,1,0,1,Semi-Furnished,Riverside,0,3,364200.0,155.30916844349682,1.0,Very Old
2703,2806.0,2,1.9,87,1937,1,3,1,Semi-Furnished,Northside,0,3,425500.0,151.63934426229508,1.0526315789473684,Very Old
2704,2312.0,4,3.5,30,1994,2,1,1,Semi-Furnished,OldTown,2,1,397200.0,171.7993079584775,1.1428571428571428,Moderate
2705,1925.0,4,3.2,18,2006,3,1,2,Unfurnished,Southside,7,5,559800.0,290.8051948051948,1.25,Moderate
2706,2323.0,5,3.9,27,1997,4,1,0,Unfurnished,Suburb_A,0,1,557600.0,240.03443822643135,1.2820512820512822,Moderate
2707,1872.0,4,3.5,11,2013,3,0,2,Semi-Furnished,Riverside,3,4,661600.0,353.4188034188034,1.1428571428571428,Recent
2708,1812.0,3,2.6,38,1986,2,1,2,Fully Furnished,Riverside,0,2,443500.0,244.75717439293598,1.1538461538461537,Old
2709,1624.0,2,1.4,30,1994,2,2,1,Unfurnished,Suburb_A,2,1,256500.0,157.94334975369458,1.4285714285714286,Moderate
2710,2582.0,4,3.0,5,2019,4,3,0,Unfurnished,Suburb_A,0,1,775300.0,300.27110766847403,1.3333333333333333,New
2711,1391.0,4,2.6,11,2013,4,2,0,Semi-Furnished,Lakeside,0,1,652300.0,468.9432063263839,1.5384615384615383,Recent
2712,2566.0,4,3.2,28,1996,3,3,0,Unfurnished,Riverside,1,2,823700.0,321.0054559625877,1.25,Moderate
2713,2050.0,3,2.4,79,1945,1,1,0,Fully Furnished,OldTown,6,5,252000.0,122.92682926829268,1.25,Very Old
2714,1100.0,2,1.9,34,1990,2,1,1,Fully Furnished,Riverside,6,2,360900.0,328.09090909090907,1.0526315789473684,Old
2715,1984.0,4,3.3,41,1983,2,1,0,Fully Furnished,OldTown,2,3,302600.0,152.5201612903226,1.2121212121212122,Old
2716,750.0,4,3.6,20,2004,4,2,0,Fully Furnished,Lakeside,0,4,401600.0,535.4666666666667,1.1111111111111112,Moderate
2717,2113.0,5,3.8,34,1990,3,0,2,Semi-Furnished,Downtown,0,3,635400.0,300.7098911500237,1.3157894736842106,Old
2718,2243.0,2,1.9,26,1998,3,1,1,Fully Furnished,Northside,3,2,567900.0,253.18769505127062,1.0526315789473684,Moderate
2719,1504.0,2,1.4,39,1985,3,1,1,Unfurnished,OldTown,8,5,230400.0,153.19148936170214,1.4285714285714286,Old
2720,1862.0,2,1.8,2,2022,5,1,1,Semi-Furnished,Downtown,9,1,2003000.0,1075.7250268528464,1.1111111111111112,New
2721,2777.0,4,2.8,29,1995,3,0,3,Semi-Furnished,Suburb_B,5,2,542200.0,195.24666906733884,1.4285714285714286,Moderate
2722,1547.0,2,1.7,17,2007,2,1,0,Fully Furnished,Suburb_B,1,3,303600.0,196.2508080155139,1.1764705882352942,Moderate
2723,1988.3329002544165,2,1.0,19,2005,3,0,2,Semi-Furnished,Lakeside,5,1,590000.0,464.20141620771045,2.0,Moderate
2724,2541.0,5,3.9,92,1932,2,1,1,Fully Furnished,Greenfield,1,3,487600.0,191.89295552931915,1.2820512820512822,Very Old
2725,2781.0,1,1.0,10,2014,4,0,3,Unfurnished,Downtown,5,1,1473300.0,529.7734627831716,1.0,Recent
2726,1802.0,4,3.0,18,2006,3,0,3,Unfurnished,Downtown,0,1,628200.0,348.6126526082131,1.3333333333333333,Moderate
2727,2306.0,3,2.1,30,1994,2,1,0,Semi-Furnished,Southside,0,1,435500.0,188.8551604509974,1.4285714285714286,Moderate
2728,2471.0,4,3.5,74,1950,2,2,2,Fully Furnished,Hillview,0,5,567200.0,229.54269526507485,1.1428571428571428,Very Old
2729,1429.0,3,2.4,25,1999,3,2,1,Unfurnished,Lakeside,2,4,430900.0,301.53953813855844,1.25,Moderate
2730,1557.0,5,3.9,53,1971,2,2,1,Semi-Furnished,Suburb_B,4,1,390300.0,250.67437379576108,1.2820512820512822,Very Old
2731,2415.0,5,4.0,73,1951,1,2,1,Fully Furnished,Suburb_B,7,1,517600.0,214.3271221532091,1.25,Very Old
2732,2643.0,1,1.6,18,2006,3,2,1,Semi-Furnished,Riverside,7,2,1056800.0,399.84865682936055,0.625,Moderate
2733,2081.0,2,1.9,23,2001,3,2,1,Unfurnished,Southside,9,2,542600.0,260.7400288322922,1.0526315789473684,Moderate
2734,1360.0,2,1.9,21,2003,3,2,2,Fully Furnished,Suburb_A,0,4,310000.0,227.94117647058823,1.0526315789473684,Moderate
2735,2794.0,3,2.5,69,1955,1,3,1,Unfurnished,Northside,3,5,402000.0,143.87974230493916,1.2,Very Old
2736,1535.0,4,3.2,2,2022,5,1,2,Fully Furnished,Riverside,3,3,1008800.0,657.1986970684039,1.25,New
2737,1632.0,3,1.7,18,2006,3,1,0,Fully Furnished,Southside,7,2,563900.0,345.5269607843137,1.7647058823529411,Moderate
2738,1971.0,3,2.2,41,1983,2,1,2,Semi-Furnished,Suburb_B,0,1,268100.0,136.02232369355656,1.3636363636363635,Old
2739,2577.0,2,1.5,34,1990,2,1,0,Fully Furnished,Southside,0,1,399700.0,155.10283275126116,1.3333333333333333,Old
2740,2227.0,4,2.6,26,1998,3,0,2,Semi-Furnished,Greenfield,0,2,488200.0,219.21867983834755,1.5384615384615383,Moderate
2741,2007.0,5,3.7,32,1992,2,0,1,Fully Furnished,Northside,9,2,721900.0,359.6910812157449,1.3513513513513513,Old
2742,2032.0,2,1.0,11,2013,3,1,0,Semi-Furnished,Suburb_A,8,4,463800.0,228.248031496063,2.0,Recent
2743,1822.0,3,2.4,25,1999,3,1,0,Fully Furnished,Hillview,1,2,486500.0,267.0142700329308,1.25,Moderate
2744,2079.0,2,1.8,30,1994,2,2,0,Unfurnished,Lakeside,8,1,896100.0,431.02453102453103,1.1111111111111112,Moderate
2745,600.0,3,2.7,81,1943,1,0,3,Unfurnished,Downtown,0,2,147600.0,246.0,1.111111111111111,Very Old
2746,1652.0,3,2.5,15,2009,3,2,2,Unfurnished,Greenfield,0,5,429800.0,260.1694915254237,1.2,Recent
2747,1921.0,2,1.3,75,1949,1,2,1,Unfurnished,Downtown,6,3,440100.0,229.0994273815721,1.5384615384615383,Very Old
2748,1224.0,3,1.8,38,1986,3,2,2,Semi-Furnished,Southside,0,1,359600.0,293.7908496732026,1.6666666666666665,Old
2749,1993.0,3,1.9,0,2024,5,2,1,Semi-Furnished,Northside,0,4,879700.0,441.3948820873056,1.5789473684210527,New
2750,1698.0,3,2.0,49,1975,3,0,1,Unfurnished,Riverside,8,2,657400.0,387.16136631330977,1.5,Old
2751,2678.0,3,2.1,1,2023,4,2,0,Fully Furnished,OldTown,4,2,922900.0,344.62285287528005,1.4285714285714286,New
2752,2587.0,1,1.0,99,1925,1,3,1,Semi-Furnished,Downtown,9,2,648900.0,250.8310784692694,1.0,Very Old
2753,1567.0,4,2.9,76,1948,1,2,0,Unfurnished,Lakeside,0,2,310300.0,198.02169751116784,1.3793103448275863,Very Old
2754,1725.0,4,3.3,17,2007,3,1,0,Fully Furnished,Suburb_B,1,2,394800.0,228.8695652173913,1.2121212121212122,Moderate
2755,1763.0,3,2.3,15,2009,3,1,1,Unfurnished,Riverside,0,3,677200.0,384.1179807146909,1.3043478260869565,Recent
2756,1574.0,2,1.6,22,2002,3,2,1,Semi-Furnished,Riverside,8,2,646700.0,410.864040660737,1.25,Moderate
2757,1898.0,4,3.5,21,2003,3,2,0,Semi-Furnished,OldTown,0,1,348600.0,183.66701791359327,1.1428571428571428,Moderate
2758,1421.0,5,3.6,22,2002,3,2,2,Unfurnished,Southside,1,1,429100.0,301.9704433497537,1.3888888888888888,Moderate
2759,1235.0,2,1.7,19,2005,2,1,1,Semi-Furnished,Southside,0,4,242600.0,196.43724696356276,1.1764705882352942,Moderate
2760,2111.0,3,2.4,37,1987,2,1,1,Unfurnished,Suburb_B,7,3,429200.0,203.31596399810516,1.25,Old
2761,2115.0,2,1.5,9,2015,4,1,2,Unfurnished,Downtown,0,2,766000.0,362.17494089834514,1.3333333333333333,Recent
2762,1398.0,3,2.7,71,1953,1,0,2,Semi-Furnished,Lakeside,0,1,239100.0,171.03004291845494,1.111111111111111,Very Old
2763,2248.0,2,1.9,65,1959,1,2,1,Fully Furnished,Suburb_A,2,1,334300.0,148.7099644128114,1.0526315789473684,Very Old
2764,1484.0,3,2.1,28,1996,2,1,2,Fully Furnished,Hillview,1,2,364300.0,245.48517520215634,1.4285714285714286,Moderate
2765,1927.0,3,2.3,73,1951,1,0,1,Semi-Furnished,Riverside,0,1,403300.0,209.2890503373119,1.3043478260869565,Very Old
2766,2210.0,3,2.5,14,2010,4,2,1,Unfurnished,Northside,0,2,656300.0,296.9683257918552,1.2,Recent
2767,1783.0,3,2.3,0,2024,5,1,1,Fully Furnished,Greenfield,8,4,572200.0,320.9197980931015,1.3043478260869565,New
2768,2027.0,3,2.6,37,1987,2,2,1,Fully Furnished,Suburb_A,0,1,377900.0,186.43315244203256,1.1538461538461537,Old
2769,1542.0,3,2.5,27,1997,2,2,0,Fully Furnished,Greenfield,0,4,329500.0,213.6835278858625,1.2,Moderate
2770,1702.0,1,1.3,34,1990,2,2,2,Semi-Furnished,Southside,0,3,300300.0,176.4394829612221,0.7692307692307692,Old
2771,1697.0,2,1.1,81,1943,1,0,3,Unfurnished,OldTown,9,1,268600.0,158.27931644077785,1.8181818181818181,Very Old
2772,1427.0,4,3.2,94,1930,1,1,2,Fully Furnished,Suburb_B,0,3,199500.0,139.80378416257884,1.25,Very Old
2773,1712.0,2,1.3,38,1986,2,2,1,Fully Furnished,Suburb_B,7,1,460500.0,268.98364485981307,1.5384615384615383,Old
2774,1026.0,4,3.4,56,1968,2,2,0,Semi-Furnished,Suburb_A,8,3,218600.0,213.06042884990254,1.1764705882352942,Very Old
2775,1554.0,5,3.5,4,2020,4,1,0,Unfurnished,Downtown,1,1,814500.0,524.1312741312742,1.4285714285714286,New
2776,1658.0,2,1.7,9,2015,4,1,2,Unfurnished,Suburb_B,0,2,403400.0,243.30518697225574,1.1764705882352942,Recent
2777,1672.0,3,2.2,51,1973,1,0,2,Unfurnished,Southside,5,2,310900.0,185.94497607655504,1.3636363636363635,Very Old
2778,1679.0,3,2.2,25,1999,3,2,0,Fully Furnished,Greenfield,6,1,653100.0,388.9815366289458,1.3636363636363635,Moderate
2779,1769.0,4,2.8,26,1998,3,1,1,Semi-Furnished,Northside,7,1,661900.0,374.1661955907292,1.4285714285714286,Moderate
2780,2040.0,5,3.9,18,2006,3,0,1,Unfurnished,Northside,7,2,827500.0,405.6372549019608,1.2820512820512822,Moderate
2781,2237.0,4,3.5,36,1988,1,1,1,Unfurnished,Hillview,0,2,450700.0,201.47518998658919,1.1428571428571428,Old
2782,1475.0,2,1.6,10,2014,4,1,1,Semi-Furnished,Hillview,5,4,653800.0,443.2542372881356,1.25,Recent
2783,1198.0,3,2.6,37,1987,2,2,1,Unfurnished,Lakeside,0,1,296700.0,247.6627712854758,1.1538461538461537,Old
2784,1279.0,3,2.9,10,2014,3,0,1,Unfurnished,Suburb_A,3,2,323500.0,252.93197810789678,1.0344827586206897,Recent
2785,1556.0,3,2.5,3,2021,5,0,1,Semi-Furnished,Greenfield,4,2,718400.0,461.6966580976864,1.2,New
2786,1624.0,1,1.0,19,2005,3,1,0,Fully Furnished,Downtown,0,1,545700.0,336.0221674876847,1.0,Moderate
2787,1415.0,2,1.7,13,2011,4,1,1,Semi-Furnished,Hillview,0,3,521400.0,368.48056537102474,1.1764705882352942,Recent
2788,1152.0,4,3.0,79,1945,1,0,1,Unfurnished,Riverside,0,1,234900.0,203.90625,1.3333333333333333,Very Old
2789,1572.0,3,2.2,3,2021,5,1,0,Semi-Furnished,Suburb_B,2,3,498200.0,316.9211195928753,1.3636363636363635,New
2790,1891.0,3,1.9,10,2014,4,1,0,Unfurnished,Downtown,8,2,937400.0,495.71655208884187,1.5789473684210527,Recent
2791,2098.0,3,2.7,33,1991,2,2,1,Semi-Furnished,Hillview,3,1,719600.0,342.9933269780744,1.111111111111111,Old
2792,1521.0,4,3.1,29,1995,4,0,3,Fully Furnished,Greenfield,6,3,467900.0,307.6265614727153,1.2903225806451613,Moderate
2793,1594.0,4,3.3,2,2022,4,2,2,Fully Furnished,Downtown,0,2,851000.0,533.8770388958595,1.2121212121212122,New
2794,1337.0,2,1.3,0,2024,5,1,2,Unfurnished,Downtown,0,2,732700.0,548.0179506357517,1.5384615384615383,New
2795,1784.0,2,1.7,97,1927,1,0,2,Semi-Furnished,Greenfield,0,1,216200.0,121.18834080717488,1.1764705882352942,Very Old
2796,1376.0,2,1.4,39,1985,2,0,2,Fully Furnished,Hillview,0,1,298200.0,216.71511627906978,1.4285714285714286,Old
2797,2087.0,5,4.0,21,2003,3,1,0,Unfurnished,Greenfield,3,2,477200.0,228.65356971729756,1.25,Moderate
2798,907.0,3,2.7,28,1996,3,1,1,Semi-Furnished,OldTown,8,1,309800.0,341.56560088202866,1.111111111111111,Moderate
2799,1620.0,3,2.6,15,2009,3,1,1,Unfurnished,OldTown,2,2,313500.0,193.5185185185185,1.1538461538461537,Recent
2800,1951.0,3,2.4,20,2004,3,1,0,Semi-Furnished,Northside,3,3,669000.0,342.90107637109173,1.25,Moderate
2801,1892.0,3,1.9,39,1985,2,1,0,Fully Furnished,Northside,0,4,422700.0,223.41437632135307,1.5789473684210527,Old
2802,3147.0,5,4.9,78,1946,1,1,2,Semi-Furnished,Greenfield,0,3,370300.0,117.66761995551319,1.0204081632653061,Very Old
2803,1975.0,3,2.9,10,2014,4,0,1,Unfurnished,Northside,0,3,717800.0,363.44303797468353,1.0344827586206897,Recent
2804,1298.0,2,1.8,70,1954,2,1,1,Fully Furnished,Hillview,6,3,390600.0,300.924499229584,1.1111111111111112,Very Old
2805,1752.0,2,1.4,7,2017,4,2,0,Unfurnished,Northside,3,5,649300.0,370.60502283105023,1.4285714285714286,Recent
2806,912.0,3,2.4,12,2012,4,0,1,Fully Furnished,Suburb_A,0,1,262100.0,287.390350877193,1.25,Recent
2807,1760.0,5,3.8,1,2023,5,2,2,Semi-Furnished,Suburb_A,4,1,1062200.0,603.5227272727273,1.3157894736842106,New
2808,1383.0,3,2.8,8,2016,4,1,0,Semi-Furnished,Hillview,3,1,801700.0,579.6818510484454,1.0714285714285714,Recent
2809,2258.0,4,3.3,84,1940,1,2,1,Unfurnished,Suburb_B,0,2,256200.0,113.46324180690877,1.2121212121212122,Very Old
2810,1525.0,4,3.0,27,1997,3,0,2,Semi-Furnished,Suburb_A,5,1,400300.0,262.4918032786885,1.3333333333333333,Moderate
2811,1742.0,2,1.5,4,2020,5,2,1,Semi-Furnished,OldTown,6,1,808800.0,464.2939150401837,1.3333333333333333,New
2812,1482.0,1,1.1,92,1932,1,1,2,Unfurnished,Greenfield,0,2,198900.0,134.21052631578948,0.9090909090909091,Very Old
2813,2669.0,2,2.1,77,1947,1,1,1,Fully Furnished,OldTown,5,5,323600.0,121.2439115773698,0.9523809523809523,Very Old
2814,1639.0,4,3.7,55,1969,1,1,2,Fully Furnished,Hillview,0,5,326400.0,199.1458206223307,1.081081081081081,Very Old
2815,2716.0,2,1.8,87,1937,1,3,2,Fully Furnished,Northside,6,3,516100.0,190.0220913107511,1.1111111111111112,Very Old
2816,2207.0,3,2.3,13,2011,4,2,2,Semi-Furnished,Northside,8,2,972500.0,440.64340734028093,1.3043478260869565,Recent
2817,2041.0,3,1.4,70,1954,1,1,2,Semi-Furnished,Suburb_A,2,4,232300.0,113.81675649191573,2.142857142857143,Very Old
2818,1984.0,4,3.3,43,1981,2,0,2,Unfurnished,Southside,0,4,335800.0,169.2540322580645,1.2121212121212122,Old
2819,1997.0,2,1.6,76,1948,1,0,2,Semi-Furnished,Lakeside,2,5,410600.0,205.60841261892838,1.25,Very Old
2820,836.0,3,2.4,62,1962,1,0,2,Fully Furnished,Northside,0,3,194400.0,232.5358851674641,1.25,Very Old
2821,1661.0,3,2.4,20,2004,3,1,0,Unfurnished,Suburb_B,0,1,272300.0,163.93738711619505,1.25,Moderate
2822,2223.0,3,2.0,58,1966,1,1,0,Fully Furnished,Lakeside,5,1,732800.0,329.6446243814665,1.5,Very Old
2823,1776.0,4,3.4,15,2009,3,1,0,Unfurnished,OldTown,0,5,368900.0,207.71396396396398,1.1764705882352942,Recent
2824,1097.0,2,1.8,19,2005,3,1,1,Fully Furnished,Suburb_A,0,1,289500.0,263.90154968094805,1.1111111111111112,Moderate
2825,1774.0,4,3.4,6,2018,4,1,1,Fully Furnished,Hillview,6,1,1339600.0,755.129650507328,1.1764705882352942,Recent
2826,2652.0,3,2.7,88,1936,1,0,1,Semi-Furnished,Riverside,5,2,524700.0,197.85067873303169,1.111111111111111,Very Old
2827,2423.0,3,2.6,17,2007,3,0,2,Fully Furnished,Hillview,0,1,743700.0,306.93355344614116,1.1538461538461537,Moderate
2828,1769.0,3,2.3,31,1993,2,1,1,Fully Furnished,Suburb_B,5,5,363000.0,205.20067834934991,1.3043478260869565,Old
2829,2276.0,3,2.4,23,2001,3,0,2,Semi-Furnished,Hillview,9,1,1004400.0,441.3005272407733,1.25,Moderate
2830,1617.0,2,1.6,92,1932,1,2,0,Fully Furnished,Greenfield,0,1,200100.0,123.74768089053804,1.25,Very Old
2831,948.0,3,2.4,20,2004,3,2,0,Fully Furnished,Southside,2,5,304600.0,321.30801687763716,1.25,Moderate
2832,1338.0,3,2.7,59,1965,1,2,0,Fully Furnished,Suburb_B,6,2,219300.0,163.90134529147983,1.111111111111111,Very Old
2833,2581.0,3,2.6,73,1951,1,2,0,Semi-Furnished,Lakeside,5,4,561500.0,217.55133669120497,1.1538461538461537,Very Old
2834,1663.0,3,3.0,26,1998,3,2,1,Semi-Furnished,OldTown,0,2,279500.0,168.06975345760674,1.0,Moderate
2835,1678.0,5,4.7,22,2002,3,1,1,Fully Furnished,Suburb_A,0,3,422400.0,251.72824791418356,1.0638297872340425,Moderate
2836,1650.0,3,2.4,53,1971,1,1,0,Semi-Furnished,Greenfield,7,1,378200.0,229.21212121212122,1.25,Very Old
2837,2752.0,2,1.0,84,1940,1,1,0,Unfurnished,Downtown,9,2,1052652.5558208313,235.28343023255815,2.0,Very Old
2838,2613.0,3,2.8,55,1969,1,1,0,Semi-Furnished,Greenfield,6,1,498800.0,190.8916953693073,1.0714285714285714,Very Old
2839,2909.0,4,3.0,13,2011,3,1,2,Semi-Furnished,Downtown,9,5,1108800.0,381.16191130972845,1.3333333333333333,Recent
2840,1720.0,4,3.0,79,1945,2,1,0,Fully Furnished,Riverside,4,1,628000.0,365.1162790697674,1.3333333333333333,Very Old
2841,1948.0,3,2.3,23,2001,3,0,3,Semi-Furnished,Riverside,9,1,984300.0,505.28747433264886,1.3043478260869565,Moderate
2842,1042.0,4,3.1,34,1990,2,1,1,Unfurnished,Lakeside,5,4,339400.0,325.71976967370443,1.2903225806451613,Old
2843,2538.0,2,1.8,69,1955,2,1,0,Semi-Furnished,Suburb_A,8,2,514800.0,202.8368794326241,1.1111111111111112,Very Old
2844,1216.0,3,1.9,11,2013,4,2,2,Fully Furnished,Hillview,0,3,463100.0,380.8388157894737,1.5789473684210527,Recent
2845,1908.0,4,2.9,60,1964,1,1,1,Fully Furnished,Hillview,7,3,436700.0,228.87840670859538,1.3793103448275863,Very Old
2846,1251.0,4,3.3,36,1988,2,1,1,Unfurnished,OldTown,0,1,213800.0,170.90327737809753,1.2121212121212122,Old
2847,1506.0,3,2.6,80,1944,1,1,1,Unfurnished,Southside,0,1,170000.0,112.88180610889775,1.1538461538461537,Very Old
2848,1381.0,4,3.4,10,2014,4,2,1,Semi-Furnished,Downtown,3,5,827000.0,598.8414192614048,1.1764705882352942,Recent
2849,1496.0,2,1.4,25,1999,2,2,0,Fully Furnished,Riverside,0,1,453800.0,303.3422459893048,1.4285714285714286,Moderate
2850,1530.0,4,2.9,69,1955,2,1,0,Unfurnished,Suburb_A,0,2,197100.0,128.8235294117647,1.3793103448275863,Very Old
2851,1526.0,3,2.2,0,2024,5,1,2,Fully Furnished,OldTown,9,3,533300.0,349.475753604194,1.3636363636363635,New
2852,2217.0,2,1.7,6,2018,4,2,2,Semi-Furnished,Riverside,5,1,1330900.0,600.3157419936852,1.1764705882352942,Recent
2853,1248.0,2,2.0,98,1926,1,1,0,Unfurnished,OldTown,8,3,343612.7626331975,116.42628205128206,1.0,Very Old
2854,1910.0,3,1.8,16,2008,3,2,1,Semi-Furnished,Suburb_A,9,2,658300.0,344.65968586387436,1.6666666666666665,Moderate
2855,2409.0,2,1.5,95,1929,1,1,1,Fully Furnished,Riverside,1,4,479700.0,199.12826899128268,1.3333333333333333,Very Old
2856,1543.0,3,2.0,10,2014,4,2,0,Fully Furnished,Northside,0,1,573900.0,371.93778353856123,1.5,Recent
2857,1441.0,2,1.1,21,2003,3,2,1,Unfurnished,Lakeside,0,1,384200.0,266.6204024982651,1.8181818181818181,Moderate
2858,1685.0,2,1.9,54,1970,1,1,1,Semi-Furnished,Hillview,3,4,349300.0,207.29970326409494,1.0526315789473684,Very Old
2859,2390.0,3,2.6,39,1985,2,2,1,Unfurnished,Southside,4,2,560700.0,234.60251046025104,1.1538461538461537,Old
2860,1897.0,3,2.5,35,1989,1,0,1,Semi-Furnished,Northside,2,2,384000.0,202.42488139167105,1.2,Old
2861,1534.0,3,2.7,31,1993,2,2,0,Unfurnished,Northside,1,3,384600.0,250.71707953063884,1.111111111111111,Old
2862,2042.0,4,3.1,71,1953,1,2,1,Unfurnished,Greenfield,0,3,234600.0,114.8873653281097,1.2903225806451613,Very Old
2863,1249.0,4,3.1,13,2011,4,1,1,Semi-Furnished,Suburb_A,2,2,448200.0,358.8470776621297,1.2903225806451613,Recent
2864,2141.0,4,3.9,26,1998,3,1,1,Semi-Furnished,Greenfield,0,1,445600.0,208.12704343764597,1.0256410256410258,Moderate
2865,2004.0,3,2.3,9,2015,4,1,0,Semi-Furnished,Northside,8,3,912100.0,455.13972055888223,1.3043478260869565,Recent
2866,1646.0,4,3.4,36,1988,2,2,1,Semi-Furnished,Suburb_A,0,1,297200.0,180.55893074119078,1.1764705882352942,Old
2867,1381.0,2,1.6,14,2010,4,2,2,Semi-Furnished,Greenfield,1,5,309800.0,224.33019551049964,1.25,Recent
2868,1357.0,2,1.0,20,2004,3,1,0,Unfurnished,Greenfield,0,1,283400.0,208.84303610906412,2.0,Moderate
2869,2067.0,3,1.8,28,1996,3,2,1,Fully Furnished,Suburb_B,7,4,394100.0,190.6627963231737,1.6666666666666665,Moderate
2870,2414.0,4,3.0,1,2023,5,1,2,Semi-Furnished,Hillview,0,2,1853003.4549165291,431.6901408450704,1.3333333333333333,New
2871,1481.0,2,1.9,5,2019,3,1,0,Semi-Furnished,OldTown,0,1,292200.0,197.29912221471977,1.0526315789473684,New
2872,2029.0,2,1.8,42,1982,2,1,2,Fully Furnished,Southside,3,2,338500.0,166.83095120749138,1.1111111111111112,Old
2873,756.0,2,1.9,25,1999,3,1,0,Semi-Furnished,OldTown,8,1,236500.0,312.83068783068785,1.0526315789473684,Moderate
2874,1508.0,4,2.9,75,1949,1,0,1,Unfurnished,Suburb_B,8,1,325100.0,215.58355437665782,1.3793103448275863,Very Old
2875,1784.0,3,2.9,44,1980,2,1,0,Semi-Furnished,Hillview,0,1,363000.0,203.47533632286996,1.0344827586206897,Old
2876,1345.0,2,1.3,0,2024,5,1,0,Unfurnished,Suburb_A,6,4,475100.0,353.2342007434944,1.5384615384615383,New
2877,1332.0,3,2.5,37,1987,1,2,0,Unfurnished,Suburb_A,0,1,171400.0,128.67867867867866,1.2,Old
2878,1466.0,3,2.4,5,2019,4,0,1,Unfurnished,OldTown,0,5,348100.0,237.4488403819918,1.25,New
2879,1946.0,3,2.3,59,1965,1,1,0,Semi-Furnished,Southside,3,1,344000.0,176.77286742034943,1.3043478260869565,Very Old
2880,1706.0,2,2.0,98,1926,1,1,2,Fully Furnished,Lakeside,0,3,283600.0,166.23681125439626,1.0,Very Old
2881,681.0,4,3.0,32,1992,3,2,1,Semi-Furnished,Lakeside,7,4,346800.0,509.2511013215859,1.3333333333333333,Old
2882,740.0,3,2.0,41,1983,2,2,1,Fully Furnished,Riverside,9,5,243700.0,329.3243243243243,1.5,Old
2883,1497.0,3,2.4,14,2010,5,2,1,Unfurnished,Southside,0,1,548700.0,366.53306613226454,1.25,Recent
2884,2029.0,1,1.0,26,1998,3,2,1,Fully Furnished,Riverside,0,3,581500.0,286.5943814687038,1.0,Moderate
2885,600.0,3,3.4,73,1951,1,1,1,Fully Furnished,OldTown,2,1,152400.0,254.0,0.8823529411764706,Very Old
2886,1550.0,3,2.6,9,2015,4,1,0,Semi-Furnished,Suburb_B,4,2,1274246.9097135533,350.96774193548384,1.1538461538461537,Recent
2887,1537.0,3,2.3,15,2009,3,2,2,Semi-Furnished,Suburb_B,8,3,417300.0,271.5029277813923,1.3043478260869565,Recent
2888,2494.0,2,1.3,26,1998,3,2,1,Fully Furnished,OldTown,8,2,644800.0,258.54049719326383,1.5384615384615383,Moderate
2889,1607.0,4,2.6,47,1977,1,1,0,Fully Furnished,Suburb_B,5,2,211700.0,131.73615432482887,1.5384615384615383,Old
2890,1991.0,2,1.3,22,2002,3,2,1,Unfurnished,Suburb_A,0,1,386000.0,193.87242591662482,1.5384615384615383,Moderate
2891,1871.0,3,2.4,86,1938,1,2,1,Semi-Furnished,Lakeside,7,1,551300.0,294.65526456440404,1.25,Very Old
2892,735.0,4,3.6,5,2019,4,2,0,Fully Furnished,Suburb_B,0,1,304100.0,413.74149659863946,1.1111111111111112,New
2893,2184.0,3,2.7,22,2002,3,2,2,Semi-Furnished,Hillview,9,4,683700.0,313.04945054945057,1.111111111111111,Moderate
2894,1908.0,4,3.3,46,1978,2,1,1,Fully Furnished,Greenfield,0,1,320500.0,167.9769392033543,1.2121212121212122,Old
2895,2054.0,3,2.3,13,2011,4,1,1,Fully Furnished,Suburb_B,4,3,576700.0,280.7692307692308,1.3043478260869565,Recent
2896,3763.0,4,3.3,39,1985,2,2,1,Unfurnished,Northside,0,3,733200.0,194.84453893170343,1.2121212121212122,Old
2897,758.0,4,3.0,9,2015,4,1,2,Semi-Furnished,Southside,2,2,372400.0,491.2928759894459,1.3333333333333333,Recent
2898,2662.0,2,2.1,3,2021,5,1,0,Fully Furnished,Downtown,5,3,1732800.0,650.939143501127,0.9523809523809523,New
2899,1656.0,3,2.3,7,2017,4,1,1,Unfurnished,Greenfield,5,3,456300.0,275.54347826086956,1.3043478260869565,Recent
2900,1944.0,4,3.2,87,1937,1,1,0,Unfurnished,Riverside,7,2,592300.0,304.68106995884773,1.25,Very Old
2901,1777.0,3,1.7,33,1991,2,1,1,Fully Furnished,Greenfield,4,2,416500.0,234.38379290939787,1.7647058823529411,Old
2902,1588.0,3,2.3,62,1962,1,2,0,Semi-Furnished,Northside,0,5,271100.0,170.71788413098236,1.3043478260869565,Very Old
2903,1515.0,3,2.7,19,2005,3,0,1,Unfurnished,Northside,8,5,465900.0,307.5247524752475,1.111111111111111,Moderate
2904,1965.0,4,2.9,35,1989,2,1,2,Semi-Furnished,Downtown,7,3,627700.0,319.44020356234097,1.3793103448275863,Old
2905,1041.0,5,3.8,29,1995,3,1,1,Semi-Furnished,Southside,0,1,318700.0,306.147934678194,1.3157894736842106,Moderate
2906,2175.0,3,2.6,90,1934,1,1,0,Semi-Furnished,Riverside,7,2,545800.0,250.94252873563218,1.1538461538461537,Very Old
2907,1592.0,3,2.0,53,1971,1,2,1,Semi-Furnished,Greenfield,9,2,349000.0,219.2211055276382,1.5,Very Old
2908,1235.0,5,4.3,50,1974,1,2,1,Semi-Furnished,Southside,5,3,318100.0,257.57085020242914,1.1627906976744187,Old
2909,1575.0,2,1.4,2,2022,5,1,0,Semi-Furnished,Hillview,0,3,827900.0,525.6507936507936,1.4285714285714286,New
2910,2429.0,2,1.5,33,1991,2,2,0,Fully Furnished,Northside,4,2,522700.0,215.19143680526966,1.3333333333333333,Old
2911,1532.0,4,2.9,28,1996,3,1,2,Unfurnished,Greenfield,1,3,326900.0,213.38120104438642,1.3793103448275863,Moderate
2912,1979.0,4,3.3,86,1938,2,2,1,Fully Furnished,Suburb_B,5,1,492600.0,248.9135927235978,1.2121212121212122,Very Old
2913,1435.0,4,3.9,15,2009,3,1,0,Semi-Furnished,Greenfield,3,3,393100.0,273.93728222996515,1.0256410256410258,Recent
2914,2179.0,3,2.6,16,2008,3,2,2,Semi-Furnished,Southside,9,1,1050300.0,482.0100963744837,1.1538461538461537,Moderate
2915,2143.0,2,1.3,24,2000,3,1,1,Unfurnished,Lakeside,4,3,502600.0,234.53103126458237,1.5384615384615383,Moderate
2916,2724.0,3,2.7,14,2010,4,2,0,Semi-Furnished,Suburb_A,0,1,708900.0,260.24229074889865,1.111111111111111,Recent
2917,1712.0,2,1.5,7,2017,4,1,0,Unfurnished,Southside,6,1,650300.0,379.8481308411215,1.3333333333333333,Recent
2918,2134.0,2,2.0,73,1951,1,1,0,Fully Furnished,Suburb_B,0,1,210500.0,98.64104967197751,1.0,Very Old
2919,1849.0,4,3.4,33,1991,2,2,2,Semi-Furnished,Hillview,0,5,420800.0,227.5824770146025,1.1764705882352942,Old
2920,2448.0,2,1.0,74,1950,1,0,2,Unfurnished,Hillview,1,3,368300.0,150.44934640522877,2.0,Very Old
2921,1441.0,4,2.9,69,1955,1,1,0,Unfurnished,Greenfield,0,2,162600.0,112.8383067314365,1.3793103448275863,Very Old
2922,2173.0,3,2.7,16,2008,3,2,2,Semi-Furnished,Hillview,9,3,773900.0,356.14358030372756,1.111111111111111,Moderate
2923,1703.0,3,2.4,33,1991,2,1,0,Semi-Furnished,Northside,3,3,452400.0,265.64885496183206,1.25,Old
2924,1768.0,2,1.3,4,2020,5,2,1,Fully Furnished,Lakeside,6,3,1150000.0,650.4524886877828,1.5384615384615383,New
2925,1846.0,3,2.2,84,1940,1,0,2,Semi-Furnished,Lakeside,0,2,352700.0,191.0617551462622,1.3636363636363635,Very Old
2926,1926.0,2,1.0,24,2000,3,1,1,Semi-Furnished,OldTown,6,1,433500.0,225.0778816199377,2.0,Moderate
2927,1742.0,5,4.0,23,2001,3,2,0,Fully Furnished,OldTown,4,1,518200.0,297.47416762342135,1.25,Moderate
2928,1907.0,4,3.9,18,2006,3,1,0,Unfurnished,Downtown,2,1,809500.0,424.488725747247,1.0256410256410258,Moderate
2929,2589.0,3,2.6,27,1997,3,0,1,Unfurnished,Suburb_B,9,3,509900.0,196.94862881421398,1.1538461538461537,Moderate
2930,2293.0,2,2.3,15,2009,3,2,1,Fully Furnished,Hillview,3,1,946900.0,412.9524640209333,0.8695652173913044,Recent
2931,2235.0,5,4.3,22,2002,3,1,1,Semi-Furnished,Hillview,5,2,661900.0,296.15212527964206,1.1627906976744187,Moderate
2932,1572.0,3,2.7,63,1961,1,2,1,Unfurnished,Downtown,0,2,806793.417011633,211.06870229007635,1.111111111111111,Very Old
2933,1355.0,2,2.2,69,1955,1,2,1,Fully Furnished,Suburb_A,0,1,179800.0,132.69372693726936,0.9090909090909091,Very Old
2934,2278.0,3,2.5,18,2006,3,0,2,Semi-Furnished,Southside,8,5,630800.0,276.9095697980685,1.2,Moderate
2935,2238.0,5,3.9,28,1996,2,2,1,Semi-Furnished,Greenfield,6,5,510100.0,227.92672028596962,1.2820512820512822,Moderate
2936,2536.0,1,1.1,76,1948,1,2,1,Fully Furnished,Downtown,3,1,675300.0,266.2854889589905,0.9090909090909091,Very Old
2937,2353.0713254727048,2,2.0,2,2022,5,1,1,Semi-Furnished,Southside,8,4,686200.0,458.0774365821095,1.0,New
2938,1685.0,5,3.9,79,1945,1,2,1,Unfurnished,Lakeside,3,2,349600.0,207.47774480712167,1.2820512820512822,Very Old
2939,980.0,2,1.4,13,2011,4,2,0,Semi-Furnished,Downtown,4,3,555700.0,567.0408163265306,1.4285714285714286,Recent
2940,1604.0,2,1.6,41,1983,2,2,0,Semi-Furnished,Hillview,1,1,312400.0,194.76309226932668,1.25,Old
2941,2298.0,3,2.6,35,1989,3,2,0,Semi-Furnished,Greenfield,4,1,691900.0,301.08790252393385,1.1538461538461537,Old
2942,1567.0,4,3.4,33,1991,1,1,2,Unfurnished,OldTown,0,4,167300.0,106.76451818761966,1.1764705882352942,Old
2943,2120.0,3,2.0,74,1950,1,1,1,Unfurnished,Suburb_B,1,4,250700.0,118.25471698113208,1.5,Very Old
2944,1705.0,5,4.6,5,2019,3,1,1,Fully Furnished,Suburb_B,9,2,764100.0,448.1524926686217,1.0869565217391306,New
2945,1962.0,3,2.2,20,2004,3,1,0,Unfurnished,Downtown,0,4,476300.0,242.7624872579001,1.3636363636363635,Moderate
2946,1226.0,2,1.5,32,1992,2,1,0,Fully Furnished,Suburb_B,0,3,219300.0,178.87438825448612,1.3333333333333333,Old
2947,1843.0,5,3.7,65,1959,1,2,2,Fully Furnished,Lakeside,0,1,436100.0,236.62506782419968,1.3513513513513513,Very Old
2948,600.0,3,3.2,12,2012,5,1,2,Semi-Furnished,Hillview,0,2,369900.0,616.5,0.9375,Recent
2949,1707.0,2,1.7,63,1961,2,2,0,Semi-Furnished,Suburb_B,2,1,287300.0,168.306971294669,1.1764705882352942,Very Old
2950,985.0,3,2.1,24,2000,3,2,1,Semi-Furnished,Riverside,0,3,313000.0,317.7664974619289,1.4285714285714286,Moderate
2951,2403.0,3,2.7,11,2013,4,0,2,Semi-Furnished,Lakeside,4,5,926400.0,385.51810237203495,1.111111111111111,Recent
2952,2189.0,2,1.8,55,1969,1,1,0,Fully Furnished,Lakeside,4,2,578600.0,264.321608040201,1.1111111111111112,Very Old
2953,2033.0,1,1.0,5,2019,4,1,1,Fully Furnished,Northside,6,3,755900.0,371.8150516478111,1.0,New
2954,2561.0,3,2.7,31,1993,2,1,1,Semi-Furnished,OldTown,9,3,481100.0,187.8563061304178,1.111111111111111,Old
2955,1326.0,4,3.0,3,2021,4,2,1,Fully Furnished,Downtown,4,1,1297600.0,978.5822021116139,1.3333333333333333,New
2956,2674.0,3,2.3,21,2003,3,1,0,Fully Furnished,Suburb_A,0,2,484100.0,181.03964098728497,1.3043478260869565,Moderate
2957,2266.0,5,3.4,36,1988,2,2,0,Fully Furnished,Lakeside,0,2,567600.0,250.48543689320388,1.4705882352941178,Old
2958,1682.0,2,1.2,33,1991,2,2,0,Unfurnished,Suburb_B,7,2,284600.0,169.20332936979787,1.6666666666666667,Old
2959,2368.0,2,2.1,24,2000,4,1,0,Unfurnished,Greenfield,5,4,580100.0,244.97466216216216,0.9523809523809523,Moderate
2960,1247.0,2,2.1,25,1999,4,2,1,Fully Furnished,Hillview,0,1,398000.0,319.16599839615077,0.9523809523809523,Moderate
2961,1388.0,2,1.6,13,2011,4,0,3,Fully Furnished,Suburb_A,0,2,368800.0,265.7060518731989,1.25,Recent
2962,1496.0,2,2.1,27,1997,3,0,2,Semi-Furnished,OldTown,6,3,344400.0,230.2139037433155,0.9523809523809523,Moderate
2963,1536.0,4,3.2,91,1933,2,0,2,Unfurnished,Lakeside,4,1,498800.0,324.7395833333333,1.25,Very Old
2964,1272.0,5,3.9,72,1952,1,1,1,Fully Furnished,Hillview,4,2,324400.0,255.0314465408805,1.2820512820512822,Very Old
2965,2412.0,5,4.0,8,2016,4,1,1,Unfurnished,OldTown,0,1,584400.0,242.28855721393035,1.25,Recent
2966,1671.0,2,1.6,1,2023,5,2,1,Semi-Furnished,Hillview,5,2,973900.0,582.8246558946738,1.25,New
2967,1976.0,4,3.1,87,1937,1,1,0,Unfurnished,Southside,6,3,347200.0,175.7085020242915,1.2903225806451613,Very Old
2968,1515.0,3,2.7,31,1993,2,1,0,Fully Furnished,Suburb_B,8,1,563700.0,372.0792079207921,1.111111111111111,Old
2969,890.0,2,1.6,32,1992,2,1,0,Unfurnished,Greenfield,6,4,190900.0,214.4943820224719,1.25,Old
2970,1935.0,4,3.4,59,1965,2,1,0,Semi-Furnished,Riverside,4,2,655400.0,338.7080103359173,1.1764705882352942,Very Old
2971,844.0,3,2.7,18,2006,3,1,0,Unfurnished,Hillview,5,1,468200.0,554.739336492891,1.111111111111111,Moderate
2972,1766.0,2,1.7,29,1995,3,1,0,Semi-Furnished,Hillview,3,2,491400.0,278.2559456398641,1.1764705882352942,Moderate
2973,1116.0,3,2.1,94,1930,1,1,1,Semi-Furnished,Lakeside,0,4,282000.0,252.68817204301075,1.4285714285714286,Very Old
2974,2794.0,2,1.2,40,1984,2,1,2,Unfurnished,Downtown,8,1,1040200.0,372.2977809591983,1.6666666666666667,Old
2975,2256.0,4,3.2,9,2015,4,1,0,Unfurnished,OldTown,3,2,537900.0,238.43085106382978,1.25,Recent
2976,1853.0,3,2.3,7,2017,4,2,2,Semi-Furnished,Southside,4,3,854400.0,461.0901241230437,1.3043478260869565,Recent
2977,2432.0,5,4.0,12,2012,4,0,3,Semi-Furnished,Suburb_A,9,2,841800.0,346.13486842105266,1.25,Recent
2978,1377.0,2,1.6,57,1967,1,2,1,Unfurnished,Riverside,9,1,434400.0,315.4684095860566,1.25,Very Old
2979,2072.0,3,3.2,17,2007,3,1,1,Unfurnished,Suburb_B,4,2,455700.0,219.93243243243242,0.9375,Moderate
2980,1900.0,3,2.0,0,2024,5,1,2,Fully Furnished,Hillview,0,4,1004400.0,528.6315789473684,1.5,New
2981,1932.0,3,1.8,89,1935,1,1,0,Semi-Furnished,Downtown,1,5,419800.0,217.28778467908901,1.6666666666666665,Very Old
2982,2436.0,3,2.5,10,2014,4,1,0,Unfurnished,Northside,9,1,998700.0,409.97536945812806,1.2,Recent
2983,2166.0,4,3.1,0,2024,4,1,0,Semi-Furnished,Lakeside,0,2,1095500.0,505.7710064635272,1.2903225806451613,New
2984,1944.0,4,3.3,14,2010,4,2,1,Unfurnished,Lakeside,9,1,1343800.0,691.2551440329219,1.2121212121212122,Recent
2985,973.0,5,4.2,14,2010,4,1,2,Unfurnished,Riverside,0,3,466500.0,479.44501541623845,1.1904761904761905,Recent
2986,1320.0,4,3.6,25,1999,3,2,1,Unfurnished,Riverside,4,1,727300.0,550.9848484848485,1.1111111111111112,Moderate
2987,1739.0,4,2.7,85,1939,1,1,1,Unfurnished,Downtown,3,1,464000.0,266.82001150086256,1.4814814814814814,Very Old
2988,1847.0,3,2.2,77,1947,1,1,1,Unfurnished,Northside,0,3,287900.0,155.87439090416893,1.3636363636363635,Very Old
2989,1235.0,4,3.3,27,1997,3,1,2,Unfurnished,Northside,9,1,662600.0,536.5182186234817,1.2121212121212122,Moderate
2990,3006.0,4,3.4,24,2000,2,2,1,Unfurnished,Riverside,4,2,917400.0,305.18962075848304,1.1764705882352942,Moderate
2991,2558.0,3,3.1,33,1991,2,3,0,Fully Furnished,Southside,0,5,625200.0,244.40969507427678,0.9677419354838709,Old
2992,2101.0,3,2.7,14,2010,4,2,2,Fully Furnished,Southside,1,5,522000.0,248.4531175630652,1.111111111111111,Recent
2993,1836.0,3,2.4,2,2022,5,2,0,Semi-Furnished,Riverside,6,1,1707800.0,930.1742919389978,1.25,New
2994,1694.0,2,1.3,88,1936,1,1,0,Unfurnished,Greenfield,0,2,226800.0,133.88429752066116,1.5384615384615383,Very Old
2995,1324.0,5,3.8,11,2013,4,1,0,Semi-Furnished,Riverside,8,2,890400.0,672.5075528700906,1.3157894736842106,Recent
2996,1839.0,3,2.2,11,2013,4,2,1,Fully Furnished,Downtown,0,2,783200.0,425.8836324089179,1.3636363636363635,Recent
2997,1929.0,2,1.8,28,1996,3,1,1,Semi-Furnished,Northside,0,5,409100.0,212.07879730430275,1.1111111111111112,Moderate
2998,1179.0,3,2.5,29,1995,4,2,0,Unfurnished,Suburb_A,0,3,350000.0,296.86174724342663,1.2,Moderate
2999,1967.0,2,1.2,0,2024,5,1,1,Unfurnished,Lakeside,0,3,1945157.9602964357,418.60701576004067,1.6666666666666667,New
3000,1722.0,2,1.5,8,2016,4,2,1,Unfurnished,Riverside,0,1,773700.0,449.30313588850174,1.3333333333333333,Recent
